{"config_name": "recursive_grid_FTMUSDT_309days",
 "logging_level": 0,
 "long": {"auto_unstuck_ema_dist": 0.0006073873278218067,
          "auto_unstuck_wallet_exposure_threshold": 0.048482501018106486,
          "backwards_tp": true,
          "ddown_factor": 2.982602237670834,
          "ema_span_0": 481.4269575946814,
          "ema_span_1": 1440,
          "enabled": true,
          "initial_eprice_ema_dist": -0.09583187609189957,
          "initial_qty_pct": 0.08518096876947183,
          "markup_range": 0.03676013373054531,
          "min_markup": 0.06,
          "n_close_orders": 11,
          "rentry_pprice_dist": 0.007222249987359804,
          "rentry_pprice_dist_wallet_exposure_weighting": 7.15423630288358,
          "wallet_exposure_limit": 0.19626510927214053},
 "short": {"auto_unstuck_ema_dist": 0.09643343214628064,
           "auto_unstuck_wallet_exposure_threshold": 0.5876977572826745,
           "backwards_tp": true,
           "ddown_factor": 1.2330527601287347,
           "ema_span_0": 2777.609370080253,
           "ema_span_1": 5657.4066860566945,
           "enabled": true,
           "initial_eprice_ema_dist": -0.028447070527131996,
           "initial_qty_pct": 0.07874000151235006,
           "markup_range": 0.023653804711372284,
           "min_markup": 0.05434709403019542,
           "n_close_orders": 10,
           "rentry_pprice_dist": 0.033756772687643426,
           "rentry_pprice_dist_wallet_exposure_weighting": 87.42696407320453,
           "wallet_exposure_limit": 0.12089546297210704}}