{"config_name": "recursive_grid_KNCUSDT_309days",
 "logging_level": 0,
 "long": {"auto_unstuck_ema_dist": 0.07485333848800155,
          "auto_unstuck_wallet_exposure_threshold": 0.9591397939753021,
          "backwards_tp": true,
          "ddown_factor": 2.571356947775591,
          "ema_span_0": 3809.8071387195687,
          "ema_span_1": 4340.97910522011,
          "enabled": true,
          "initial_eprice_ema_dist": -0.057736020302129785,
          "initial_qty_pct": 0.05136159953735542,
          "markup_range": 0.0330808365776619,
          "min_markup": 0.06,
          "n_close_orders": 11,
          "rentry_pprice_dist": 0.019371419517097914,
          "rentry_pprice_dist_wallet_exposure_weighting": 66.57368461610429,
          "wallet_exposure_limit": 0.2},
 "short": {"auto_unstuck_ema_dist": 0.027965268929709537,
           "auto_unstuck_wallet_exposure_threshold": 0.7179541750556786,
           "backwards_tp": true,
           "ddown_factor": 1.0915598252267324,
           "ema_span_0": 3770.4907376576098,
           "ema_span_1": 9631.053597133938,
           "enabled": true,
           "initial_eprice_ema_dist": -0.02471295768324699,
           "initial_qty_pct": 0.059535744844434274,
           "markup_range": 0.04268389379626204,
           "min_markup": 0.02966138365280964,
           "n_close_orders": 10,
           "rentry_pprice_dist": 0.023907597181726584,
           "rentry_pprice_dist_wallet_exposure_weighting": 30.936984763869845,
           "wallet_exposure_limit": 0.19571531199641068}}