{"config_name": "recursive_grid_NEARUSDT_309days",
 "logging_level": 0,
 "long": {"auto_unstuck_ema_dist": 0,
          "auto_unstuck_wallet_exposure_threshold": 0.00018197814579742943,
          "backwards_tp": true,
          "ddown_factor": 2.1423944078180246,
          "ema_span_0": 385.0329997530497,
          "ema_span_1": 1489.2141184111165,
          "enabled": true,
          "initial_eprice_ema_dist": -0.08674663504880892,
          "initial_qty_pct": 0.06249371818413853,
          "markup_range": 0.06,
          "min_markup": 0.06,
          "n_close_orders": 7,
          "rentry_pprice_dist": 0.005,
          "rentry_pprice_dist_wallet_exposure_weighting": 6.295297113025413,
          "wallet_exposure_limit": 0.19787069569401844},
 "short": {"auto_unstuck_ema_dist": 0.028802539430505876,
           "auto_unstuck_wallet_exposure_threshold": 0.817794388340687,
           "backwards_tp": true,
           "ddown_factor": 2.7182685487791827,
           "ema_span_0": 4083.3934353285654,
           "ema_span_1": 7115.606847000855,
           "enabled": true,
           "initial_eprice_ema_dist": -0.001853188817543139,
           "initial_qty_pct": 0.09325785314308435,
           "markup_range": 0.014471453315842375,
           "min_markup": 0.04061481141011903,
           "n_close_orders": 13,
           "rentry_pprice_dist": 0.03652452165715589,
           "rentry_pprice_dist_wallet_exposure_weighting": 83.75410048695252,
           "wallet_exposure_limit": 0.17341796428181216}}