{"config_name": "recursive_grid_SANDUSDT_309days",
 "logging_level": 0,
 "long": {"auto_unstuck_ema_dist": 0.018376625962668314,
          "auto_unstuck_wallet_exposure_threshold": 0.0567871551595289,
          "backwards_tp": false,
          "ddown_factor": 2.806535385461205,
          "ema_span_0": 1134.6192983921026,
          "ema_span_1": 1440,
          "enabled": true,
          "initial_eprice_ema_dist": -0.0013830868219672342,
          "initial_qty_pct": 0.0635374675486668,
          "markup_range": 0.053310958005916766,
          "min_markup": 0.05373771565191672,
          "n_close_orders": 12,
          "rentry_pprice_dist": 0.006380990973474848,
          "rentry_pprice_dist_wallet_exposure_weighting": 22.072353311186024,
          "wallet_exposure_limit": 0.19801608120373926},
 "short": {"auto_unstuck_ema_dist": 0.0845896633599794,
           "auto_unstuck_wallet_exposure_threshold": 0.8922439136382677,
           "backwards_tp": false,
           "ddown_factor": 1.0987428964407904,
           "ema_span_0": 470.29971047951824,
           "ema_span_1": 4142.779317440225,
           "enabled": true,
           "initial_eprice_ema_dist": -0.06113589545845973,
           "initial_qty_pct": 0.08235972177876379,
           "markup_range": 0.005,
           "min_markup": 0.05874316284315928,
           "n_close_orders": 9,
           "rentry_pprice_dist": 0.04854856930933953,
           "rentry_pprice_dist_wallet_exposure_weighting": 20.640309244772943,
           "wallet_exposure_limit": 0.18398391773742934}}