{"config_name": "recursive_grid_SOLUSDT_309days",
 "logging_level": 0,
 "long": {"auto_unstuck_ema_dist": 0.05928000630000408,
          "auto_unstuck_wallet_exposure_threshold": 0.07892529456440875,
          "backwards_tp": true,
          "ddown_factor": 0.40818582218862487,
          "ema_span_0": 3738.1847390374596,
          "ema_span_1": 2877.813174995758,
          "enabled": true,
          "initial_eprice_ema_dist": -0.057816482457769325,
          "initial_qty_pct": 0.05906781308687184,
          "markup_range": 0.04547385391136924,
          "min_markup": 0.04762374146986574,
          "n_close_orders": 11,
          "rentry_pprice_dist": 0.008594346809214408,
          "rentry_pprice_dist_wallet_exposure_weighting": 0,
          "wallet_exposure_limit": 0.19514345915093012},
 "short": {"auto_unstuck_ema_dist": 0.06102482413981194,
           "auto_unstuck_wallet_exposure_threshold": 0.4555260220482797,
           "backwards_tp": true,
           "ddown_factor": 1.4118206690521768,
           "ema_span_0": 985.7011467124653,
           "ema_span_1": 1440,
           "enabled": true,
           "initial_eprice_ema_dist": -0.0957196972105057,
           "initial_qty_pct": 0.07020973294427144,
           "markup_range": 0.05549878215587339,
           "min_markup": 0.04285251668012019,
           "n_close_orders": 11,
           "rentry_pprice_dist": 0.03399616388864301,
           "rentry_pprice_dist_wallet_exposure_weighting": 32.83717961635082,
           "wallet_exposure_limit": 0.1878621071295309}}