{"config_name": "recursive_grid_ATAUSDT_120days",
 "logging_level": 0,
 "long": {"auto_unstuck_delay_minutes": 0.0,
          "auto_unstuck_ema_dist": 0.0019268963804528361,
          "auto_unstuck_qty_pct": 0.0,
          "auto_unstuck_wallet_exposure_threshold": 0.030404497651663875,
          "backwards_tp": true,
          "ddown_factor": 2.558714598388395,
          "ema_span_0": 1281.7667829870104,
          "ema_span_1": 806.6981198930564,
          "enabled": true,
          "initial_eprice_ema_dist": -0.0015743916886450326,
          "initial_qty_pct": 0.010125072975776256,
          "markup_range": 0.003274619682015082,
          "min_markup": 0.002950448104438204,
          "n_close_orders": 13,
          "rentry_pprice_dist": 0.04338538257633264,
          "rentry_pprice_dist_wallet_exposure_weighting": 4.773410742213492,
          "wallet_exposure_limit": 0.1333},
 "short": {"auto_unstuck_delay_minutes": 0.0,
           "auto_unstuck_ema_dist": 0.0023080397917343335,
           "auto_unstuck_qty_pct": 0.0,
           "auto_unstuck_wallet_exposure_threshold": 0.050725403294544044,
           "backwards_tp": true,
           "ddown_factor": 0.9291368563682381,
           "ema_span_0": 39.95660882874237,
           "ema_span_1": 1378.2420464469074,
           "enabled": false,
           "initial_eprice_ema_dist": -0.0007291328750041017,
           "initial_qty_pct": 0.01144437243958293,
           "markup_range": 0.004588318514870766,
           "min_markup": 0.005696230345457032,
           "n_close_orders": 4,
           "rentry_pprice_dist": 0.020343632875482194,
           "rentry_pprice_dist_wallet_exposure_weighting": 1.8514205218629511,
           "wallet_exposure_limit": 0.0}}