{"config_name": "clock_ETCUSDT_120days",
 "long": {"backwards_tp": true,
          "delay_between_fills_minutes_close": 348.1876990703977,
          "delay_between_fills_minutes_entry": 999.9044076054713,
          "delay_weight_close": 73.12506267160974,
          "delay_weight_entry": 25.053559919954402,
          "ema_dist_close": -0.04122597041464133,
          "ema_dist_entry": 0.01108002574826974,
          "ema_span_0": 77.66601348622136,
          "ema_span_1": 33.71326538596229,
          "enabled": true,
          "markup_range": 0.08577770988544516,
          "min_markup": 0.02948969634010851,
          "n_close_orders": 3,
          "qty_pct_close": 0.174083645825864,
          "qty_pct_entry": 0.05302591219574117,
          "wallet_exposure_limit": 0.1333,
          "we_multiplier_close": 0.5785552350624579,
          "we_multiplier_entry": 77.42070451685458},
 "short": {"backwards_tp": true,
           "delay_between_fills_minutes_close": 1172.0,
           "delay_between_fills_minutes_entry": 1351.0,
           "delay_weight_close": 2.832,
           "delay_weight_entry": 15.12,
           "ema_dist_close": 0.005519,
           "ema_dist_entry": 0.004033,
           "ema_span_0": 1251.0,
           "ema_span_1": 1830.0,
           "enabled": false,
           "markup_range": 0.06225,
           "min_markup": 0.06723,
           "n_close_orders": 5,
           "qty_pct_close": 0.06165,
           "qty_pct_entry": 0.01561,
           "wallet_exposure_limit": 0.0,
           "we_multiplier_close": 9.278,
           "we_multiplier_entry": 49.73}}