{"config_name": "long&shrt_binance_atomusdt_19days_adg2.933%_bkr6.01%_eqbal31.53%",
 "logging_level": 0,
 "long": {"enabled": true,
          "eprice_exp_base": 1.618034,
          "eprice_pprice_diff": 0.005497454930987418,
          "grid_span": 0.15970063130564713,
          "initial_qty_pct": 0.0606388580702107,
          "markup_range": 0.004583043772264468,
          "max_n_entry_orders": 10,
          "min_markup": 0.004614665602174567,
          "n_close_orders": 7,
          "pbr_limit": 0.2,
          "secondary_pbr_allocation": 0.5,
          "secondary_pprice_diff": 0.3306200998440888},
 "shrt": {"enabled": true,
          "eprice_exp_base": 1.618034,
          "eprice_pprice_diff": 0.007799262597569601,
          "grid_span": 0.06792859407279692,
          "initial_qty_pct": 0.009261099849583674,
          "markup_range": 0.009492568845731278,
          "max_n_entry_orders": 10,
          "min_markup": 0.002967050948498316,
          "n_close_orders": 7,
          "pbr_limit": 1.4644757535447244,
          "secondary_pbr_allocation": 0,
          "secondary_pprice_diff": 0.26399691339739245}}