{"config_name": "long&shrt_binance_xtzusdt_6days_adg1.995%_bkr6.24%_eqbal16.21%",
 "logging_level": 0,
 "long": {"enabled": true,
          "eprice_exp_base": 1.618034,
          "eprice_pprice_diff": 0.00960810479094737,
          "grid_span": 0.1373515418843268,
          "initial_qty_pct": 0.06324591266829943,
          "markup_range": 0.008727477733497711,
          "max_n_entry_orders": 10,
          "min_markup": 0.004768037798260034,
          "n_close_orders": 7,
          "pbr_limit": 0.2,
          "secondary_pbr_allocation": 0.5,
          "secondary_pprice_diff": 0.40785749560483325},
 "shrt": {"enabled": true,
          "eprice_exp_base": 1.618034,
          "eprice_pprice_diff": 0.008631551441319022,
          "grid_span": 0.07281599990841758,
          "initial_qty_pct": 0.08038338486103747,
          "markup_range": 0.0054413031320729,
          "max_n_entry_orders": 10,
          "min_markup": 0.004450800927844744,
          "n_close_orders": 7,
          "pbr_limit": 1.8425783531377993,
          "secondary_pbr_allocation": 0,
          "secondary_pprice_diff": 0.3735882927249146}}