{"config_name": "recursive_grid_1000XECUSDT_200days",
 "logging_level": 0,
 "long": {"auto_unstuck_ema_dist": 0.03516294815378003,
          "auto_unstuck_wallet_exposure_threshold": 0.7171570946143233,
          "ddown_factor": 1.588408483312652,
          "ema_span_0": 639.7137923352461,
          "ema_span_1": 3650.8334910848985,
          "enabled": true,
          "initial_eprice_ema_dist": -0.03180315119940818,
          "initial_qty_pct": 0.08006746578277604,
          "markup_range": 0.03090408726117698,
          "min_markup": 0.028740693986904396,
          "n_close_orders": 6,
          "rentry_pprice_dist": 0.025431102378490927,
          "rentry_pprice_dist_wallet_exposure_weighting": 17.214160761413012,
          "wallet_exposure_limit": 0.16407343001020047},
 "short": {"auto_unstuck_ema_dist": 0.06703934234916507,
           "auto_unstuck_wallet_exposure_threshold": 0.4227311179857038,
           "ddown_factor": 2.729928095554033,
           "ema_span_0": 844.9906075689296,
           "ema_span_1": 1628.1805034773586,
           "enabled": true,
           "initial_eprice_ema_dist": -0.010103016195369777,
           "initial_qty_pct": 0.06051261357737916,
           "markup_range": 0.03094586708729024,
           "min_markup": 0.009701830003777704,
           "n_close_orders": 5,
           "rentry_pprice_dist": 0.039954420844495506,
           "rentry_pprice_dist_wallet_exposure_weighting": 69.31407613858433,
           "wallet_exposure_limit": 0.1997517488503993}}