{"config_name": "static_grid_1000XECUSDT_171days",
 "logging_level": 0,
 "long": {"auto_unstuck_ema_dist": 0.008175340934795685,
          "auto_unstuck_wallet_exposure_threshold": 0.18452430474127313,
          "ema_span_0": 1702.4711686900857,
          "ema_span_1": 2260.9210202633503,
          "enabled": true,
          "eprice_exp_base": 1.1696374108972838,
          "eprice_pprice_diff": 0.01912810635142047,
          "grid_span": 0.11982203143349983,
          "initial_eprice_ema_dist": -0.004970158775018834,
          "initial_qty_pct": 0.0882396714382015,
          "markup_range": 0.035597339320048674,
          "max_n_entry_orders": 10,
          "min_markup": 0.04076734854811634,
          "n_close_orders": 11,
          "secondary_allocation": 0.30360885032619084,
          "secondary_pprice_diff": 0.05279858127437554,
          "wallet_exposure_limit": 0.1},
 "short": {"auto_unstuck_ema_dist": 0.042015174256657115,
           "auto_unstuck_wallet_exposure_threshold": 0.6772410128386864,
           "ema_span_0": 1209.3796514378882,
           "ema_span_1": 3181.12442204335,
           "enabled": true,
           "eprice_exp_base": 1.4162812749287983,
           "eprice_pprice_diff": 0.03260133595555734,
           "grid_span": 0.4124741571992809,
           "initial_eprice_ema_dist": -0.029290307029017568,
           "initial_qty_pct": 0.051497124289950236,
           "markup_range": 0.014905640764112788,
           "max_n_entry_orders": 10,
           "min_markup": 0.04857563008544231,
           "n_close_orders": 4,
           "secondary_allocation": 0.2585128243951771,
           "secondary_pprice_diff": 0.4088241163084795,
           "wallet_exposure_limit": 0.1496828433731588}}