{"config_name": "recursive_grid_1000SHIBUSDT_243days",
 "logging_level": 0,
 "long": {"auto_unstuck_ema_dist": 0.07537071056829926,
          "auto_unstuck_wallet_exposure_threshold": 0.19669988220778298,
          "ddown_factor": 2.977350776264995,
          "ema_span_0": 1590.7673738930807,
          "ema_span_1": 2555.569985614937,
          "enabled": true,
          "initial_eprice_ema_dist": -0.036633754044480854,
          "initial_qty_pct": 0.05183901530921238,
          "markup_range": 0.058494042849077325,
          "min_markup": 0.058764069903290785,
          "n_close_orders": 4,
          "rentry_pprice_dist": 0.03271893972031065,
          "rentry_pprice_dist_wallet_exposure_weighting": 69.40466141303567,
          "wallet_exposure_limit": 0.1632046549148019},
 "short": {"auto_unstuck_ema_dist": 0.09972790931046338,
           "auto_unstuck_wallet_exposure_threshold": 0.06559262162518376,
           "ddown_factor": 2.304489996146624,
           "ema_span_0": 1055.6577441874203,
           "ema_span_1": 2888.7744234017828,
           "enabled": true,
           "initial_eprice_ema_dist": -0.02998678962458838,
           "initial_qty_pct": 0.07702488418844138,
           "markup_range": 0.022206983627948464,
           "min_markup": 0.014231970991650302,
           "n_close_orders": 9,
           "rentry_pprice_dist": 0.01553099174200374,
           "rentry_pprice_dist_wallet_exposure_weighting": 22.60722411105582,
           "wallet_exposure_limit": 0.1517033532129698}}