{"config_name": "recursive_grid_1INCHUSDT_198days",
 "logging_level": 0,
 "long": {"auto_unstuck_ema_dist": 0.03152126946734393,
          "auto_unstuck_wallet_exposure_threshold": 0.0028752696455035982,
          "ddown_factor": 1.598408511371286,
          "ema_span_0": 7714.029906569317,
          "ema_span_1": 9632.295770700282,
          "enabled": true,
          "initial_eprice_ema_dist": 0.07919201628645234,
          "initial_qty_pct": 0.05306595708057986,
          "markup_range": 0.03496392994132479,
          "min_markup": 0.04426828312092115,
          "n_close_orders": 5,
          "rentry_pprice_dist": 0.013503459676111029,
          "rentry_pprice_dist_wallet_exposure_weighting": 69.62641935155308,
          "wallet_exposure_limit": 0.1},
 "short": {"auto_unstuck_ema_dist": 0.2484203255755076,
           "auto_unstuck_wallet_exposure_threshold": 0.1994897483918339,
           "ddown_factor": 1.1373599896717896,
           "ema_span_0": 4882.466533479129,
           "ema_span_1": 4292.210549805186,
           "enabled": true,
           "initial_eprice_ema_dist": 0.08811237089558302,
           "initial_qty_pct": 0.05303484367873144,
           "markup_range": 0.039604669643062335,
           "min_markup": 0.027754141313174073,
           "n_close_orders": 11,
           "rentry_pprice_dist": 0.01084483738467753,
           "rentry_pprice_dist_wallet_exposure_weighting": 66.3789869475472,
           "wallet_exposure_limit": 0.1}}