{"config_name": "static_grid_1INCHUSDT_198days",
 "logging_level": 0,
 "long": {"auto_unstuck_ema_dist": 0.042442783008452035,
          "auto_unstuck_wallet_exposure_threshold": 0.9207998186225945,
          "ema_span_0": 1467.1216021417815,
          "ema_span_1": 2043.845592884267,
          "enabled": true,
          "eprice_exp_base": 1.2989141602944303,
          "eprice_pprice_diff": 0.023662414633603666,
          "grid_span": 0.25583954425089916,
          "initial_eprice_ema_dist": -0.03483738044116901,
          "initial_qty_pct": 0.08880814000569119,
          "markup_range": 0.029644924465494327,
          "max_n_entry_orders": 10,
          "min_markup": 0.036898444463317574,
          "n_close_orders": 8,
          "secondary_allocation": 0.390336852863754,
          "secondary_pprice_diff": 0.1683363553192447,
          "wallet_exposure_limit": 0.1},
 "short": {"auto_unstuck_ema_dist": 0.07692067495670571,
           "auto_unstuck_wallet_exposure_threshold": 0.367480315605299,
           "ema_span_0": 3949.259795824885,
           "ema_span_1": 10080,
           "enabled": true,
           "eprice_exp_base": 1.326708275533179,
           "eprice_pprice_diff": 0.014175680093106852,
           "grid_span": 0.25833394408930865,
           "initial_eprice_ema_dist": -0.06507125117727211,
           "initial_qty_pct": 0.0892236921421297,
           "markup_range": 0.0355007427669179,
           "max_n_entry_orders": 10,
           "min_markup": 0.04689404279519703,
           "n_close_orders": 5,
           "secondary_allocation": 0.056988382388130296,
           "secondary_pprice_diff": 0.3989914574846171,
           "wallet_exposure_limit": 0.14088425874015464}}