{"config_name": "recursive_grid_1INCHUSDT_278days",
 "logging_level": 0,
 "long": {"auto_unstuck_ema_dist": 0.030199761703274472,
          "auto_unstuck_wallet_exposure_threshold": 0.07412951377498073,
          "ddown_factor": 1.739466159113987,
          "ema_span_0": 847.3155936714829,
          "ema_span_1": 1469.1814525681812,
          "enabled": true,
          "initial_eprice_ema_dist": -0.024135257656124644,
          "initial_qty_pct": 0.07243937079845852,
          "markup_range": 0.020204324306248314,
          "min_markup": 0.045205278973472436,
          "n_close_orders": 10,
          "rentry_pprice_dist": 0.03435198232546485,
          "rentry_pprice_dist_wallet_exposure_weighting": 70.0795317123639,
          "wallet_exposure_limit": 0.1739632740268571},
 "short": {"auto_unstuck_ema_dist": 0.07306829026546652,
           "auto_unstuck_wallet_exposure_threshold": 0.2883235142859275,
           "ddown_factor": 1.4795624345082827,
           "ema_span_0": 2401.2687501751298,
           "ema_span_1": 9736.931406366704,
           "enabled": true,
           "initial_eprice_ema_dist": -0.07221053421343021,
           "initial_qty_pct": 0.0693537988144278,
           "markup_range": 0.006349551823601238,
           "min_markup": 0.03829181736861509,
           "n_close_orders": 10,
           "rentry_pprice_dist": 0.010679434677772324,
           "rentry_pprice_dist_wallet_exposure_weighting": 64.58239638685568,
           "wallet_exposure_limit": 0.19725386845290327}}