{"config_name": "longonly_binance_aaveusdt_198days_adg0.112%_bkr100.00%_eqbal59.89%",
 "logging_level": 0,
 "long": {"enabled": true,
          "eprice_exp_base": 1.618034,
          "eprice_pprice_diff": 0.018419775340590746,
          "grid_span": 0.09843115240159092,
          "initial_qty_pct": 0.04581003480790372,
          "markup_range": 0.0077744136463278575,
          "max_n_entry_orders": 10,
          "min_markup": 0.0045611803711833035,
          "n_close_orders": 7,
          "pbr_limit": 0.14534321561330443,
          "secondary_pbr_allocation": 0.2020313750706814,
          "secondary_pprice_diff": 0.40367408011720474},
 "shrt": {"enabled": false,
          "eprice_exp_base": 1.618034,
          "eprice_pprice_diff": 0.001,
          "grid_span": 0.03,
          "initial_qty_pct": 0.001,
          "markup_range": 0.004,
          "max_n_entry_orders": 10,
          "min_markup": 0.0005,
          "n_close_orders": 7,
          "pbr_limit": 0.5,
          "secondary_pbr_allocation": 0,
          "secondary_pprice_diff": 0.21}}