{"config_name": "recursive_grid_ADAUSDT_198days",
 "logging_level": 0,
 "long": {"auto_unstuck_ema_dist": 0.022718048138337277,
          "auto_unstuck_wallet_exposure_threshold": 0.10778472370667683,
          "ddown_factor": 0.9825600485895698,
          "ema_span_0": 7767.829387807287,
          "ema_span_1": 4897.993010370341,
          "enabled": true,
          "initial_eprice_ema_dist": 0.08574746737594377,
          "initial_qty_pct": 0.06436883763635717,
          "markup_range": 0.008736003555259256,
          "min_markup": 0.05,
          "n_close_orders": 7,
          "rentry_pprice_dist": 0.018956450409560788,
          "rentry_pprice_dist_wallet_exposure_weighting": 6.715114552158464,
          "wallet_exposure_limit": 0.1},
 "short": {"auto_unstuck_ema_dist": 0.26810759098044706,
           "auto_unstuck_wallet_exposure_threshold": 0.11791986372446836,
           "ddown_factor": 1.323630447028289,
           "ema_span_0": 9261.913220557284,
           "ema_span_1": 360,
           "enabled": true,
           "initial_eprice_ema_dist": -0.08804484673824806,
           "initial_qty_pct": 0.05735284900696729,
           "markup_range": 0.02582750974962438,
           "min_markup": 0.029872444723944482,
           "n_close_orders": 10,
           "rentry_pprice_dist": 0.017625058189900265,
           "rentry_pprice_dist_wallet_exposure_weighting": 46.692456472723315,
           "wallet_exposure_limit": 0.1}}