{"config_name": "long&short_binance_adausdt_176days_adg0.056%_bkr100.00%_eqbal88.96%",
 "logging_level": 0,
 "long": {"auto_unstuck_ema_dist": 0.005432449228604242,
          "auto_unstuck_wallet_exposure_threshold": 0.15674669906318134,
          "ema_span_max": 4678.572642610093,
          "ema_span_min": 4727.430059830551,
          "enabled": true,
          "eprice_exp_base": 1.5439879194337827,
          "eprice_pprice_diff": 0.01782082299882733,
          "grid_span": 0.268387760404047,
          "initial_eprice_ema_dist": 0.05,
          "initial_qty_pct": 0.01,
          "markup_range": 0.03934116470507464,
          "max_n_entry_orders": 11,
          "min_markup": 0.01093636454578939,
          "n_close_orders": 10,
          "secondary_allocation": 0,
          "secondary_pprice_diff": 0.05,
          "wallet_exposure_limit": 0.05},
 "short": {"auto_unstuck_ema_dist": 0.0198746898414201,
           "auto_unstuck_wallet_exposure_threshold": 0.23416478673340124,
           "ema_span_max": 1160.5174907809505,
           "ema_span_min": 9074.642137613913,
           "enabled": true,
           "eprice_exp_base": 1.8374154964334828,
           "eprice_pprice_diff": 0.015553720407706237,
           "grid_span": 0.3197902064554445,
           "initial_eprice_ema_dist": -0.08700304329380998,
           "initial_qty_pct": 0.014451838672941498,
           "markup_range": 0.007993583113485886,
           "max_n_entry_orders": 14,
           "min_markup": 0.03167163158355319,
           "n_close_orders": 10,
           "secondary_allocation": 0,
           "secondary_pprice_diff": 0.05,
           "wallet_exposure_limit": 0.05}}