{"config_name": "longonly_binance_adausdt_198days_adg0.039%_bkr100.00%_eqbal85.52%",
 "logging_level": 0,
 "long": {"enabled": true,
          "eprice_exp_base": 1.618034,
          "eprice_pprice_diff": 0.0154742534224575,
          "grid_span": 0.11647636524976544,
          "initial_qty_pct": 0.0104873688465359,
          "markup_range": 0.00819421141409336,
          "max_n_entry_orders": 10,
          "min_markup": 0.004980632678974369,
          "n_close_orders": 7,
          "pbr_limit": 0.19602488099404292,
          "secondary_pbr_allocation": 0.2265065374032389,
          "secondary_pprice_diff": 0.4582732871766324},
 "shrt": {"enabled": false,
          "eprice_exp_base": 1.618034,
          "eprice_pprice_diff": 0.001,
          "grid_span": 0.03,
          "initial_qty_pct": 0.001,
          "markup_range": 0.004,
          "max_n_entry_orders": 10,
          "min_markup": 0.0005,
          "n_close_orders": 7,
          "pbr_limit": 0.5,
          "secondary_pbr_allocation": 0,
          "secondary_pprice_diff": 0.21}}