{"config_name": "recursive_grid_ADAUSDT_198days",
 "logging_level": 0,
 "long": {"auto_unstuck_ema_dist": 0.11881173348616109,
          "auto_unstuck_wallet_exposure_threshold": 0.13424941283915676,
          "ddown_factor": 1.1168215826581567,
          "ema_span_0": 683.3991701131126,
          "ema_span_1": 636.3625405017917,
          "enabled": true,
          "initial_eprice_ema_dist": 0.0906657769940286,
          "initial_qty_pct": 0.09061118418737228,
          "markup_range": 0.02617420270433021,
          "min_markup": 0.05,
          "n_close_orders": 9,
          "rentry_pprice_dist": 0.03684718031975899,
          "rentry_pprice_dist_wallet_exposure_weighting": 25.070373081598394,
          "wallet_exposure_limit": 0.1},
 "short": {"auto_unstuck_ema_dist": 0.3131532705707935,
           "auto_unstuck_wallet_exposure_threshold": 0.30227035196182084,
           "ddown_factor": 1.0569139935407035,
           "ema_span_0": 9368.25305774036,
           "ema_span_1": 2431.1214387562322,
           "enabled": true,
           "initial_eprice_ema_dist": -0.08866709692187674,
           "initial_qty_pct": 0.08311070319341653,
           "markup_range": 0.028505801670274195,
           "min_markup": 0.03005627183382446,
           "n_close_orders": 5,
           "rentry_pprice_dist": 0.026629707196983817,
           "rentry_pprice_dist_wallet_exposure_weighting": 54.78383306336368,
           "wallet_exposure_limit": 0.1}}