{"config_name": "static_grid_ADAUSDT_198days",
 "logging_level": 0,
 "long": {"auto_unstuck_ema_dist": 0.0967961399718348,
          "auto_unstuck_wallet_exposure_threshold": 0.8735380301933245,
          "ema_span_0": 450.86766594182313,
          "ema_span_1": 2717.657606638403,
          "enabled": true,
          "eprice_exp_base": 1.7597079697084952,
          "eprice_pprice_diff": 0.037253024634043265,
          "grid_span": 0.20940216434080597,
          "initial_eprice_ema_dist": -0.09517493976750391,
          "initial_qty_pct": 0.09270910648656261,
          "markup_range": 0.047383590601136526,
          "max_n_entry_orders": 10,
          "min_markup": 0.04961326400126456,
          "n_close_orders": 4,
          "secondary_allocation": 0.30457480378089985,
          "secondary_pprice_diff": 0.1309428098781947,
          "wallet_exposure_limit": 0.1},
 "short": {"auto_unstuck_ema_dist": 0.07638894564472076,
           "auto_unstuck_wallet_exposure_threshold": 0.3518908710023352,
           "ema_span_0": 2506.481202498681,
           "ema_span_1": 1940.8185541891148,
           "enabled": true,
           "eprice_exp_base": 1.6808875182940364,
           "eprice_pprice_diff": 0.005757883162541822,
           "grid_span": 0.10139465069753326,
           "initial_eprice_ema_dist": -0.03146596019824477,
           "initial_qty_pct": 0.06095289625660734,
           "markup_range": 0.006989588750743124,
           "max_n_entry_orders": 10,
           "min_markup": 0.05,
           "n_close_orders": 13,
           "secondary_allocation": 0.07187357720335111,
           "secondary_pprice_diff": 0.4392968136137121,
           "wallet_exposure_limit": 0.13414768018733145}}