{"config_name": "recursive_grid_ADAUSDT_243days",
 "logging_level": 0,
 "long": {"auto_unstuck_ema_dist": 0.015598126685356135,
          "auto_unstuck_wallet_exposure_threshold": 0.8193397883381923,
          "ddown_factor": 1.850941396282874,
          "ema_span_0": 551.9469437562135,
          "ema_span_1": 3317.1755134267464,
          "enabled": true,
          "initial_eprice_ema_dist": -0.012038980098563284,
          "initial_qty_pct": 0.06631937667131986,
          "markup_range": 0.04343814233748489,
          "min_markup": 0.014825288615268849,
          "n_close_orders": 6,
          "rentry_pprice_dist": 0.01672374837402959,
          "rentry_pprice_dist_wallet_exposure_weighting": 44.25081448702743,
          "wallet_exposure_limit": 0.18628010171182888},
 "short": {"auto_unstuck_ema_dist": 0.056717457366136016,
           "auto_unstuck_wallet_exposure_threshold": 0.3232336455291357,
           "ddown_factor": 2.250721058946051,
           "ema_span_0": 1034.4818275145417,
           "ema_span_1": 6111.644437153503,
           "enabled": true,
           "initial_eprice_ema_dist": -0.05437012395653754,
           "initial_qty_pct": 0.05989383237405031,
           "markup_range": 0.040637517015946846,
           "min_markup": 0.05427416501505245,
           "n_close_orders": 8,
           "rentry_pprice_dist": 0.034220111526662635,
           "rentry_pprice_dist_wallet_exposure_weighting": 12.481149987436982,
           "wallet_exposure_limit": 0.19516261914199068}}