{"config_name": "static_grid_AKROUSDT_213days",
 "logging_level": 0,
 "long": {"auto_unstuck_ema_dist": 0.052927603814824704,
          "auto_unstuck_wallet_exposure_threshold": 0.23818762388093082,
          "ema_span_0": 1294.244279282826,
          "ema_span_1": 2273.8177917953813,
          "enabled": true,
          "eprice_exp_base": 1.9627902162314008,
          "eprice_pprice_diff": 0.0026409067832961946,
          "grid_span": 0.3152470735774861,
          "initial_eprice_ema_dist": -0.020868651780642993,
          "initial_qty_pct": 0.058524701081798296,
          "markup_range": 0.025008549632972686,
          "max_n_entry_orders": 10,
          "min_markup": 0.03415311440334807,
          "n_close_orders": 13,
          "secondary_allocation": 0.17172487361405453,
          "secondary_pprice_diff": 0.3184641447900498,
          "wallet_exposure_limit": 0.1},
 "short": {"auto_unstuck_ema_dist": 0.09581797915540899,
           "auto_unstuck_wallet_exposure_threshold": 0.3203165665900045,
           "ema_span_0": 3415.783224919905,
           "ema_span_1": 9568.478635541358,
           "enabled": true,
           "eprice_exp_base": 2.0523163448895563,
           "eprice_pprice_diff": 0.03137260102348552,
           "grid_span": 0.160001772910764,
           "initial_eprice_ema_dist": -0.003148254421529217,
           "initial_qty_pct": 0.0948432292619431,
           "markup_range": 0.049905744898953386,
           "max_n_entry_orders": 10,
           "min_markup": 0.04825190452846795,
           "n_close_orders": 9,
           "secondary_allocation": 0.24926681162930467,
           "secondary_pprice_diff": 0.2764387908129423,
           "wallet_exposure_limit": 0.14859651949865355}}