{"config_name": "static_grid_AKROUSDT_278days",
 "logging_level": 0,
 "long": {"auto_unstuck_ema_dist": 0.02990626433542628,
          "auto_unstuck_wallet_exposure_threshold": 0.8631464941619187,
          "ema_span_0": 496.8524288518738,
          "ema_span_1": 1445.942114172535,
          "enabled": true,
          "eprice_exp_base": 2.089638218671837,
          "eprice_pprice_diff": 0.048969521672725384,
          "grid_span": 0.2202799931944986,
          "initial_eprice_ema_dist": -0.02678598041969849,
          "initial_qty_pct": 0.061329619732078844,
          "markup_range": 0.03712475790491533,
          "max_n_entry_orders": 10,
          "min_markup": 0.03154554520570517,
          "n_close_orders": 12,
          "secondary_allocation": 0.07207324960736455,
          "secondary_pprice_diff": 0.30692606537081635,
          "wallet_exposure_limit": 0.08},
 "short": {"auto_unstuck_ema_dist": 0.09512888189235738,
           "auto_unstuck_wallet_exposure_threshold": 1,
           "ema_span_0": 3354.864401989906,
           "ema_span_1": 9361.876508633984,
           "enabled": true,
           "eprice_exp_base": 1.4271866653342022,
           "eprice_pprice_diff": 0.038346977056322534,
           "grid_span": 0.6276774153469621,
           "initial_eprice_ema_dist": -0.08523345548387608,
           "initial_qty_pct": 0.07545499099712925,
           "markup_range": 0.04434196066463356,
           "max_n_entry_orders": 10,
           "min_markup": 0.05034933763990277,
           "n_close_orders": 10,
           "secondary_allocation": 0.512721156862048,
           "secondary_pprice_diff": 0.28127288224870417,
           "wallet_exposure_limit": 0.025}}