{"config_name": "recursive_grid_ALGOUSDT_278days",
 "logging_level": 0,
 "long": {"auto_unstuck_ema_dist": 0.056354040274114364,
          "auto_unstuck_wallet_exposure_threshold": 0.2287441804214293,
          "ddown_factor": 1.7578654973338075,
          "ema_span_0": 3604.8509702029564,
          "ema_span_1": 3604.034988774072,
          "enabled": true,
          "initial_eprice_ema_dist": -0.02363329491824251,
          "initial_qty_pct": 0.06045731416228551,
          "markup_range": 0.05889578993276485,
          "min_markup": 0.04967763672515942,
          "n_close_orders": 7,
          "rentry_pprice_dist": 0.027374118859973175,
          "rentry_pprice_dist_wallet_exposure_weighting": 26.225547970353464,
          "wallet_exposure_limit": 0.17096867607793434},
 "short": {"auto_unstuck_ema_dist": 0.06939620856814009,
           "auto_unstuck_wallet_exposure_threshold": 0.26581304699385944,
           "ddown_factor": 0.8634069063633886,
           "ema_span_0": 3074.6843481318137,
           "ema_span_1": 10080,
           "enabled": true,
           "initial_eprice_ema_dist": -0.04457120041451427,
           "initial_qty_pct": 0.051190628421794525,
           "markup_range": 0.04165387418927449,
           "min_markup": 0.01390714897682418,
           "n_close_orders": 12,
           "rentry_pprice_dist": 0.03113035436152771,
           "rentry_pprice_dist_wallet_exposure_weighting": 14.264615812509481,
           "wallet_exposure_limit": 0.19976333177378916}}