{"config_name": "recursive_grid_ALGOUSDT_198days",
 "logging_level": 0,
 "long": {"auto_unstuck_ema_dist": 0.036803843121718326,
          "auto_unstuck_wallet_exposure_threshold": 0.04303261816143314,
          "ddown_factor": 2.9330076254939956,
          "ema_span_0": 1758.50180625038,
          "ema_span_1": 1771.0697570464072,
          "enabled": true,
          "initial_eprice_ema_dist": 0.05544138268395854,
          "initial_qty_pct": 0.07235901912817394,
          "markup_range": 0.049511405289288754,
          "min_markup": 0.027764328805177953,
          "n_close_orders": 10,
          "rentry_pprice_dist": 0.027652568926587896,
          "rentry_pprice_dist_wallet_exposure_weighting": 30.382074235970673,
          "wallet_exposure_limit": 0.1},
 "short": {"auto_unstuck_ema_dist": 0.2123518836316053,
           "auto_unstuck_wallet_exposure_threshold": 0.32085877870841983,
           "ddown_factor": 1.9848745326053037,
           "ema_span_0": 5144.07308752805,
           "ema_span_1": 7335.421358401281,
           "enabled": true,
           "initial_eprice_ema_dist": 0.06674253456808929,
           "initial_qty_pct": 0.08991687348457571,
           "markup_range": 0.02250904677091674,
           "min_markup": 0.037361501530445276,
           "n_close_orders": 9,
           "rentry_pprice_dist": 0.0325801140386895,
           "rentry_pprice_dist_wallet_exposure_weighting": 41.67700383425214,
           "wallet_exposure_limit": 0.1}}