{"config_name": "long&short_binance_algousdt_181days_adg0.055%_bkr100.00%_eqbal93.09%",
 "logging_level": 0,
 "long": {"auto_unstuck_ema_dist": 0.04416078386018785,
          "auto_unstuck_wallet_exposure_threshold": 0.24620171461005227,
          "ema_span_max": 5263.581363469843,
          "ema_span_min": 448.48774236562167,
          "enabled": true,
          "eprice_exp_base": 1.3784590939681247,
          "eprice_pprice_diff": 0.01793806563453009,
          "grid_span": 0.4294610111039463,
          "initial_eprice_ema_dist": 0.030354272184773032,
          "initial_qty_pct": 0.020820397354115058,
          "markup_range": 0.036031306403851354,
          "max_n_entry_orders": 14,
          "min_markup": 0.028220448500662236,
          "n_close_orders": 8,
          "secondary_allocation": 0,
          "secondary_pprice_diff": 0.05,
          "wallet_exposure_limit": 0.05},
 "short": {"auto_unstuck_ema_dist": 0.008223712172396301,
           "auto_unstuck_wallet_exposure_threshold": 0.08205617533556361,
           "ema_span_max": 914.5825011105189,
           "ema_span_min": 1699.876763898935,
           "enabled": true,
           "eprice_exp_base": 1.6750818826276235,
           "eprice_pprice_diff": 0.01834244587896874,
           "grid_span": 0.39190390536094094,
           "initial_eprice_ema_dist": 0.03386640324096138,
           "initial_qty_pct": 0.03445251207497449,
           "markup_range": 0.025605021588341728,
           "max_n_entry_orders": 12,
           "min_markup": 0.02468776685575818,
           "n_close_orders": 4,
           "secondary_allocation": 0,
           "secondary_pprice_diff": 0.05,
           "wallet_exposure_limit": 0.05}}