{"config_name": "static_grid_ALGOUSDT_213days",
 "logging_level": 0,
 "long": {"auto_unstuck_ema_dist": 0.055214351832137396,
          "auto_unstuck_wallet_exposure_threshold": 0.3000953978109204,
          "ema_span_0": 3675.2462199442816,
          "ema_span_1": 2859.569913230456,
          "enabled": true,
          "eprice_exp_base": 1.102245388216025,
          "eprice_pprice_diff": 0.006179098906908829,
          "grid_span": 0.1139820091589391,
          "initial_eprice_ema_dist": -0.025053560012463134,
          "initial_qty_pct": 0.0678433049944776,
          "markup_range": 0.02789678167281434,
          "max_n_entry_orders": 10,
          "min_markup": 0.045921497646182904,
          "n_close_orders": 11,
          "secondary_allocation": 0.19147663464483158,
          "secondary_pprice_diff": 0.2502937777521499,
          "wallet_exposure_limit": 0.1},
 "short": {"auto_unstuck_ema_dist": 0.08455819795415526,
           "auto_unstuck_wallet_exposure_threshold": 0.15903243526593086,
           "ema_span_0": 730.5254165220432,
           "ema_span_1": 2699.970029712117,
           "enabled": true,
           "eprice_exp_base": 1.3964615228279196,
           "eprice_pprice_diff": 0.019066729978743542,
           "grid_span": 0.19724957593033038,
           "initial_eprice_ema_dist": -0.01372321375143016,
           "initial_qty_pct": 0.09190601630837665,
           "markup_range": 0.0452483406106164,
           "max_n_entry_orders": 10,
           "min_markup": 0.05,
           "n_close_orders": 12,
           "secondary_allocation": 0.1593999572611994,
           "secondary_pprice_diff": 0.1418884621576968,
           "wallet_exposure_limit": 0.10316260543451022}}