{"config_name": "recursive_grid_ALICEUSDT_198days",
 "logging_level": 0,
 "long": {"auto_unstuck_ema_dist": 0.1454157603066224,
          "auto_unstuck_wallet_exposure_threshold": 0.029466295568643483,
          "ddown_factor": 1.3705402996312155,
          "ema_span_0": 5252.953110432659,
          "ema_span_1": 9970.440605307003,
          "enabled": true,
          "initial_eprice_ema_dist": 0.1,
          "initial_qty_pct": 0.09255411123287668,
          "markup_range": 0.04925568797450198,
          "min_markup": 0.03223035450759451,
          "n_close_orders": 4,
          "rentry_pprice_dist": 0.017680365214470427,
          "rentry_pprice_dist_wallet_exposure_weighting": 9.106900829524609,
          "wallet_exposure_limit": 0.1},
 "short": {"auto_unstuck_ema_dist": 0.2380842734846719,
           "auto_unstuck_wallet_exposure_threshold": 0.2157843842523818,
           "ddown_factor": 1.0399048765592633,
           "ema_span_0": 360,
           "ema_span_1": 458.5610314357597,
           "enabled": true,
           "initial_eprice_ema_dist": 0.06332369130527529,
           "initial_qty_pct": 0.004726608581465765,
           "markup_range": 0.05,
           "min_markup": 0.036176087292367556,
           "n_close_orders": 6,
           "rentry_pprice_dist": 0.026315425211071452,
           "rentry_pprice_dist_wallet_exposure_weighting": 53.67201384662224,
           "wallet_exposure_limit": 0.1}}