{"config_name": "recursive_grid_ALICEUSDT_198days",
 "logging_level": 0,
 "long": {"auto_unstuck_ema_dist": 0.011501072730170238,
          "auto_unstuck_wallet_exposure_threshold": 0.03189833757086111,
          "ddown_factor": 1.9490704840361275,
          "ema_span_0": 360,
          "ema_span_1": 1751.3077964658423,
          "enabled": true,
          "initial_eprice_ema_dist": 0.09871352623566117,
          "initial_qty_pct": 0.06259611230948393,
          "markup_range": 0.03522987136880416,
          "min_markup": 0.04175680676943909,
          "n_close_orders": 6,
          "rentry_pprice_dist": 0.024524284846607847,
          "rentry_pprice_dist_wallet_exposure_weighting": 49.00589232687314,
          "wallet_exposure_limit": 0.1},
 "short": {"auto_unstuck_ema_dist": 0.09305575369123092,
           "auto_unstuck_wallet_exposure_threshold": 0.11082720132239257,
           "ddown_factor": 2.0781819954123133,
           "ema_span_0": 769.1149257835935,
           "ema_span_1": 1093.4741754657634,
           "enabled": true,
           "initial_eprice_ema_dist": 0.06331073909562934,
           "initial_qty_pct": 0.06014683841742335,
           "markup_range": 0.05,
           "min_markup": 0.021322144941673664,
           "n_close_orders": 5,
           "rentry_pprice_dist": 0.03838488573452326,
           "rentry_pprice_dist_wallet_exposure_weighting": 27.811421763358595,
           "wallet_exposure_limit": 0.1}}