{"config_name": "recursive_grid_ALICEUSDT_243days",
 "logging_level": 0,
 "long": {"auto_unstuck_ema_dist": 0.06487878525218771,
          "auto_unstuck_wallet_exposure_threshold": 0.028610134042917543,
          "ddown_factor": 1.0198825905755968,
          "ema_span_0": 4036.58046253112,
          "ema_span_1": 4343.401358192424,
          "enabled": true,
          "initial_eprice_ema_dist": -0.037329326292667955,
          "initial_qty_pct": 0.09604055817169124,
          "markup_range": 0.029694848299478174,
          "min_markup": 0.02693570162963778,
          "n_close_orders": 6,
          "rentry_pprice_dist": 0.00725145252870526,
          "rentry_pprice_dist_wallet_exposure_weighting": 0.87204460553605,
          "wallet_exposure_limit": 0.15249945856471428},
 "short": {"auto_unstuck_ema_dist": 0.04914596981453396,
           "auto_unstuck_wallet_exposure_threshold": 0.7769314584410897,
           "ddown_factor": 1.445684011524235,
           "ema_span_0": 1313.7102971801985,
           "ema_span_1": 1927.22290311615,
           "enabled": true,
           "initial_eprice_ema_dist": -0.043682291586335166,
           "initial_qty_pct": 0.08972058538492765,
           "markup_range": 0.005,
           "min_markup": 0.025189191892714853,
           "n_close_orders": 5,
           "rentry_pprice_dist": 0.022735332878787106,
           "rentry_pprice_dist_wallet_exposure_weighting": 57.54182387274774,
           "wallet_exposure_limit": 0.19903676336702836}}