{"config_name": "static_grid_ALICEUSDT_198days",
 "logging_level": 0,
 "long": {"auto_unstuck_ema_dist": 0.045211966959036246,
          "auto_unstuck_wallet_exposure_threshold": 0.28215084126888956,
          "ema_span_0": 3843.0720562603487,
          "ema_span_1": 3830.821915120091,
          "enabled": true,
          "eprice_exp_base": 1.640298181397378,
          "eprice_pprice_diff": 0.003785965666643027,
          "grid_span": 0.5536201085461855,
          "initial_eprice_ema_dist": -0.03418977767150709,
          "initial_qty_pct": 0.010228405287817903,
          "markup_range": 0.02745735986947796,
          "max_n_entry_orders": 10,
          "min_markup": 0.023061665185829645,
          "n_close_orders": 7,
          "secondary_allocation": 0.1139588958118252,
          "secondary_pprice_diff": 0.396552076778392,
          "wallet_exposure_limit": 0.1},
 "short": {"auto_unstuck_ema_dist": 0.012474363137725031,
           "auto_unstuck_wallet_exposure_threshold": 0,
           "ema_span_0": 1778.0125307849964,
           "ema_span_1": 2053.6570342316327,
           "enabled": true,
           "eprice_exp_base": 1.8269319448774644,
           "eprice_pprice_diff": 0.01268824536666914,
           "grid_span": 0.2766492823091365,
           "initial_eprice_ema_dist": -0.08891085251269232,
           "initial_qty_pct": 0.04939861925062192,
           "markup_range": 0.03750122688736509,
           "max_n_entry_orders": 10,
           "min_markup": 0.024230574073196228,
           "n_close_orders": 8,
           "secondary_allocation": 0.12880748439456213,
           "secondary_pprice_diff": 0.4061483118766661,
           "wallet_exposure_limit": 0.15}}