{"config_name": "long&short_binance_aliceusdt_178days_adg0.049%_bkr100.00%_eqbal93.88%",
 "logging_level": 0,
 "long": {"auto_unstuck_ema_dist": 0.006598881477589592,
          "auto_unstuck_wallet_exposure_threshold": 0.1790893179373477,
          "ema_span_max": 514.673928716625,
          "ema_span_min": 5359.729052173201,
          "enabled": true,
          "eprice_exp_base": 1.5716209606199998,
          "eprice_pprice_diff": 0.009997941902724135,
          "grid_span": 0.640092713164943,
          "initial_eprice_ema_dist": 0.03160960994208084,
          "initial_qty_pct": 0.024625319367969183,
          "markup_range": 0.02771587520580386,
          "max_n_entry_orders": 12,
          "min_markup": 0.03936425772642927,
          "n_close_orders": 4,
          "secondary_allocation": 0,
          "secondary_pprice_diff": 0.05,
          "wallet_exposure_limit": 0.05},
 "short": {"auto_unstuck_ema_dist": 0.010633486215501663,
           "auto_unstuck_wallet_exposure_threshold": 0.21315447748219987,
           "ema_span_max": 4139.181794424994,
           "ema_span_min": 360,
           "enabled": true,
           "eprice_exp_base": 1.536281110818006,
           "eprice_pprice_diff": 0.013257562566951032,
           "grid_span": 0.22179376526983632,
           "initial_eprice_ema_dist": 0.05,
           "initial_qty_pct": 0.01599334332416869,
           "markup_range": 0.03285103145591119,
           "max_n_entry_orders": 13,
           "min_markup": 0.009346572490321463,
           "n_close_orders": 9,
           "secondary_allocation": 0,
           "secondary_pprice_diff": 0.05,
           "wallet_exposure_limit": 0.05}}