{"config_name": "static_grid_ALPHAUSDT_213days",
 "logging_level": 0,
 "long": {"auto_unstuck_ema_dist": 0.034860697492230926,
          "auto_unstuck_wallet_exposure_threshold": 0.2691777724085911,
          "ema_span_0": 3547.1368448644926,
          "ema_span_1": 2353.0270220659354,
          "enabled": true,
          "eprice_exp_base": 1.9785120831540666,
          "eprice_pprice_diff": 0.02039120435429162,
          "grid_span": 0.1284996294396516,
          "initial_eprice_ema_dist": -0.016189205729186026,
          "initial_qty_pct": 0.08382340638137083,
          "markup_range": 0.04139991046139748,
          "max_n_entry_orders": 10,
          "min_markup": 0.049375352263246484,
          "n_close_orders": 9,
          "secondary_allocation": 0.3789875307574045,
          "secondary_pprice_diff": 0.26522901755909445,
          "wallet_exposure_limit": 0.1},
 "short": {"auto_unstuck_ema_dist": 0.04725978826838799,
           "auto_unstuck_wallet_exposure_threshold": 0.059051897430095535,
           "ema_span_0": 699.733355303898,
           "ema_span_1": 9691.168415105532,
           "enabled": true,
           "eprice_exp_base": 1.1076105576175157,
           "eprice_pprice_diff": 0.004433342353182677,
           "grid_span": 0.20407907748668924,
           "initial_eprice_ema_dist": -0.07518287381885315,
           "initial_qty_pct": 0.06364785143852103,
           "markup_range": 0.05,
           "max_n_entry_orders": 10,
           "min_markup": 0.04921664668092586,
           "n_close_orders": 14,
           "secondary_allocation": 0.06482572816701385,
           "secondary_pprice_diff": 0.1549878370103858,
           "wallet_exposure_limit": 0.14924416973980537}}