{"config_name": "recursive_grid_ALPHAUSDT_278days",
 "logging_level": 0,
 "long": {"auto_unstuck_ema_dist": 0.045774730256640334,
          "auto_unstuck_wallet_exposure_threshold": 0.23317168920758852,
          "ddown_factor": 1.6633377114992607,
          "ema_span_0": 2582.0865500208865,
          "ema_span_1": 4209.6753686975035,
          "enabled": true,
          "initial_eprice_ema_dist": -0.024596414702399406,
          "initial_qty_pct": 0.09329309546164886,
          "markup_range": 0.05636943412512496,
          "min_markup": 0.06,
          "n_close_orders": 7,
          "rentry_pprice_dist": 0.011375955020836302,
          "rentry_pprice_dist_wallet_exposure_weighting": 86.9158689706783,
          "wallet_exposure_limit": 0.17973218663806095},
 "short": {"auto_unstuck_ema_dist": 0.050401694639053425,
           "auto_unstuck_wallet_exposure_threshold": 0.35149081999285914,
           "ddown_factor": 1.359665009451509,
           "ema_span_0": 1180.6321205333995,
           "ema_span_1": 6179.755891366714,
           "enabled": true,
           "initial_eprice_ema_dist": -0.026050946740542848,
           "initial_qty_pct": 0.050864366360398705,
           "markup_range": 0.05134138267801536,
           "min_markup": 0.0494224669945407,
           "n_close_orders": 11,
           "rentry_pprice_dist": 0.03057096530221308,
           "rentry_pprice_dist_wallet_exposure_weighting": 10.405164212401608,
           "wallet_exposure_limit": 0.19976789929572467}}