{"config_name": "recursive_grid_ALPHAUSDT_198days",
 "logging_level": 0,
 "long": {"auto_unstuck_ema_dist": 0.3945940479787018,
          "auto_unstuck_wallet_exposure_threshold": 0.03782247656078164,
          "ddown_factor": 2.92217994654353,
          "ema_span_0": 3185.9175816455963,
          "ema_span_1": 2542.264030860537,
          "enabled": true,
          "initial_eprice_ema_dist": 0.06989132102432742,
          "initial_qty_pct": 0.0455542688236972,
          "markup_range": 0.0487811746802838,
          "min_markup": 0.05,
          "n_close_orders": 9,
          "rentry_pprice_dist": 0.009912281836364847,
          "rentry_pprice_dist_wallet_exposure_weighting": 13.50188497572292,
          "wallet_exposure_limit": 0.1},
 "short": {"auto_unstuck_ema_dist": 0.42337727693016475,
           "auto_unstuck_wallet_exposure_threshold": 0.08324384662556601,
           "ddown_factor": 2.8614258044291203,
           "ema_span_0": 9572.888123483666,
           "ema_span_1": 4807.174339397478,
           "enabled": true,
           "initial_eprice_ema_dist": 0.09311208945218027,
           "initial_qty_pct": 0.001,
           "markup_range": 0.0471329529810637,
           "min_markup": 0.026858684346504052,
           "n_close_orders": 10,
           "rentry_pprice_dist": 0.031093016290735926,
           "rentry_pprice_dist_wallet_exposure_weighting": 69.63474492794562,
           "wallet_exposure_limit": 0.1}}