{"config_name": "static_grid_ANCUSDT_28days",
 "logging_level": 0,
 "long": {"auto_unstuck_ema_dist": 0.1,
          "auto_unstuck_wallet_exposure_threshold": 0.916868959292913,
          "ema_span_0": 2965.576017626015,
          "ema_span_1": 9937.9534189723,
          "enabled": true,
          "eprice_exp_base": 1.6215389500831416,
          "eprice_pprice_diff": 0.03629139075651836,
          "grid_span": 0.42444049048945043,
          "initial_eprice_ema_dist": -0.06044505414722137,
          "initial_qty_pct": 0.09933166544635195,
          "markup_range": 0.008636552567720158,
          "max_n_entry_orders": 10,
          "min_markup": 0.044819689970115976,
          "n_close_orders": 10,
          "secondary_allocation": 0.2273340391261796,
          "secondary_pprice_diff": 0.20360375993131813,
          "wallet_exposure_limit": 0.08},
 "short": {"auto_unstuck_ema_dist": 0.06224037540911332,
           "auto_unstuck_wallet_exposure_threshold": 0.7928787385277161,
           "ema_span_0": 2220.8671568692675,
           "ema_span_1": 2243.147784537324,
           "enabled": true,
           "eprice_exp_base": 1.4779701489988473,
           "eprice_pprice_diff": 0.038720183321993486,
           "grid_span": 0.3753929017843367,
           "initial_eprice_ema_dist": -0.05817415692211406,
           "initial_qty_pct": 0.07247440559431863,
           "markup_range": 0.03961706073395653,
           "max_n_entry_orders": 10,
           "min_markup": 0.04302750705129374,
           "n_close_orders": 7,
           "secondary_allocation": 0.21742040442070434,
           "secondary_pprice_diff": 0.07439694412509636,
           "wallet_exposure_limit": 0.025}}