{"config_name": "static_grid_ANKRUSDT_213days",
 "logging_level": 0,
 "long": {"auto_unstuck_ema_dist": 0.034434418967867975,
          "auto_unstuck_wallet_exposure_threshold": 0.3032633961828025,
          "ema_span_0": 827.9969071169517,
          "ema_span_1": 6040.226868664899,
          "enabled": true,
          "eprice_exp_base": 1.162586376184514,
          "eprice_pprice_diff": 0.019419111165589795,
          "grid_span": 0.12134044783581256,
          "initial_eprice_ema_dist": -0.01478632285100246,
          "initial_qty_pct": 0.09385486230352899,
          "markup_range": 0.026165621204324058,
          "max_n_entry_orders": 10,
          "min_markup": 0.03401840362119544,
          "n_close_orders": 13,
          "secondary_allocation": 0.6149748080521416,
          "secondary_pprice_diff": 0.26335198893352385,
          "wallet_exposure_limit": 0.1},
 "short": {"auto_unstuck_ema_dist": 0.048899645536929284,
           "auto_unstuck_wallet_exposure_threshold": 0.5149267412652435,
           "ema_span_0": 3436.970064954099,
           "ema_span_1": 1440,
           "enabled": true,
           "eprice_exp_base": 1.6145214228852516,
           "eprice_pprice_diff": 0.008219605238223732,
           "grid_span": 0.1576817994283332,
           "initial_eprice_ema_dist": 0,
           "initial_qty_pct": 0.0865229427724589,
           "markup_range": 0.03989625221272872,
           "max_n_entry_orders": 10,
           "min_markup": 0.04855812625443702,
           "n_close_orders": 11,
           "secondary_allocation": 0.24331005201755987,
           "secondary_pprice_diff": 0.4032534835248813,
           "wallet_exposure_limit": 0.15}}