{"config_name": "recursive_grid_ANKRUSDT_278days",
 "logging_level": 0,
 "long": {"auto_unstuck_ema_dist": 0.0315149061366183,
          "auto_unstuck_wallet_exposure_threshold": 0.3529739588974732,
          "ddown_factor": 0.6512841068325155,
          "ema_span_0": 3259.308493301832,
          "ema_span_1": 9609.684825228198,
          "enabled": true,
          "initial_eprice_ema_dist": -0.017290242631075883,
          "initial_qty_pct": 0.09999389392766449,
          "markup_range": 0.04726012060450771,
          "min_markup": 0.04811823868078831,
          "n_close_orders": 14,
          "rentry_pprice_dist": 0.016172755403198673,
          "rentry_pprice_dist_wallet_exposure_weighting": 31.791681271543368,
          "wallet_exposure_limit": 0.2},
 "short": {"auto_unstuck_ema_dist": 0.03903412106981382,
           "auto_unstuck_wallet_exposure_threshold": 0.8219811158398088,
           "ddown_factor": 0.3172992387684958,
           "ema_span_0": 481.70605777941057,
           "ema_span_1": 2538.993513836241,
           "enabled": true,
           "initial_eprice_ema_dist": -0.006007155846209606,
           "initial_qty_pct": 0.05907451984288873,
           "markup_range": 0.05785970890802445,
           "min_markup": 0.005,
           "n_close_orders": 10,
           "rentry_pprice_dist": 0.01997159227377064,
           "rentry_pprice_dist_wallet_exposure_weighting": 20.61126212406665,
           "wallet_exposure_limit": 0.19716464789907986}}