{"config_name": "static_grid_API3USDT_13days",
 "logging_level": 0,
 "long": {"auto_unstuck_ema_dist": 0.026994491491869558,
          "auto_unstuck_wallet_exposure_threshold": 0.18124649448341362,
          "ema_span_0": 2258.31124546066,
          "ema_span_1": 3114.346384823559,
          "enabled": true,
          "eprice_exp_base": 1.224337796703418,
          "eprice_pprice_diff": 0.009630216788833187,
          "grid_span": 0.18255200824988804,
          "initial_eprice_ema_dist": -0.023137433469235275,
          "initial_qty_pct": 0.06154265622213459,
          "markup_range": 0.023252869875917348,
          "max_n_entry_orders": 10,
          "min_markup": 0.023285298032980458,
          "n_close_orders": 9,
          "secondary_allocation": 0.4372000946167696,
          "secondary_pprice_diff": 0.1284101931955891,
          "wallet_exposure_limit": 0.1},
 "short": {"auto_unstuck_ema_dist": 0.07358115161036176,
           "auto_unstuck_wallet_exposure_threshold": 0.4545243276766794,
           "ema_span_0": 950.7059377311531,
           "ema_span_1": 1573.0433592017985,
           "enabled": true,
           "eprice_exp_base": 1.2778317436667408,
           "eprice_pprice_diff": 0.036796149792923914,
           "grid_span": 0.21750466827819426,
           "initial_eprice_ema_dist": -0.05980077826829318,
           "initial_qty_pct": 0.06929774167126647,
           "markup_range": 0.0460142823988756,
           "max_n_entry_orders": 10,
           "min_markup": 0.04790799966440932,
           "n_close_orders": 12,
           "secondary_allocation": 0.020118199723130614,
           "secondary_pprice_diff": 0.3602059621877713,
           "wallet_exposure_limit": 0.14782327745496054}}