{"config_name": "recursive_grid_API3USDT_38days",
 "logging_level": 0,
 "long": {"auto_unstuck_ema_dist": 0.028390719976189693,
          "auto_unstuck_wallet_exposure_threshold": 0.0553118584346672,
          "ddown_factor": 0.32819591112548513,
          "ema_span_0": 2105.2318235311604,
          "ema_span_1": 1590.862528040706,
          "enabled": true,
          "initial_eprice_ema_dist": -0.017080451231141356,
          "initial_qty_pct": 0.09521587424844885,
          "markup_range": 0.011892171197187894,
          "min_markup": 0.023415565802432592,
          "n_close_orders": 14,
          "rentry_pprice_dist": 0.007801652266604438,
          "rentry_pprice_dist_wallet_exposure_weighting": 14.725289142959639,
          "wallet_exposure_limit": 0.19546514589312142},
 "short": {"auto_unstuck_ema_dist": 0.07067652126646268,
           "auto_unstuck_wallet_exposure_threshold": 0.43523906398301515,
           "ddown_factor": 0.254250894752724,
           "ema_span_0": 1515.4779862019182,
           "ema_span_1": 1540.5565897577512,
           "enabled": true,
           "initial_eprice_ema_dist": -0.04191602691324451,
           "initial_qty_pct": 0.059100913077775666,
           "markup_range": 0.03253468083630998,
           "min_markup": 0.013601020338893845,
           "n_close_orders": 13,
           "rentry_pprice_dist": 0.04632120837598787,
           "rentry_pprice_dist_wallet_exposure_weighting": 24.022338772288872,
           "wallet_exposure_limit": 0.19706937075292105}}