{"config_name": "static_grid_ARUSDT_160days",
 "logging_level": 0,
 "long": {"auto_unstuck_ema_dist": 0.04804804188821319,
          "auto_unstuck_wallet_exposure_threshold": 0.23226222577384453,
          "ema_span_0": 1655.309619758438,
          "ema_span_1": 2047.4977462320799,
          "enabled": true,
          "eprice_exp_base": 1.2964704328180732,
          "eprice_pprice_diff": 0.006562602482790477,
          "grid_span": 0.6341310072408051,
          "initial_eprice_ema_dist": -0.031542698395379855,
          "initial_qty_pct": 0.09270261744602461,
          "markup_range": 0.04643300381817301,
          "max_n_entry_orders": 10,
          "min_markup": 0.04854813106617911,
          "n_close_orders": 7,
          "secondary_allocation": 0.44735022365242844,
          "secondary_pprice_diff": 0.46818851036798176,
          "wallet_exposure_limit": 0.1},
 "short": {"auto_unstuck_ema_dist": 0.09407799242074495,
           "auto_unstuck_wallet_exposure_threshold": 0.287486312663737,
           "ema_span_0": 1690.7208810146274,
           "ema_span_1": 6996.584292326694,
           "enabled": true,
           "eprice_exp_base": 2.0783946092894863,
           "eprice_pprice_diff": 0.004178531737376818,
           "grid_span": 0.10941273649519695,
           "initial_eprice_ema_dist": -0.08598271601051424,
           "initial_qty_pct": 0.06841472522912458,
           "markup_range": 0.05,
           "max_n_entry_orders": 10,
           "min_markup": 0.05,
           "n_close_orders": 10,
           "secondary_allocation": 0.2809308190998284,
           "secondary_pprice_diff": 0.11672770749487843,
           "wallet_exposure_limit": 0.1023296073404327}}