{"config_name": "recursive_grid_ARUSDT_189days",
 "logging_level": 0,
 "long": {"auto_unstuck_ema_dist": 0.0454610423447628,
          "auto_unstuck_wallet_exposure_threshold": 0.00047127438221428175,
          "ddown_factor": 0.7441566552428847,
          "ema_span_0": 2050.9804120147774,
          "ema_span_1": 1697.9842851223304,
          "enabled": true,
          "initial_eprice_ema_dist": -0.03279278421737551,
          "initial_qty_pct": 0.08746252602201415,
          "markup_range": 0.043606955322152856,
          "min_markup": 0.05969152597253283,
          "n_close_orders": 4,
          "rentry_pprice_dist": 0.005881025571096106,
          "rentry_pprice_dist_wallet_exposure_weighting": 0,
          "wallet_exposure_limit": 0.1759868309086772},
 "short": {"auto_unstuck_ema_dist": 0.08142436611174574,
           "auto_unstuck_wallet_exposure_threshold": 0.06812891581128114,
           "ddown_factor": 2.2263949335036632,
           "ema_span_0": 1211.593419793761,
           "ema_span_1": 6882.040135818858,
           "enabled": true,
           "initial_eprice_ema_dist": -0.08020554148259268,
           "initial_qty_pct": 0.06892409859745288,
           "markup_range": 0.049751731986496156,
           "min_markup": 0.06,
           "n_close_orders": 7,
           "rentry_pprice_dist": 0.007598230848028603,
           "rentry_pprice_dist_wallet_exposure_weighting": 53.338335619852984,
           "wallet_exposure_limit": 0.2}}