{"config_name": "vanilla_long&shrt_binance_atomusdt_259days_adg0.51%_bkr90.14%",
 "logging_level": 0,
 "long": {"enabled": true,
          "iprc_MAr_coeffs": [[-0.10573135970086792, -0.15315498770800864],
                              [0.20229706474363304, -0.10364756629658493],
                              [-0.3005905610338723, 0.1745366110671041]],
          "iprc_const": 0.9986185536448087,
          "iqty_MAr_coeffs": [[-0.3729825321857255, -0.2679576129636817],
                              [0.31185811932783414, 0.26097746012783457],
                              [0.3334604836090931, -0.1443064903729042]],
          "iqty_const": 0.11835456610151446,
          "markup_MAr_coeffs": [[-0.3213932430240415, 0.08221129743695386],
                                [0.05539447907945322, 0.3828497888277401],
                                [-0.3478456074857428, -0.13336899916237155]],
          "markup_const": 1.0287104522738335,
          "pbr_limit": 0.584946204068485,
          "pbr_stop_loss": 0.4677437662087829,
          "rprc_MAr_coeffs": [[0.3328561771188934, 0.3219959884041117],
                              [-0.2640422239386421, -0.13656820676841183],
                              [-0.09732299550497354, -0.1671818165351181]],
          "rprc_PBr_coeffs": [[-0.6465718726426711, 0.004133474047282541]],
          "rprc_const": 0.9970978674261685,
          "rqty_MAr_coeffs": [[-0.04819477234165626, -0.2809079343353961],
                              [-0.07886694153402751, -0.3617979360406135],
                              [-0.10841173189158017, 0.3060925816368632]],
          "rqty_const": 1.3022928387267538},
 "max_span": 3443.026460894169,
 "min_span": 1435.536408577498,
 "n_spans": 3,
 "shrt": {"enabled": true,
          "iprc_MAr_coeffs": [[-0.09652362850748122, -0.26766767730272434],
                              [0.05041527696706539, 0.2586943519058858],
                              [-0.15514488698203066, -0.18707960025236572]],
          "iprc_const": 1.025713903700744,
          "iqty_MAr_coeffs": [[-0.2403310207886851, -0.04435319248646515],
                              [0.111059447014479, 0.15056373919061009],
                              [0.28494909642019184, 0.3338045672328269]],
          "iqty_const": 0.11244627887048522,
          "markup_MAr_coeffs": [[-0.3136256646568428, 0.1450246065395353],
                                [0.15571884267608674, -0.002048590882132061],
                                [-0.17043986836439073, -0.05227496412651799]],
          "markup_const": 0.9790542450012014,
          "pbr_limit": 0.4079922440926688,
          "pbr_stop_loss": 0.09230660573395641,
          "rprc_MAr_coeffs": [[-0.05544233699264861, -0.18281129839978957],
                              [-0.05673983557713606, -0.10795094014491412],
                              [-0.4, -0.2663909760536306]],
          "rprc_PBr_coeffs": [[0.3854529204684739, 0.9204363625819262]],
          "rprc_const": 1.0057840789442325,
          "rqty_MAr_coeffs": [[0.03527137216851337, -0.261599762997828],
                              [-0.21126963497547627, 0.4],
                              [0.11832096203441358, 0.10215938690186506]],
          "rqty_const": 0.7872838426922316}}