{"config_name": "static_grid_ATOMUSDT_198days",
 "logging_level": 0,
 "long": {"auto_unstuck_ema_dist": 0.047083359666238014,
          "auto_unstuck_wallet_exposure_threshold": 0.21886789801245898,
          "ema_span_0": 3508.009438927466,
          "ema_span_1": 4391.681656327783,
          "enabled": true,
          "eprice_exp_base": 1.3739778724998712,
          "eprice_pprice_diff": 0.007659830194831942,
          "grid_span": 0.17512302942612037,
          "initial_eprice_ema_dist": -0.02400221544766984,
          "initial_qty_pct": 0.01498499344200946,
          "markup_range": 0.03470033615016991,
          "max_n_entry_orders": 10,
          "min_markup": 0.04980809969243426,
          "n_close_orders": 6,
          "secondary_allocation": 0.483166483317125,
          "secondary_pprice_diff": 0.10757776483575358,
          "wallet_exposure_limit": 0.1},
 "short": {"auto_unstuck_ema_dist": 0.1,
           "auto_unstuck_wallet_exposure_threshold": 0.2329518179389899,
           "ema_span_0": 3318.267899899857,
           "ema_span_1": 9743.399233297288,
           "enabled": true,
           "eprice_exp_base": 1.2067189899699988,
           "eprice_pprice_diff": 0.0325225454357639,
           "grid_span": 0.4748061059271056,
           "initial_eprice_ema_dist": -0.036201717505145836,
           "initial_qty_pct": 0.0327384114125196,
           "markup_range": 0.05,
           "max_n_entry_orders": 10,
           "min_markup": 0.03883964916287422,
           "n_close_orders": 6,
           "secondary_allocation": 0.20697666653664942,
           "secondary_pprice_diff": 0.39342691139399055,
           "wallet_exposure_limit": 0.11370411145077566}}