{"config_name": "longonly_binance_atomusdt_171days_adg0.058%_bkr100.00%_eqbal97.66%",
 "logging_level": 0,
 "long": {"auto_unstuck_ema_dist": 0.06701532715102619,
          "auto_unstuck_wallet_exposure_threshold": 0.0827540125236651,
          "ema_span_max": 1528.647721475338,
          "ema_span_min": 1475.257834235001,
          "enabled": true,
          "eprice_exp_base": 1.7128970367342062,
          "eprice_pprice_diff": 0.014038612247367663,
          "grid_span": 0.31627332316473106,
          "initial_eprice_ema_dist": 0.046978362122682166,
          "initial_qty_pct": 0.020353623499074755,
          "markup_range": 0.019497246497145543,
          "max_n_entry_orders": 6,
          "min_markup": 0.028458224882701603,
          "n_close_orders": 12,
          "secondary_allocation": 0,
          "secondary_pprice_diff": 0.05,
          "wallet_exposure_limit": 0.05},
 "short": {"auto_unstuck_ema_dist": 0.029065018289555995,
           "auto_unstuck_wallet_exposure_threshold": 0.16260961525899353,
           "ema_span_max": 6210.944504309555,
           "ema_span_min": 1715.3717372314006,
           "enabled": false,
           "eprice_exp_base": 1.0711663736105774,
           "eprice_pprice_diff": 0.01543471052037758,
           "grid_span": 0.5066363416254887,
           "initial_eprice_ema_dist": -0.015728055573173232,
           "initial_qty_pct": 0.0379529341030346,
           "markup_range": 0.014433059437615477,
           "max_n_entry_orders": 10,
           "min_markup": 0.014373702271890635,
           "n_close_orders": 6,
           "secondary_allocation": 0,
           "secondary_pprice_diff": 0.05,
           "wallet_exposure_limit": 0.05}}