{"config_name": "longonly_binance_atomusdt_198days_adg0.087%_bkr100.00%_eqbal93.08%",
 "logging_level": 0,
 "long": {"enabled": true,
          "eprice_exp_base": 1.618034,
          "eprice_pprice_diff": 0.011634752864926049,
          "grid_span": 0.2633853123453505,
          "initial_qty_pct": 0.010210775921010433,
          "markup_range": 0.006661218619866374,
          "max_n_entry_orders": 10,
          "min_markup": 0.0049557175346630735,
          "n_close_orders": 7,
          "pbr_limit": 0.19177976979572967,
          "secondary_pbr_allocation": 0.2824907001245743,
          "secondary_pprice_diff": 0.4282129132081253},
 "shrt": {"enabled": false,
          "eprice_exp_base": 1.618034,
          "eprice_pprice_diff": 0.001,
          "grid_span": 0.03,
          "initial_qty_pct": 0.001,
          "markup_range": 0.004,
          "max_n_entry_orders": 10,
          "min_markup": 0.0005,
          "n_close_orders": 7,
          "pbr_limit": 0.5,
          "secondary_pbr_allocation": 0,
          "secondary_pprice_diff": 0.21}}