{"config_name": "recursive_grid_ATOMUSDT_198days",
 "logging_level": 0,
 "long": {"auto_unstuck_ema_dist": 0.04645525721036805,
          "auto_unstuck_wallet_exposure_threshold": 0.40483291074140526,
          "ddown_factor": 2.648215412592969,
          "ema_span_0": 2918.5022721073947,
          "ema_span_1": 5021.580454831922,
          "enabled": true,
          "initial_eprice_ema_dist": -0.07601383663460146,
          "initial_qty_pct": 0.04353885985278143,
          "markup_range": 0.046383259132790955,
          "min_markup": 0.044149938608302436,
          "n_close_orders": 12,
          "rentry_pprice_dist": 0.03341194578868763,
          "rentry_pprice_dist_wallet_exposure_weighting": 62.958681321470436,
          "wallet_exposure_limit": 0.1856736843726975},
 "short": {"auto_unstuck_ema_dist": 0.07796515308156117,
           "auto_unstuck_wallet_exposure_threshold": 0.2719891926920792,
           "ddown_factor": 1.0768741025015138,
           "ema_span_0": 1625.6618030928914,
           "ema_span_1": 9907.441094253982,
           "enabled": true,
           "initial_eprice_ema_dist": -0.009293439224437733,
           "initial_qty_pct": 0.011290977002882108,
           "markup_range": 0.038100303597189,
           "min_markup": 0.03832342551564585,
           "n_close_orders": 13,
           "rentry_pprice_dist": 0.036341968330543394,
           "rentry_pprice_dist_wallet_exposure_weighting": 18.625979438027763,
           "wallet_exposure_limit": 0.1901379357325458}}