{"config_name": "recursive_grid_ATOMUSDT_198days",
 "logging_level": 0,
 "long": {"auto_unstuck_ema_dist": 0.2882026100410994,
          "auto_unstuck_wallet_exposure_threshold": 0.645616865693165,
          "ddown_factor": 1.951869059663905,
          "ema_span_0": 6073.003623311381,
          "ema_span_1": 1095.7198474435668,
          "enabled": true,
          "initial_eprice_ema_dist": 0.03480623637344787,
          "initial_qty_pct": 0.0047617077403150415,
          "markup_range": 0.04204618609821359,
          "min_markup": 0.046740917173527505,
          "n_close_orders": 6,
          "rentry_pprice_dist": 0.032857883387345244,
          "rentry_pprice_dist_wallet_exposure_weighting": 21.716440029453608,
          "wallet_exposure_limit": 0.1},
 "short": {"auto_unstuck_ema_dist": 0.29408835547734535,
           "auto_unstuck_wallet_exposure_threshold": 0.07241687185104852,
           "ddown_factor": 0.7133853124737568,
           "ema_span_0": 4183.184749695018,
           "ema_span_1": 656.3243112148975,
           "enabled": true,
           "initial_eprice_ema_dist": 0.09570704491849819,
           "initial_qty_pct": 0.09362133623843158,
           "markup_range": 0.03469191514930589,
           "min_markup": 0.011612374575567956,
           "n_close_orders": 9,
           "rentry_pprice_dist": 0.03315338819730911,
           "rentry_pprice_dist_wallet_exposure_weighting": 57.9025245108441,
           "wallet_exposure_limit": 0.1}}