{"config_name": "static_grid_ATOMUSDT_243days",
 "logging_level": 0,
 "long": {"auto_unstuck_ema_dist": 0.04961602324628638,
          "auto_unstuck_wallet_exposure_threshold": 0.1750173181351453,
          "ema_span_0": 3798.477134368286,
          "ema_span_1": 4597.3171842429865,
          "enabled": true,
          "eprice_exp_base": 1.4538774503361922,
          "eprice_pprice_diff": 0.015649763664378345,
          "grid_span": 0.24296166243542916,
          "initial_eprice_ema_dist": -0.006693380879223171,
          "initial_qty_pct": 0.06566739492206246,
          "markup_range": 0.024247135279903992,
          "max_n_entry_orders": 10,
          "min_markup": 0.05324582494530044,
          "n_close_orders": 10,
          "secondary_allocation": 0.5888126840018962,
          "secondary_pprice_diff": 0.08613247140730876,
          "wallet_exposure_limit": 0.08},
 "short": {"auto_unstuck_ema_dist": 0.09368056405186198,
           "auto_unstuck_wallet_exposure_threshold": 0.5731802150369276,
           "ema_span_0": 4179.727917619614,
           "ema_span_1": 9848.852131356136,
           "enabled": true,
           "eprice_exp_base": 1.7731277244866654,
           "eprice_pprice_diff": 0.03874967122891268,
           "grid_span": 0.5816745083696373,
           "initial_eprice_ema_dist": -0.03669305754631809,
           "initial_qty_pct": 0.05032369515521323,
           "markup_range": 0.056504985995665245,
           "max_n_entry_orders": 10,
           "min_markup": 0.0380393130927394,
           "n_close_orders": 14,
           "secondary_allocation": 0.2220501809836525,
           "secondary_pprice_diff": 0.4980330277311521,
           "wallet_exposure_limit": 0.025}}