{"config_name": "longonly_binance_axsusdt_198days_adg0.386%_bkr44.17%_eqbal22.44%",
 "logging_level": 0,
 "long": {"enabled": true,
          "eprice_exp_base": 1.618034,
          "eprice_pprice_diff": 0.015874372559249356,
          "grid_span": 0.12117750839933647,
          "initial_qty_pct": 0.023109554596203043,
          "markup_range": 0.006915804181272789,
          "max_n_entry_orders": 10,
          "min_markup": 0.003189257247446824,
          "n_close_orders": 7,
          "pbr_limit": 0.1225949085858491,
          "secondary_pbr_allocation": 0.4419052199776178,
          "secondary_pprice_diff": 0.3046181444828245},
 "shrt": {"enabled": false,
          "eprice_exp_base": 1.618034,
          "eprice_pprice_diff": 0.001,
          "grid_span": 0.03,
          "initial_qty_pct": 0.001,
          "markup_range": 0.004,
          "max_n_entry_orders": 10,
          "min_markup": 0.0005,
          "n_close_orders": 7,
          "pbr_limit": 0.5,
          "secondary_pbr_allocation": 0,
          "secondary_pprice_diff": 0.21}}