{"config_name": "static_grid_BAKEUSDT_218days",
 "logging_level": 0,
 "long": {"auto_unstuck_ema_dist": 0.03687632809977124,
          "auto_unstuck_wallet_exposure_threshold": 0.1505095270269058,
          "ema_span_0": 1054.1141448767478,
          "ema_span_1": 6779.192807448127,
          "enabled": true,
          "eprice_exp_base": 1.5841150173623344,
          "eprice_pprice_diff": 0.00869199313048057,
          "grid_span": 0.2580781536496485,
          "initial_eprice_ema_dist": -0.008196829439747807,
          "initial_qty_pct": 0.07065715664830727,
          "markup_range": 0.01992661942527453,
          "max_n_entry_orders": 10,
          "min_markup": 0.030140739722934795,
          "n_close_orders": 11,
          "secondary_allocation": 0.28137879116654124,
          "secondary_pprice_diff": 0.38112217111597435,
          "wallet_exposure_limit": 0.1},
 "short": {"auto_unstuck_ema_dist": 0.043339169996760206,
           "auto_unstuck_wallet_exposure_threshold": 0.4287910668002918,
           "ema_span_0": 1037.7543242037307,
           "ema_span_1": 8356.80336590618,
           "enabled": true,
           "eprice_exp_base": 1.1464046579209652,
           "eprice_pprice_diff": 0.027600030282502915,
           "grid_span": 0.19813348423175056,
           "initial_eprice_ema_dist": -0.04310268294390519,
           "initial_qty_pct": 0.056227044833447516,
           "markup_range": 0.04668206188886319,
           "max_n_entry_orders": 10,
           "min_markup": 0.017136855012074428,
           "n_close_orders": 7,
           "secondary_allocation": 0.18526136385256303,
           "secondary_pprice_diff": 0.11125413695587973,
           "wallet_exposure_limit": 0.1418543825673405}}