{"config_name": "recursive_grid_BAKEUSDT_278days",
 "logging_level": 0,
 "long": {"auto_unstuck_ema_dist": 0.031903448185692525,
          "auto_unstuck_wallet_exposure_threshold": 0.38324636896074904,
          "ddown_factor": 1.6391402063567995,
          "ema_span_0": 749.5517106261349,
          "ema_span_1": 4536.1275754235185,
          "enabled": true,
          "initial_eprice_ema_dist": -0.027935685118918002,
          "initial_qty_pct": 0.07123894023356132,
          "markup_range": 0.03240850728278489,
          "min_markup": 0.022652543355914056,
          "n_close_orders": 13,
          "rentry_pprice_dist": 0.006351605331938704,
          "rentry_pprice_dist_wallet_exposure_weighting": 73.50002169332068,
          "wallet_exposure_limit": 0.12625833507117068},
 "short": {"auto_unstuck_ema_dist": 0.1,
           "auto_unstuck_wallet_exposure_threshold": 0.195431781776489,
           "ddown_factor": 2.9926498371760597,
           "ema_span_0": 449.92954456955346,
           "ema_span_1": 9348.289154610206,
           "enabled": true,
           "initial_eprice_ema_dist": -0.09643521705872304,
           "initial_qty_pct": 0.06551941970295441,
           "markup_range": 0.028779945724114003,
           "min_markup": 0.04107130867005123,
           "n_close_orders": 7,
           "rentry_pprice_dist": 0.027302988656853166,
           "rentry_pprice_dist_wallet_exposure_weighting": 8.000278907449978,
           "wallet_exposure_limit": 0.11332586983048762}}