{"config_name": "recursive_grid_BANDUSDT_278days",
 "logging_level": 0,
 "long": {"auto_unstuck_ema_dist": 0.03182527042163257,
          "auto_unstuck_wallet_exposure_threshold": 0.13898353336763603,
          "ddown_factor": 0.9234814022769005,
          "ema_span_0": 854.8741778524196,
          "ema_span_1": 2240.293883553298,
          "enabled": true,
          "initial_eprice_ema_dist": -0.026274479442287557,
          "initial_qty_pct": 0.0647807037588853,
          "markup_range": 0.029984676567499268,
          "min_markup": 0.05826628046612195,
          "n_close_orders": 14,
          "rentry_pprice_dist": 0.027914223002921408,
          "rentry_pprice_dist_wallet_exposure_weighting": 39.09784331738128,
          "wallet_exposure_limit": 0.154602123793519},
 "short": {"auto_unstuck_ema_dist": 0.09759354020241133,
           "auto_unstuck_wallet_exposure_threshold": 0.04972699816702164,
           "ddown_factor": 2.4086145953171343,
           "ema_span_0": 4008.0882006910338,
           "ema_span_1": 8273.180149214359,
           "enabled": true,
           "initial_eprice_ema_dist": -0.011302411994970214,
           "initial_qty_pct": 0.06621122607776281,
           "markup_range": 0.024796373722617136,
           "min_markup": 0.06,
           "n_close_orders": 11,
           "rentry_pprice_dist": 0.011250610545750946,
           "rentry_pprice_dist_wallet_exposure_weighting": 19.423962238464817,
           "wallet_exposure_limit": 0.2}}