{"config_name": "static_grid_BANDUSDT_213days",
 "logging_level": 0,
 "long": {"auto_unstuck_ema_dist": 0.031078375028225174,
          "auto_unstuck_wallet_exposure_threshold": 0.9433827306868823,
          "ema_span_0": 742.3637373427497,
          "ema_span_1": 1998.2699211040658,
          "enabled": true,
          "eprice_exp_base": 1.5425204762675564,
          "eprice_pprice_diff": 0.02673196638671045,
          "grid_span": 0.6589917099081135,
          "initial_eprice_ema_dist": -0.014575648130031624,
          "initial_qty_pct": 0.06031939804765643,
          "markup_range": 0.047850670632852144,
          "max_n_entry_orders": 10,
          "min_markup": 0.04841255804621391,
          "n_close_orders": 8,
          "secondary_allocation": 0.5531962435975455,
          "secondary_pprice_diff": 0.49323996140138116,
          "wallet_exposure_limit": 0.1},
 "short": {"auto_unstuck_ema_dist": 0.026871611847783472,
           "auto_unstuck_wallet_exposure_threshold": 0.08968549558902279,
           "ema_span_0": 2699.2132306363374,
           "ema_span_1": 7112.868019722967,
           "enabled": true,
           "eprice_exp_base": 1.202242990545846,
           "eprice_pprice_diff": 0.03374854564135799,
           "grid_span": 0.191588166339085,
           "initial_eprice_ema_dist": -0.05026569555468677,
           "initial_qty_pct": 0.06402215786984077,
           "markup_range": 0.021757650113617712,
           "max_n_entry_orders": 10,
           "min_markup": 0.03820009467647514,
           "n_close_orders": 12,
           "secondary_allocation": 0.23579612316008708,
           "secondary_pprice_diff": 0.05499395355813377,
           "wallet_exposure_limit": 0.15}}