{"config_name": "static_grid_BATUSDT_287days",
 "logging_level": 0,
 "long": {"auto_unstuck_ema_dist": 0.03195693493657788,
          "auto_unstuck_wallet_exposure_threshold": 0.043915599515191646,
          "ema_span_0": 2589.749942446481,
          "ema_span_1": 2178.7764241702534,
          "enabled": true,
          "eprice_exp_base": 1.1432609983003346,
          "eprice_pprice_diff": 0.01185561295260975,
          "grid_span": 0.21875375928993726,
          "initial_eprice_ema_dist": -0.02189805325229602,
          "initial_qty_pct": 0.06160343179809563,
          "markup_range": 0.006078874477510814,
          "max_n_entry_orders": 10,
          "min_markup": 0.024229364865663554,
          "n_close_orders": 12,
          "secondary_allocation": 0.26430154344602097,
          "secondary_pprice_diff": 0.48073330811952447,
          "wallet_exposure_limit": 0.08},
 "short": {"auto_unstuck_ema_dist": 0.09712067941483865,
           "auto_unstuck_wallet_exposure_threshold": 0.41693587826952844,
           "ema_span_0": 360,
           "ema_span_1": 9353.947879226593,
           "enabled": true,
           "eprice_exp_base": 1.2334459339893589,
           "eprice_pprice_diff": 0.013375446428538034,
           "grid_span": 0.4299065596422788,
           "initial_eprice_ema_dist": -0.005219098006774175,
           "initial_qty_pct": 0.05742831333350055,
           "markup_range": 0.05146068795761215,
           "max_n_entry_orders": 10,
           "min_markup": 0.05889637170928539,
           "n_close_orders": 13,
           "secondary_allocation": 0.16926454011360315,
           "secondary_pprice_diff": 0.32170482852859456,
           "wallet_exposure_limit": 0.025}}