{"config_name": "recursive_grid_BCHUSDT_278days",
 "logging_level": 0,
 "long": {"auto_unstuck_ema_dist": 0.03732702020658252,
          "auto_unstuck_wallet_exposure_threshold": 0.6315078694671014,
          "ddown_factor": 2.01441670048388,
          "ema_span_0": 786.9373011508847,
          "ema_span_1": 2791.3420516870306,
          "enabled": true,
          "initial_eprice_ema_dist": -0.022066683649692866,
          "initial_qty_pct": 0.08247195059203079,
          "markup_range": 0.016965475924316093,
          "min_markup": 0.06,
          "n_close_orders": 6,
          "rentry_pprice_dist": 0.044108189172268886,
          "rentry_pprice_dist_wallet_exposure_weighting": 48.87958317227668,
          "wallet_exposure_limit": 0.18604795333100244},
 "short": {"auto_unstuck_ema_dist": 0.09369070217316769,
           "auto_unstuck_wallet_exposure_threshold": 0.24283712663909007,
           "ddown_factor": 0.18240941340563294,
           "ema_span_0": 3757.9593285667515,
           "ema_span_1": 9253.083390181566,
           "enabled": true,
           "initial_eprice_ema_dist": -0.09724085368245866,
           "initial_qty_pct": 0.055065982296876606,
           "markup_range": 0.05323408381710451,
           "min_markup": 0.04713055968814422,
           "n_close_orders": 9,
           "rentry_pprice_dist": 0.01153558863419977,
           "rentry_pprice_dist_wallet_exposure_weighting": 40.7031432999063,
           "wallet_exposure_limit": 0.19931585789022335}}