{"config_name": "recursive_grid_BELUSDT_278days",
 "logging_level": 0,
 "long": {"auto_unstuck_ema_dist": 0.06964751965232906,
          "auto_unstuck_wallet_exposure_threshold": 0.08806418006612247,
          "ddown_factor": 2.7321078323826398,
          "ema_span_0": 3076.911389023808,
          "ema_span_1": 2717.559958183573,
          "enabled": true,
          "initial_eprice_ema_dist": -0.01599378258630605,
          "initial_qty_pct": 0.05267646356469478,
          "markup_range": 0.041989598625917786,
          "min_markup": 0.030487028891349653,
          "n_close_orders": 6,
          "rentry_pprice_dist": 0.014389675891916053,
          "rentry_pprice_dist_wallet_exposure_weighting": 0,
          "wallet_exposure_limit": 0.14310206429408096},
 "short": {"auto_unstuck_ema_dist": 0.06408830790037218,
           "auto_unstuck_wallet_exposure_threshold": 0.18992510858281347,
           "ddown_factor": 0.08521462108195621,
           "ema_span_0": 3898.1364187361796,
           "ema_span_1": 3962.314981370918,
           "enabled": true,
           "initial_eprice_ema_dist": -0.01775521799713459,
           "initial_qty_pct": 0.08717825716861935,
           "markup_range": 0.05957551597934451,
           "min_markup": 0.048804932671194574,
           "n_close_orders": 6,
           "rentry_pprice_dist": 0.006755044199737237,
           "rentry_pprice_dist_wallet_exposure_weighting": 67.7236267278321,
           "wallet_exposure_limit": 0.18845334966519492}}