{"config_name": "static_grid_BELUSDT_213days",
 "logging_level": 0,
 "long": {"auto_unstuck_ema_dist": 0.04569553048010203,
          "auto_unstuck_wallet_exposure_threshold": 0.32664702295910636,
          "ema_span_0": 1664.8237468017226,
          "ema_span_1": 3261.226058543931,
          "enabled": true,
          "eprice_exp_base": 1.0946033988372523,
          "eprice_pprice_diff": 0.019434399857691107,
          "grid_span": 0.530218815593521,
          "initial_eprice_ema_dist": -0.014352585918946439,
          "initial_qty_pct": 0.08222558261238458,
          "markup_range": 0.046061254008054,
          "max_n_entry_orders": 10,
          "min_markup": 0.043024648447047134,
          "n_close_orders": 12,
          "secondary_allocation": 0.6265750324302128,
          "secondary_pprice_diff": 0.40809581634660475,
          "wallet_exposure_limit": 0.1},
 "short": {"auto_unstuck_ema_dist": 0.07221416682168437,
           "auto_unstuck_wallet_exposure_threshold": 0.3997454239625679,
           "ema_span_0": 3145.1931019773383,
           "ema_span_1": 9013.485179938183,
           "enabled": true,
           "eprice_exp_base": 1.2761507784910626,
           "eprice_pprice_diff": 0.004035033031666477,
           "grid_span": 0.6832749267699075,
           "initial_eprice_ema_dist": -0.019937288797948097,
           "initial_qty_pct": 0.0614969282718732,
           "markup_range": 0.027815788326709518,
           "max_n_entry_orders": 10,
           "min_markup": 0.03630618963036457,
           "n_close_orders": 5,
           "secondary_allocation": 0.1940547610281783,
           "secondary_pprice_diff": 0.24289889921805302,
           "wallet_exposure_limit": 0.14769967635042616}}