{"config_name": "static_grid_BLZUSDT_213days",
 "logging_level": 0,
 "long": {"auto_unstuck_ema_dist": 0.057929764316551384,
          "auto_unstuck_wallet_exposure_threshold": 0.30765033540994485,
          "ema_span_0": 3525.9664943994862,
          "ema_span_1": 3323.22061944399,
          "enabled": true,
          "eprice_exp_base": 1.1003208899526633,
          "eprice_pprice_diff": 0.03225826969723615,
          "grid_span": 0.27703447709061085,
          "initial_eprice_ema_dist": -0.033862962522664165,
          "initial_qty_pct": 0.08331931602606275,
          "markup_range": 0.046618034297186646,
          "max_n_entry_orders": 10,
          "min_markup": 0.043186546115467815,
          "n_close_orders": 9,
          "secondary_allocation": 0.6020843168736421,
          "secondary_pprice_diff": 0.21953532742926188,
          "wallet_exposure_limit": 0.1},
 "short": {"auto_unstuck_ema_dist": 0.09435369391397268,
           "auto_unstuck_wallet_exposure_threshold": 0.038216267795697506,
           "ema_span_0": 459.1903000031528,
           "ema_span_1": 9102.101463448826,
           "enabled": true,
           "eprice_exp_base": 1.9476746067313253,
           "eprice_pprice_diff": 0.010751929543220276,
           "grid_span": 0.28484599742415867,
           "initial_eprice_ema_dist": -0.008799546117160644,
           "initial_qty_pct": 0.05820240406584,
           "markup_range": 0.031204217726094708,
           "max_n_entry_orders": 10,
           "min_markup": 0.04276609326615512,
           "n_close_orders": 5,
           "secondary_allocation": 0.10332890189310434,
           "secondary_pprice_diff": 0.35853813874553236,
           "wallet_exposure_limit": 0.14961831276585835}}