{"config_name": "recursive_grid_BLZUSDT_278days",
 "logging_level": 0,
 "long": {"auto_unstuck_ema_dist": 0.03667748194968335,
          "auto_unstuck_wallet_exposure_threshold": 0.08895755743780681,
          "ddown_factor": 1.6808366542186772,
          "ema_span_0": 3377.1351289585245,
          "ema_span_1": 1744.6947442736464,
          "enabled": true,
          "initial_eprice_ema_dist": -0.03267958644547567,
          "initial_qty_pct": 0.059990009072126455,
          "markup_range": 0.016834759963954872,
          "min_markup": 0.03651478178597187,
          "n_close_orders": 13,
          "rentry_pprice_dist": 0.006115855947812538,
          "rentry_pprice_dist_wallet_exposure_weighting": 3.937012530054387,
          "wallet_exposure_limit": 0.1},
 "short": {"auto_unstuck_ema_dist": 0.08824894791364157,
           "auto_unstuck_wallet_exposure_threshold": 0.2540571120768639,
           "ddown_factor": 2.7431943713538707,
           "ema_span_0": 1013.6417771718639,
           "ema_span_1": 9907.167255299551,
           "enabled": true,
           "initial_eprice_ema_dist": 0,
           "initial_qty_pct": 0.06433873980590296,
           "markup_range": 0.026338528332178108,
           "min_markup": 0.021284889814710686,
           "n_close_orders": 5,
           "rentry_pprice_dist": 0.017306920286059173,
           "rentry_pprice_dist_wallet_exposure_weighting": 35.197034796672554,
           "wallet_exposure_limit": 0.1922615039548813}}