{"config_name": "static_grid_BNBUSDT_243days",
 "logging_level": 0,
 "long": {"auto_unstuck_ema_dist": 0.03488513791856042,
          "auto_unstuck_wallet_exposure_threshold": 0.44084657044111886,
          "ema_span_0": 561.9954103682792,
          "ema_span_1": 1808.8601952982076,
          "enabled": true,
          "eprice_exp_base": 1.7761661475900667,
          "eprice_pprice_diff": 0.04394818958779498,
          "grid_span": 0.695673045208138,
          "initial_eprice_ema_dist": -0.032736498048027134,
          "initial_qty_pct": 0.09362382798403547,
          "markup_range": 0.04314226087716588,
          "max_n_entry_orders": 10,
          "min_markup": 0.035876329625813635,
          "n_close_orders": 5,
          "secondary_allocation": 0.41307581860512055,
          "secondary_pprice_diff": 0.3973087811482938,
          "wallet_exposure_limit": 0.08},
 "short": {"auto_unstuck_ema_dist": 0.08546945625832737,
           "auto_unstuck_wallet_exposure_threshold": 0.0160963182922023,
           "ema_span_0": 1096.3926688896447,
           "ema_span_1": 9930.361555022197,
           "enabled": true,
           "eprice_exp_base": 1.5586358833957195,
           "eprice_pprice_diff": 0.03371804991054934,
           "grid_span": 0.6085660409383975,
           "initial_eprice_ema_dist": -0.08617500410130587,
           "initial_qty_pct": 0.07517226066565035,
           "markup_range": 0.00903905078562741,
           "max_n_entry_orders": 10,
           "min_markup": 0.06,
           "n_close_orders": 10,
           "secondary_allocation": 0.2007981471273585,
           "secondary_pprice_diff": 0.2575100073237083,
           "wallet_exposure_limit": 0.025}}