{"config_name": "static_grid_BTSUSDT_213days__this_is_better_than_recursive!",
 "logging_level": 0,
 "long": {"auto_unstuck_ema_dist": 0.03560786358229914,
          "auto_unstuck_wallet_exposure_threshold": 0.28486344876956876,
          "ema_span_0": 1375.751422262695,
          "ema_span_1": 3814.9409481393886,
          "enabled": true,
          "eprice_exp_base": 1.2893488087873837,
          "eprice_pprice_diff": 0.031771112003096465,
          "grid_span": 0.23673062773605547,
          "initial_eprice_ema_dist": -0.03389998126283865,
          "initial_qty_pct": 0.06557254656097261,
          "markup_range": 0.03877557234773178,
          "max_n_entry_orders": 10,
          "min_markup": 0.04973258179906849,
          "n_close_orders": 12,
          "secondary_allocation": 0.37848273051083897,
          "secondary_pprice_diff": 0.23663760318789773,
          "wallet_exposure_limit": 0.1},
 "short": {"auto_unstuck_ema_dist": 0.07604513403863418,
           "auto_unstuck_wallet_exposure_threshold": 0.7630571336455432,
           "ema_span_0": 4291.632445828735,
           "ema_span_1": 9141.998678130461,
           "enabled": true,
           "eprice_exp_base": 1.0969806793720118,
           "eprice_pprice_diff": 0.011561650481686168,
           "grid_span": 0.3483986269580722,
           "initial_eprice_ema_dist": -0.07702707879824115,
           "initial_qty_pct": 0.08586621476949939,
           "markup_range": 0.022017849145849575,
           "max_n_entry_orders": 10,
           "min_markup": 0.05,
           "n_close_orders": 13,
           "secondary_allocation": 0.6019093607959383,
           "secondary_pprice_diff": 0.12551226409857966,
           "wallet_exposure_limit": 0.15}}