{"config_name": "recursive_grid_C98USDT_224days",
 "logging_level": 0,
 "long": {"auto_unstuck_ema_dist": 0.09035528679126942,
          "auto_unstuck_wallet_exposure_threshold": 0.5096380125872659,
          "ddown_factor": 0.9882715293911479,
          "ema_span_0": 360,
          "ema_span_1": 7287.1089244023815,
          "enabled": true,
          "initial_eprice_ema_dist": -0.011932447428078715,
          "initial_qty_pct": 0.053098736218388495,
          "markup_range": 0.058040827576912056,
          "min_markup": 0.01383453971585295,
          "n_close_orders": 4,
          "rentry_pprice_dist": 0.005296976640205279,
          "rentry_pprice_dist_wallet_exposure_weighting": 80.97833551057576,
          "wallet_exposure_limit": 0.15678804688537717},
 "short": {"auto_unstuck_ema_dist": 0.09342261451470331,
           "auto_unstuck_wallet_exposure_threshold": 0.23039087387608898,
           "ddown_factor": 1.425455973029389,
           "ema_span_0": 525.2962417841849,
           "ema_span_1": 8526.325286927551,
           "enabled": true,
           "initial_eprice_ema_dist": -0.06119737548986232,
           "initial_qty_pct": 0.07200008153746826,
           "markup_range": 0.05675643142680718,
           "min_markup": 0.05785009379205466,
           "n_close_orders": 11,
           "rentry_pprice_dist": 0.01159399320916307,
           "rentry_pprice_dist_wallet_exposure_weighting": 29.61150716383765,
           "wallet_exposure_limit": 0.19989747050471907}}