{"config_name": "static_grid_C98USDT_195days",
 "logging_level": 0,
 "long": {"auto_unstuck_ema_dist": 0.1,
          "auto_unstuck_wallet_exposure_threshold": 0.24279240622894915,
          "ema_span_0": 1081.3467469663829,
          "ema_span_1": 3267.824493049236,
          "enabled": true,
          "eprice_exp_base": 1.3113486172852762,
          "eprice_pprice_diff": 0.002345065578465656,
          "grid_span": 0.42907413186757704,
          "initial_eprice_ema_dist": -0.03510776963307469,
          "initial_qty_pct": 0.08055076301522265,
          "markup_range": 0.03614484720566393,
          "max_n_entry_orders": 10,
          "min_markup": 0.035913099869500524,
          "n_close_orders": 8,
          "secondary_allocation": 0.37080858802439004,
          "secondary_pprice_diff": 0.3606354110714117,
          "wallet_exposure_limit": 0.1},
 "short": {"auto_unstuck_ema_dist": 0.09345797965003536,
           "auto_unstuck_wallet_exposure_threshold": 0.4190243844478654,
           "ema_span_0": 894.8368757395026,
           "ema_span_1": 5774.842080887357,
           "enabled": true,
           "eprice_exp_base": 1.46221597804752,
           "eprice_pprice_diff": 0.016693450042736622,
           "grid_span": 0.1579088042063993,
           "initial_eprice_ema_dist": -0.08083976368136157,
           "initial_qty_pct": 0.06315968861415082,
           "markup_range": 0.014122868070263691,
           "max_n_entry_orders": 10,
           "min_markup": 0.04658555984818324,
           "n_close_orders": 8,
           "secondary_allocation": 0.22045163410257917,
           "secondary_pprice_diff": 0.42686051178480827,
           "wallet_exposure_limit": 0.14769315859951637}}