{"config_name": "recursive_grid_CELRUSDT_278days",
 "logging_level": 0,
 "long": {"auto_unstuck_ema_dist": 0.06709962838947608,
          "auto_unstuck_wallet_exposure_threshold": 0.03266055204585567,
          "ddown_factor": 2.9800709133696657,
          "ema_span_0": 3533.072519436457,
          "ema_span_1": 2773.536337735049,
          "enabled": true,
          "initial_eprice_ema_dist": -0.05973976309153755,
          "initial_qty_pct": 0.09677892057675454,
          "markup_range": 0.04248782173684321,
          "min_markup": 0.03596451449408845,
          "n_close_orders": 5,
          "rentry_pprice_dist": 0.008758779086913557,
          "rentry_pprice_dist_wallet_exposure_weighting": 40.51034509972346,
          "wallet_exposure_limit": 0.1668801649296053},
 "short": {"auto_unstuck_ema_dist": 0.024499343460612878,
           "auto_unstuck_wallet_exposure_threshold": 0,
           "ddown_factor": 1.9369567275017208,
           "ema_span_0": 3598.882378251427,
           "ema_span_1": 10080,
           "enabled": true,
           "initial_eprice_ema_dist": -0.04420942308225233,
           "initial_qty_pct": 0.09593543818753945,
           "markup_range": 0.01031377593581585,
           "min_markup": 0.006468659225191518,
           "n_close_orders": 5,
           "rentry_pprice_dist": 0.04659525882776134,
           "rentry_pprice_dist_wallet_exposure_weighting": 77.83027332001714,
           "wallet_exposure_limit": 0.12728912741369264}}