{"config_name": "recursive_grid_CHRUSDT_278days",
 "logging_level": 0,
 "long": {"auto_unstuck_ema_dist": 0.05468955923736211,
          "auto_unstuck_wallet_exposure_threshold": 0.3402533089202679,
          "ddown_factor": 0.19993752103860676,
          "ema_span_0": 2104.305399295328,
          "ema_span_1": 1652.4278758096723,
          "enabled": true,
          "initial_eprice_ema_dist": -0.0349332985106907,
          "initial_qty_pct": 0.09061519067662997,
          "markup_range": 0.019558917384251223,
          "min_markup": 0.05224532187340386,
          "n_close_orders": 12,
          "rentry_pprice_dist": 0.023333015105570974,
          "rentry_pprice_dist_wallet_exposure_weighting": 11.92695694727401,
          "wallet_exposure_limit": 0.18788715489160188},
 "short": {"auto_unstuck_ema_dist": 0.06828436032411009,
           "auto_unstuck_wallet_exposure_threshold": 0.029687697893973075,
           "ddown_factor": 2.4565119983819934,
           "ema_span_0": 3003.0165164188584,
           "ema_span_1": 5522.7225446944585,
           "enabled": true,
           "initial_eprice_ema_dist": -0.0004478609822337856,
           "initial_qty_pct": 0.09429633059826427,
           "markup_range": 0.05739869949260009,
           "min_markup": 0.03695139242674613,
           "n_close_orders": 4,
           "rentry_pprice_dist": 0.048748149620059876,
           "rentry_pprice_dist_wallet_exposure_weighting": 60.71225450854229,
           "wallet_exposure_limit": 0.1821690853038284}}