{"config_name": "recursive_grid_CHZUSDT_243days",
 "logging_level": 0,
 "long": {"auto_unstuck_ema_dist": 0.04463073603391527,
          "auto_unstuck_wallet_exposure_threshold": 0.014768014503338311,
          "ddown_factor": 0.8810033731450951,
          "ema_span_0": 1204.0256929009265,
          "ema_span_1": 1746.920516251649,
          "enabled": true,
          "initial_eprice_ema_dist": -0.018656357450295875,
          "initial_qty_pct": 0.08820707525651773,
          "markup_range": 0.019422862270298612,
          "min_markup": 0.024135994250437037,
          "n_close_orders": 8,
          "rentry_pprice_dist": 0.03670791285513268,
          "rentry_pprice_dist_wallet_exposure_weighting": 2.2077669560320135,
          "wallet_exposure_limit": 0.14670534522724527},
 "short": {"auto_unstuck_ema_dist": 0.05622717817890778,
           "auto_unstuck_wallet_exposure_threshold": 0.04585537729971147,
           "ddown_factor": 0.42635667980738423,
           "ema_span_0": 3527.091891508383,
           "ema_span_1": 8981.508931612005,
           "enabled": true,
           "initial_eprice_ema_dist": -0.05172843449584959,
           "initial_qty_pct": 0.07300135128012161,
           "markup_range": 0.04391326828452629,
           "min_markup": 0.03409422147463393,
           "n_close_orders": 13,
           "rentry_pprice_dist": 0.007721954047502716,
           "rentry_pprice_dist_wallet_exposure_weighting": 52.851650649537824,
           "wallet_exposure_limit": 0.19406463390209852}}