{"config_name": "long&short_binance_chzusdt_175days_adg0.070%_bkr100.00%_eqbal88.00%",
 "logging_level": 0,
 "long": {"auto_unstuck_ema_dist": 0.06708065022705412,
          "auto_unstuck_wallet_exposure_threshold": 0.06055903107734354,
          "ema_span_max": 2573.7720485515747,
          "ema_span_min": 10080,
          "enabled": true,
          "eprice_exp_base": 2.0211830917476727,
          "eprice_pprice_diff": 0.007003475244097879,
          "grid_span": 0.5935452571945955,
          "initial_eprice_ema_dist": -0.0403129182718106,
          "initial_qty_pct": 0.037144794578783745,
          "markup_range": 0.02249203840464801,
          "max_n_entry_orders": 13,
          "min_markup": 0.04,
          "n_close_orders": 6,
          "secondary_allocation": 0,
          "secondary_pprice_diff": 0.05,
          "wallet_exposure_limit": 0.05},
 "short": {"auto_unstuck_ema_dist": 0.04713473098787823,
           "auto_unstuck_wallet_exposure_threshold": 0.033150389626021515,
           "ema_span_max": 8247.748808914446,
           "ema_span_min": 6005.886926343214,
           "enabled": true,
           "eprice_exp_base": 1.6217712526534789,
           "eprice_pprice_diff": 0.012678431648794234,
           "grid_span": 0.2650094315170956,
           "initial_eprice_ema_dist": -0.06523475284837155,
           "initial_qty_pct": 0.027070729439322455,
           "markup_range": 0.018753860211285747,
           "max_n_entry_orders": 8,
           "min_markup": 0.037440888681595154,
           "n_close_orders": 5,
           "secondary_allocation": 0,
           "secondary_pprice_diff": 0.05,
           "wallet_exposure_limit": 0.05}}