{"config_name": "static_grid_CHZUSDT_198days",
 "logging_level": 0,
 "long": {"auto_unstuck_ema_dist": 0.045467702123075264,
          "auto_unstuck_wallet_exposure_threshold": 0.28278625320211004,
          "ema_span_0": 699.7873249611862,
          "ema_span_1": 1665.6045052286618,
          "enabled": true,
          "eprice_exp_base": 1.6549600200996988,
          "eprice_pprice_diff": 0.033518880693031765,
          "grid_span": 0.14054870720174717,
          "initial_eprice_ema_dist": -0.019049283851637146,
          "initial_qty_pct": 0.09128006715935479,
          "markup_range": 0.038842209813914425,
          "max_n_entry_orders": 10,
          "min_markup": 0.041772648535152244,
          "n_close_orders": 9,
          "secondary_allocation": 0.410468252867063,
          "secondary_pprice_diff": 0.23408047113100705,
          "wallet_exposure_limit": 0.1},
 "short": {"auto_unstuck_ema_dist": 0,
           "auto_unstuck_wallet_exposure_threshold": 0.010947434882058292,
           "ema_span_0": 2901.4252453002246,
           "ema_span_1": 9041.84360119838,
           "enabled": true,
           "eprice_exp_base": 1.734344544062963,
           "eprice_pprice_diff": 0.009593459646623746,
           "grid_span": 0.23258474831977222,
           "initial_eprice_ema_dist": -0.027058999482713765,
           "initial_qty_pct": 0.08751435921380366,
           "markup_range": 0.04861589127565494,
           "max_n_entry_orders": 10,
           "min_markup": 0.04897697574128461,
           "n_close_orders": 10,
           "secondary_allocation": 0.06909653006829773,
           "secondary_pprice_diff": 0.2747962821883641,
           "wallet_exposure_limit": 0.13557367374288332}}