{"config_name": "recursive_grid_CHZUSDT_198days",
 "logging_level": 0,
 "long": {"auto_unstuck_ema_dist": 0.2527002006465182,
          "auto_unstuck_wallet_exposure_threshold": 0.13656827402827332,
          "ddown_factor": 2.464105318357132,
          "ema_span_0": 609.6660931845323,
          "ema_span_1": 1042.3182172886122,
          "enabled": true,
          "initial_eprice_ema_dist": 0.09260544691704749,
          "initial_qty_pct": 0.025228548414396045,
          "markup_range": 0.05,
          "min_markup": 0.03227045505077092,
          "n_close_orders": 4,
          "rentry_pprice_dist": 0.012074782290808984,
          "rentry_pprice_dist_wallet_exposure_weighting": 8.486320420565367,
          "wallet_exposure_limit": 0.1},
 "short": {"auto_unstuck_ema_dist": 0.06834929171260253,
           "auto_unstuck_wallet_exposure_threshold": 0.5884692092436964,
           "ddown_factor": 2.599926855118054,
           "ema_span_0": 374.66995095098065,
           "ema_span_1": 1657.5838220315645,
           "enabled": true,
           "initial_eprice_ema_dist": 0.05014148821784872,
           "initial_qty_pct": 0.025945709859224245,
           "markup_range": 0.037206949302158634,
           "min_markup": 0.030762550858172588,
           "n_close_orders": 4,
           "rentry_pprice_dist": 0.005738697851798996,
           "rentry_pprice_dist_wallet_exposure_weighting": 37.521432605262,
           "wallet_exposure_limit": 0.1}}