{"config_name": "recursive_grid_CHZUSDT_198days",
 "logging_level": 0,
 "long": {"auto_unstuck_ema_dist": 0.3198546560913683,
          "auto_unstuck_wallet_exposure_threshold": 0.12882242351359757,
          "ddown_factor": 0.7832391056319774,
          "ema_span_0": 631.3517361154306,
          "ema_span_1": 1041.5477729980075,
          "enabled": true,
          "initial_eprice_ema_dist": 0.09339053251001443,
          "initial_qty_pct": 0.05085064122307984,
          "markup_range": 0.05,
          "min_markup": 0.03216612554848926,
          "n_close_orders": 4,
          "rentry_pprice_dist": 0.02348016267691795,
          "rentry_pprice_dist_wallet_exposure_weighting": 57.43342114008423,
          "wallet_exposure_limit": 0.1},
 "short": {"auto_unstuck_ema_dist": 0.08065172638995391,
           "auto_unstuck_wallet_exposure_threshold": 0.3033530540752155,
           "ddown_factor": 2.8406108742603506,
           "ema_span_0": 4543.561112515239,
           "ema_span_1": 10040.271525193128,
           "enabled": true,
           "initial_eprice_ema_dist": -0.06532703616244502,
           "initial_qty_pct": 0.08262422715224318,
           "markup_range": 0.005950061797112809,
           "min_markup": 0.04320740134420247,
           "n_close_orders": 11,
           "rentry_pprice_dist": 0.014012217083203804,
           "rentry_pprice_dist_wallet_exposure_weighting": 30.93371280824275,
           "wallet_exposure_limit": 0.1}}