{"config_name": "recursive_grid_COMPUSDT_198days",
 "logging_level": 0,
 "long": {"auto_unstuck_ema_dist": 0.118583233359222,
          "auto_unstuck_wallet_exposure_threshold": 0.1880183167617549,
          "ddown_factor": 1.3027593319716106,
          "ema_span_0": 9766.876445322026,
          "ema_span_1": 6638.181367565566,
          "enabled": true,
          "initial_eprice_ema_dist": 0.09460280821960573,
          "initial_qty_pct": 0.06087460099046224,
          "markup_range": 0.04957190970354697,
          "min_markup": 0.039060437239427266,
          "n_close_orders": 4,
          "rentry_pprice_dist": 0.022295137657747946,
          "rentry_pprice_dist_wallet_exposure_weighting": 50.68037746463203,
          "wallet_exposure_limit": 0.1},
 "short": {"auto_unstuck_ema_dist": 0.020434129937983228,
           "auto_unstuck_wallet_exposure_threshold": 0.029254260631681454,
           "ddown_factor": 2.0814361714778773,
           "ema_span_0": 5933.421182870922,
           "ema_span_1": 6882.370350901764,
           "enabled": true,
           "initial_eprice_ema_dist": 0.1,
           "initial_qty_pct": 0.03847983065740713,
           "markup_range": 0.05,
           "min_markup": 0.04999452203655165,
           "n_close_orders": 11,
           "rentry_pprice_dist": 0.04663982573593419,
           "rentry_pprice_dist_wallet_exposure_weighting": 15.310779547000816,
           "wallet_exposure_limit": 0.1}}