{"config_name": "static_grid_COMPUSDT_213days",
 "logging_level": 0,
 "long": {"auto_unstuck_ema_dist": 0.06489565249655199,
          "auto_unstuck_wallet_exposure_threshold": 0.2098760253280194,
          "ema_span_0": 2835.7563450870052,
          "ema_span_1": 3895.090797660831,
          "enabled": true,
          "eprice_exp_base": 1.0828888080337464,
          "eprice_pprice_diff": 0.025140457461296662,
          "grid_span": 0.4524787931697004,
          "initial_eprice_ema_dist": -0.023130751684473733,
          "initial_qty_pct": 0.09621359196733589,
          "markup_range": 0.0465959088245513,
          "max_n_entry_orders": 10,
          "min_markup": 0.021409499399539643,
          "n_close_orders": 12,
          "secondary_allocation": 0.6099125429112408,
          "secondary_pprice_diff": 0.49863497990728967,
          "wallet_exposure_limit": 0.1},
 "short": {"auto_unstuck_ema_dist": 0.09544713251169562,
           "auto_unstuck_wallet_exposure_threshold": 0.29623239388335665,
           "ema_span_0": 3559.8799978267384,
           "ema_span_1": 10076.762260641095,
           "enabled": true,
           "eprice_exp_base": 1.7375483237030505,
           "eprice_pprice_diff": 0.03015103254596719,
           "grid_span": 0.1,
           "initial_eprice_ema_dist": -0.05141722595432171,
           "initial_qty_pct": 0.08297919597775974,
           "markup_range": 0.034944375611707795,
           "max_n_entry_orders": 10,
           "min_markup": 0.04521444687739936,
           "n_close_orders": 8,
           "secondary_allocation": 0.24998401022804922,
           "secondary_pprice_diff": 0.0951652059190919,
           "wallet_exposure_limit": 0.14426667784994826}}