{"config_name": "recursive_grid_COTIUSDT_278days",
 "logging_level": 0,
 "long": {"auto_unstuck_ema_dist": 0.05857666695637482,
          "auto_unstuck_wallet_exposure_threshold": 0.15566354264511825,
          "ddown_factor": 1.3638451819882191,
          "ema_span_0": 2093.4574771912858,
          "ema_span_1": 2231.7366518756007,
          "enabled": true,
          "initial_eprice_ema_dist": -0.043289009182414497,
          "initial_qty_pct": 0.0983530628528357,
          "markup_range": 0.021399780486578923,
          "min_markup": 0.05889409849245723,
          "n_close_orders": 14,
          "rentry_pprice_dist": 0.03303828901908833,
          "rentry_pprice_dist_wallet_exposure_weighting": 12.387351636167867,
          "wallet_exposure_limit": 0.19855822535068268},
 "short": {"auto_unstuck_ema_dist": 0.09467404683714599,
           "auto_unstuck_wallet_exposure_threshold": 0.27955319179273747,
           "ddown_factor": 0.14100535582397694,
           "ema_span_0": 3608.8587327618075,
           "ema_span_1": 1872.5118604933211,
           "enabled": true,
           "initial_eprice_ema_dist": -0.0770253988672809,
           "initial_qty_pct": 0.06572577241717793,
           "markup_range": 0.005475590071462743,
           "min_markup": 0.020953608035712036,
           "n_close_orders": 8,
           "rentry_pprice_dist": 0.04497252499096391,
           "rentry_pprice_dist_wallet_exposure_weighting": 8.601060932829672,
           "wallet_exposure_limit": 0.2}}