{"config_name": "recursive_grid_COTIUSDT_198days",
 "logging_level": 0,
 "long": {"auto_unstuck_ema_dist": 0.022046271904325,
          "auto_unstuck_wallet_exposure_threshold": 0.19699976738961167,
          "ddown_factor": 1.137629395122521,
          "ema_span_0": 3892.659516543155,
          "ema_span_1": 6667.251393348948,
          "enabled": true,
          "initial_eprice_ema_dist": -0.08496902498107628,
          "initial_qty_pct": 0.022346477887032277,
          "markup_range": 0.04687322937456341,
          "min_markup": 0.049122655405538736,
          "n_close_orders": 12,
          "rentry_pprice_dist": 0.008405411562841877,
          "rentry_pprice_dist_wallet_exposure_weighting": 43.81956116160516,
          "wallet_exposure_limit": 0.182938073158767},
 "short": {"auto_unstuck_ema_dist": 0.0589387113122895,
           "auto_unstuck_wallet_exposure_threshold": 0.07587614417810307,
           "ddown_factor": 2.004057658453444,
           "ema_span_0": 3889.28458143782,
           "ema_span_1": 9159.166486711703,
           "enabled": true,
           "initial_eprice_ema_dist": -0.02478595765475225,
           "initial_qty_pct": 0.03115831905264499,
           "markup_range": 0.03429345242543963,
           "min_markup": 0.04056486521778376,
           "n_close_orders": 9,
           "rentry_pprice_dist": 0.046748985192615326,
           "rentry_pprice_dist_wallet_exposure_weighting": 46.56191012094162,
           "wallet_exposure_limit": 0.19023201985271126}}