{"config_name": "recursive_grid_COTIUSDT_198days",
 "logging_level": 0,
 "long": {"auto_unstuck_ema_dist": 0.26857184500791936,
          "auto_unstuck_wallet_exposure_threshold": 0.1485967028818746,
          "ddown_factor": 1.6445507585228523,
          "ema_span_0": 1122.6295077175855,
          "ema_span_1": 1061.1030508199583,
          "enabled": true,
          "initial_eprice_ema_dist": 0.05640419838779964,
          "initial_qty_pct": 0.011299461253735855,
          "markup_range": 0.025981851878547624,
          "min_markup": 0.04870935855950536,
          "n_close_orders": 4,
          "rentry_pprice_dist": 0.04489210675376565,
          "rentry_pprice_dist_wallet_exposure_weighting": 49.7894436756162,
          "wallet_exposure_limit": 0.1},
 "short": {"auto_unstuck_ema_dist": 0.4087638095167631,
           "auto_unstuck_wallet_exposure_threshold": 0.43041719121574845,
           "ddown_factor": 1.4789581628327717,
           "ema_span_0": 2326.446711398098,
           "ema_span_1": 9386.732970189136,
           "enabled": true,
           "initial_eprice_ema_dist": 0.007419784927595006,
           "initial_qty_pct": 0.08511051868803014,
           "markup_range": 0.03691726929930208,
           "min_markup": 0.04202139197430336,
           "n_close_orders": 5,
           "rentry_pprice_dist": 0.010719341820534495,
           "rentry_pprice_dist_wallet_exposure_weighting": 55.5701315797035,
           "wallet_exposure_limit": 0.1}}