{"config_name": "recursive_grid_CRVUSDT_198days",
 "logging_level": 0,
 "long": {"auto_unstuck_ema_dist": 0.44707482347986943,
          "auto_unstuck_wallet_exposure_threshold": 0.155321266882064,
          "ddown_factor": 2.5358834087199393,
          "ema_span_0": 531.331602913996,
          "ema_span_1": 3377.1774531638234,
          "enabled": true,
          "initial_eprice_ema_dist": 0.1,
          "initial_qty_pct": 0.08825119695812428,
          "markup_range": 0.03314850926488344,
          "min_markup": 0.04843509141500253,
          "n_close_orders": 11,
          "rentry_pprice_dist": 0.03272691195471506,
          "rentry_pprice_dist_wallet_exposure_weighting": 4.8221234013642125,
          "wallet_exposure_limit": 0.1},
 "short": {"auto_unstuck_ema_dist": 0.12062617660323119,
           "auto_unstuck_wallet_exposure_threshold": 0.21297758540270745,
           "ddown_factor": 1.6668039745400813,
           "ema_span_0": 1956.8994734881273,
           "ema_span_1": 2498.41251747156,
           "enabled": true,
           "initial_eprice_ema_dist": 0.09008020763984045,
           "initial_qty_pct": 0.03102517700282458,
           "markup_range": 0.04276974458265328,
           "min_markup": 0.007435254007169985,
           "n_close_orders": 12,
           "rentry_pprice_dist": 0.0493812549441212,
           "rentry_pprice_dist_wallet_exposure_weighting": 46.75608554566476,
           "wallet_exposure_limit": 0.1}}