{"config_name": "long&short_binance_crvusdt_175days_adg0.091%_bkr100.00%_eqbal93.27%",
 "logging_level": 0,
 "long": {"auto_unstuck_ema_dist": -0.0022360150262206967,
          "auto_unstuck_wallet_exposure_threshold": 0.12380908880800262,
          "ema_span_max": 6382.894847577279,
          "ema_span_min": 9456.979757572499,
          "enabled": true,
          "eprice_exp_base": 1.162367765707554,
          "eprice_pprice_diff": 0.008041756256016455,
          "grid_span": 0.5616694811892784,
          "initial_eprice_ema_dist": 0.05,
          "initial_qty_pct": 0.024960354694655303,
          "markup_range": 0.014970605317685695,
          "max_n_entry_orders": 13,
          "min_markup": 0.04,
          "n_close_orders": 6,
          "secondary_allocation": 0,
          "secondary_pprice_diff": 0.05,
          "wallet_exposure_limit": 0.05},
 "short": {"auto_unstuck_ema_dist": 0.041256404251012624,
           "auto_unstuck_wallet_exposure_threshold": 0.1573138511601284,
           "ema_span_max": 757.4618644339793,
           "ema_span_min": 1844.531106796071,
           "enabled": true,
           "eprice_exp_base": 1.7949217756175226,
           "eprice_pprice_diff": 0.007569448385435332,
           "grid_span": 0.25895414317543664,
           "initial_eprice_ema_dist": 0.0481584901038529,
           "initial_qty_pct": 0.029980799241807056,
           "markup_range": 0.02337346490889047,
           "max_n_entry_orders": 14,
           "min_markup": 0.013808705127077641,
           "n_close_orders": 12,
           "secondary_allocation": 0,
           "secondary_pprice_diff": 0.05,
           "wallet_exposure_limit": 0.05}}