{"config_name": "recursive_grid_CRVUSDT_198days",
 "logging_level": 0,
 "long": {"auto_unstuck_ema_dist": 0.5,
          "auto_unstuck_wallet_exposure_threshold": 0.009229413948619758,
          "ddown_factor": 1.9717778014173126,
          "ema_span_0": 1646.142398981562,
          "ema_span_1": 451.6641319360251,
          "enabled": true,
          "initial_eprice_ema_dist": 0.09004719703402513,
          "initial_qty_pct": 0.001,
          "markup_range": 0.006173473031533781,
          "min_markup": 0.04244910387731985,
          "n_close_orders": 12,
          "rentry_pprice_dist": 0.04216560733740488,
          "rentry_pprice_dist_wallet_exposure_weighting": 31.694600437551728,
          "wallet_exposure_limit": 0.1},
 "short": {"auto_unstuck_ema_dist": 0.41357760552317063,
           "auto_unstuck_wallet_exposure_threshold": 0.13883654629165249,
           "ddown_factor": 1.7986853982635516,
           "ema_span_0": 2541.9773020222583,
           "ema_span_1": 2535.7126633279695,
           "enabled": true,
           "initial_eprice_ema_dist": 0.08596391109484663,
           "initial_qty_pct": 0.06809111617964067,
           "markup_range": 0.05,
           "min_markup": 0.010744315887438285,
           "n_close_orders": 7,
           "rentry_pprice_dist": 0.017335986708493328,
           "rentry_pprice_dist_wallet_exposure_weighting": 46.41902582640446,
           "wallet_exposure_limit": 0.1}}