{"config_name": "static_grid_CRVUSDT_213days",
 "logging_level": 0,
 "long": {"auto_unstuck_ema_dist": 0.08062197969344548,
          "auto_unstuck_wallet_exposure_threshold": 0.2655487811851828,
          "ema_span_0": 2051.7174911287293,
          "ema_span_1": 3197.5796968780437,
          "enabled": true,
          "eprice_exp_base": 1.4881774908141985,
          "eprice_pprice_diff": 0.037582479615431014,
          "grid_span": 0.3849737168558037,
          "initial_eprice_ema_dist": -0.06719716753483469,
          "initial_qty_pct": 0.09668604006717846,
          "markup_range": 0.005,
          "max_n_entry_orders": 10,
          "min_markup": 0.03795742760065108,
          "n_close_orders": 10,
          "secondary_allocation": 0.503052135497835,
          "secondary_pprice_diff": 0.3934955904254486,
          "wallet_exposure_limit": 0.1},
 "short": {"auto_unstuck_ema_dist": 0.08163615338824523,
           "auto_unstuck_wallet_exposure_threshold": 0,
           "ema_span_0": 1757.586137251475,
           "ema_span_1": 8783.382570869078,
           "enabled": true,
           "eprice_exp_base": 1.2093158262144796,
           "eprice_pprice_diff": 0.00552773594565562,
           "grid_span": 0.6398588138588622,
           "initial_eprice_ema_dist": -0.05680187197385895,
           "initial_qty_pct": 0.08446077095941662,
           "markup_range": 0.05,
           "max_n_entry_orders": 10,
           "min_markup": 0.05,
           "n_close_orders": 10,
           "secondary_allocation": 0.009635113663925355,
           "secondary_pprice_diff": 0.46332670973871964,
           "wallet_exposure_limit": 0.13929896084171944}}