{"config_name": "static_grid_CTKUSDT_287days",
 "logging_level": 0,
 "long": {"auto_unstuck_ema_dist": 0.04201747146599022,
          "auto_unstuck_wallet_exposure_threshold": 0.9131312101159942,
          "ema_span_0": 860.4505787718597,
          "ema_span_1": 1576.7132084032787,
          "enabled": true,
          "eprice_exp_base": 1.338649260629336,
          "eprice_pprice_diff": 0.026805124472909708,
          "grid_span": 0.1509208777364853,
          "initial_eprice_ema_dist": -0.019048004977507593,
          "initial_qty_pct": 0.09658814831422087,
          "markup_range": 0.005,
          "max_n_entry_orders": 10,
          "min_markup": 0.038204439263935526,
          "n_close_orders": 13,
          "secondary_allocation": 0.3685594647003487,
          "secondary_pprice_diff": 0.44131528268039033,
          "wallet_exposure_limit": 0.1},
 "short": {"auto_unstuck_ema_dist": 0.07803874713101408,
           "auto_unstuck_wallet_exposure_threshold": 0.05801251701192685,
           "ema_span_0": 555.2771054941251,
           "ema_span_1": 3718.0817231490187,
           "enabled": true,
           "eprice_exp_base": 1.6855926713439855,
           "eprice_pprice_diff": 0.0030277717044649407,
           "grid_span": 0.40979272926324384,
           "initial_eprice_ema_dist": -0.047616258222854826,
           "initial_qty_pct": 0.07001334575522725,
           "markup_range": 0.034621466793955474,
           "max_n_entry_orders": 10,
           "min_markup": 0.04463940378590407,
           "n_close_orders": 5,
           "secondary_allocation": 0.15860697537344023,
           "secondary_pprice_diff": 0.37843608322162603,
           "wallet_exposure_limit": 0.14861944504690353}}