{"config_name": "static_grid_CVCUSDT_287days",
 "logging_level": 0,
 "long": {"auto_unstuck_ema_dist": 0.0626398851801292,
          "auto_unstuck_wallet_exposure_threshold": 0.27841293109058185,
          "ema_span_0": 3399.361275495784,
          "ema_span_1": 2140.5366897804424,
          "enabled": true,
          "eprice_exp_base": 1.730522020877239,
          "eprice_pprice_diff": 0.024847147085777017,
          "grid_span": 0.39872896720034123,
          "initial_eprice_ema_dist": -0.02015163672555295,
          "initial_qty_pct": 0.07530575477192215,
          "markup_range": 0.04884461370297001,
          "max_n_entry_orders": 10,
          "min_markup": 0.015557904435596246,
          "n_close_orders": 9,
          "secondary_allocation": 0.6367958533013327,
          "secondary_pprice_diff": 0.4192697784337682,
          "wallet_exposure_limit": 0.1},
 "short": {"auto_unstuck_ema_dist": 0.07008330584967601,
           "auto_unstuck_wallet_exposure_threshold": 0.8342159766551862,
           "ema_span_0": 573.2097624739987,
           "ema_span_1": 8892.998963212354,
           "enabled": true,
           "eprice_exp_base": 1.5551493696892733,
           "eprice_pprice_diff": 0.014832057375363547,
           "grid_span": 0.12956828758212424,
           "initial_eprice_ema_dist": -0.04631322278839666,
           "initial_qty_pct": 0.07154181048404172,
           "markup_range": 0.02540930181527734,
           "max_n_entry_orders": 10,
           "min_markup": 0.043471425810074134,
           "n_close_orders": 4,
           "secondary_allocation": 0.6353005245380768,
           "secondary_pprice_diff": 0.2626317577524801,
           "wallet_exposure_limit": 0.14972828432855678}}