{"config_name": "longonly_binance_dashusdt_198days_adg0.029%_bkr100.00%_eqbal90.32%",
 "logging_level": 0,
 "long": {"enabled": true,
          "eprice_exp_base": 1.618034,
          "eprice_pprice_diff": 0.005797494351027164,
          "grid_span": 0.11003743175690199,
          "initial_qty_pct": 0.05675837983615552,
          "markup_range": 0.00736801427376934,
          "max_n_entry_orders": 10,
          "min_markup": 0.004471336705936277,
          "n_close_orders": 7,
          "pbr_limit": 0.19889714640105746,
          "secondary_pbr_allocation": 0.2797712797465319,
          "secondary_pprice_diff": 0.38952908110055884},
 "shrt": {"enabled": false,
          "eprice_exp_base": 1.618034,
          "eprice_pprice_diff": 0.001,
          "grid_span": 0.03,
          "initial_qty_pct": 0.001,
          "markup_range": 0.004,
          "max_n_entry_orders": 10,
          "min_markup": 0.0005,
          "n_close_orders": 7,
          "pbr_limit": 0.5,
          "secondary_pbr_allocation": 0,
          "secondary_pprice_diff": 0.21}}