{"config_name": "recursive_grid_DASHUSDT_278days",
 "logging_level": 0,
 "long": {"auto_unstuck_ema_dist": 0.061401091795288715,
          "auto_unstuck_wallet_exposure_threshold": 0.07564426708166927,
          "ddown_factor": 1.6763725337883053,
          "ema_span_0": 2086.8697924108706,
          "ema_span_1": 3976.1789611393756,
          "enabled": true,
          "initial_eprice_ema_dist": 0,
          "initial_qty_pct": 0.07098649047631926,
          "markup_range": 0.053216847972276334,
          "min_markup": 0.039439975236642284,
          "n_close_orders": 6,
          "rentry_pprice_dist": 0.019158367658641002,
          "rentry_pprice_dist_wallet_exposure_weighting": 11.988966033782386,
          "wallet_exposure_limit": 0.18283058149010567},
 "short": {"auto_unstuck_ema_dist": 0.09036185819647813,
           "auto_unstuck_wallet_exposure_threshold": 0.20247560887833008,
           "ddown_factor": 2.5527002766195643,
           "ema_span_0": 3392.578549556539,
           "ema_span_1": 8907.44931089087,
           "enabled": true,
           "initial_eprice_ema_dist": -0.03463725566805036,
           "initial_qty_pct": 0.0718925988864643,
           "markup_range": 0.05114649171051835,
           "min_markup": 0.06,
           "n_close_orders": 9,
           "rentry_pprice_dist": 0.024616974942890623,
           "rentry_pprice_dist_wallet_exposure_weighting": 22.831873810229673,
           "wallet_exposure_limit": 0.19780013653940093}}