{"config_name": "static_grid_DENTUSDT_213days",
 "logging_level": 0,
 "long": {"auto_unstuck_ema_dist": 0.07266211121415449,
          "auto_unstuck_wallet_exposure_threshold": 0.22353582594198254,
          "ema_span_0": 731.4149742575934,
          "ema_span_1": 2692.6953234722987,
          "enabled": true,
          "eprice_exp_base": 2.0434491289488363,
          "eprice_pprice_diff": 0.03614853795024787,
          "grid_span": 0.25906546611468423,
          "initial_eprice_ema_dist": -0.012208646649994959,
          "initial_qty_pct": 0.06814467160480434,
          "markup_range": 0.04000226717630445,
          "max_n_entry_orders": 10,
          "min_markup": 0.015290869694237343,
          "n_close_orders": 6,
          "secondary_allocation": 0.5867743140595671,
          "secondary_pprice_diff": 0.3638886065594329,
          "wallet_exposure_limit": 0.1},
 "short": {"auto_unstuck_ema_dist": 0.08716812875670184,
           "auto_unstuck_wallet_exposure_threshold": 0,
           "ema_span_0": 3838.3844557063976,
           "ema_span_1": 8980.215301543054,
           "enabled": true,
           "eprice_exp_base": 2.079740342685892,
           "eprice_pprice_diff": 0.0023274769816233995,
           "grid_span": 0.7,
           "initial_eprice_ema_dist": -0.05684038626033886,
           "initial_qty_pct": 0.0548630919075111,
           "markup_range": 0.04818172336603359,
           "max_n_entry_orders": 10,
           "min_markup": 0.05,
           "n_close_orders": 6,
           "secondary_allocation": 0.06739997411877979,
           "secondary_pprice_diff": 0.31112377843134,
           "wallet_exposure_limit": 0.14900717717823259}}