{"config_name": "recursive_grid_DENTUSDT_198days",
 "logging_level": 0,
 "long": {"auto_unstuck_ema_dist": 0.27529187866045896,
          "auto_unstuck_wallet_exposure_threshold": 0.1277097581373973,
          "ddown_factor": 0.8078324228288611,
          "ema_span_0": 4565.163051465598,
          "ema_span_1": 4570.170554738928,
          "enabled": true,
          "initial_eprice_ema_dist": 0.09712523035797735,
          "initial_qty_pct": 0.056503540160621216,
          "markup_range": 0.0205549900070161,
          "min_markup": 0.04577125307291639,
          "n_close_orders": 8,
          "rentry_pprice_dist": 0.022216442753571177,
          "rentry_pprice_dist_wallet_exposure_weighting": 1.2581155026766622,
          "wallet_exposure_limit": 0.1},
 "short": {"auto_unstuck_ema_dist": 0.39584117752583337,
           "auto_unstuck_wallet_exposure_threshold": 0.20424220397792028,
           "ddown_factor": 2.4958717772052625,
           "ema_span_0": 2357.684177834466,
           "ema_span_1": 579.2296333809927,
           "enabled": true,
           "initial_eprice_ema_dist": 0.09246149055153148,
           "initial_qty_pct": 0.023868408286971364,
           "markup_range": 0.018568579607515328,
           "min_markup": 0.042886407736951564,
           "n_close_orders": 12,
           "rentry_pprice_dist": 0.009918268246026695,
           "rentry_pprice_dist_wallet_exposure_weighting": 20.644072791991277,
           "wallet_exposure_limit": 0.1}}