{"config_name": "recursive_grid_DGBUSDT_278days",
 "logging_level": 0,
 "long": {"auto_unstuck_ema_dist": 0.026855603353322877,
          "auto_unstuck_wallet_exposure_threshold": 0.24254764613145652,
          "ddown_factor": 2.3832978176569384,
          "ema_span_0": 4100.531800795972,
          "ema_span_1": 2033.1118605448007,
          "enabled": true,
          "initial_eprice_ema_dist": -0.014249559022950362,
          "initial_qty_pct": 0.09231876235034059,
          "markup_range": 0.047766783890194314,
          "min_markup": 0.05882269263735256,
          "n_close_orders": 4,
          "rentry_pprice_dist": 0.025644746704649994,
          "rentry_pprice_dist_wallet_exposure_weighting": 78.6635114548301,
          "wallet_exposure_limit": 0.16830496374422385},
 "short": {"auto_unstuck_ema_dist": 0.08195444511663191,
           "auto_unstuck_wallet_exposure_threshold": 0.34808936755029557,
           "ddown_factor": 0.5449644258061057,
           "ema_span_0": 2575.197496162165,
           "ema_span_1": 9965.780918167724,
           "enabled": true,
           "initial_eprice_ema_dist": -0.07549849467756536,
           "initial_qty_pct": 0.093909197872569,
           "markup_range": 0.059288082236739544,
           "min_markup": 0.020381113755362144,
           "n_close_orders": 7,
           "rentry_pprice_dist": 0.04596096883656387,
           "rentry_pprice_dist_wallet_exposure_weighting": 30.445462426518578,
           "wallet_exposure_limit": 0.2}}