{"config_name": "static_grid_DGBUSDT_213days",
 "logging_level": 0,
 "long": {"auto_unstuck_ema_dist": 0.026015400854730933,
          "auto_unstuck_wallet_exposure_threshold": 0.17991764949839367,
          "ema_span_0": 4218.230526270891,
          "ema_span_1": 4862.797215345845,
          "enabled": true,
          "eprice_exp_base": 1.7406510579700398,
          "eprice_pprice_diff": 0.039364440089733305,
          "grid_span": 0.32146188079637245,
          "initial_eprice_ema_dist": -0.014925259826404524,
          "initial_qty_pct": 0.052867149064744184,
          "markup_range": 0.028342274295415318,
          "max_n_entry_orders": 10,
          "min_markup": 0.033338446129637475,
          "n_close_orders": 7,
          "secondary_allocation": 0.19891853386276281,
          "secondary_pprice_diff": 0.16870934317528488,
          "wallet_exposure_limit": 0.1},
 "short": {"auto_unstuck_ema_dist": 0.09174098118313105,
           "auto_unstuck_wallet_exposure_threshold": 0.4875753762526296,
           "ema_span_0": 3259.094606160461,
           "ema_span_1": 10080,
           "enabled": true,
           "eprice_exp_base": 1.6568035322660135,
           "eprice_pprice_diff": 0.004499185735204959,
           "grid_span": 0.13650218542782105,
           "initial_eprice_ema_dist": -0.0810788221623204,
           "initial_qty_pct": 0.062291430172019574,
           "markup_range": 0.034110614396545155,
           "max_n_entry_orders": 10,
           "min_markup": 0.05,
           "n_close_orders": 9,
           "secondary_allocation": 0.06646829198932504,
           "secondary_pprice_diff": 0.07063169102601588,
           "wallet_exposure_limit": 0.14709185299977295}}