{"config_name": "static_grid_DODOUSDT_278days",
 "logging_level": 0,
 "long": {"auto_unstuck_ema_dist": 0.04526201593839122,
          "auto_unstuck_wallet_exposure_threshold": 0.397833139071332,
          "ema_span_0": 1436.375276940541,
          "ema_span_1": 1944.2678699022242,
          "enabled": true,
          "eprice_exp_base": 1.8232901925544307,
          "eprice_pprice_diff": 0.05,
          "grid_span": 0.4843201570856357,
          "initial_eprice_ema_dist": -0.0005213863653135177,
          "initial_qty_pct": 0.0923781456517095,
          "markup_range": 0.03555881279350783,
          "max_n_entry_orders": 10,
          "min_markup": 0.053247621548317504,
          "n_close_orders": 14,
          "secondary_allocation": 0.5501099710718368,
          "secondary_pprice_diff": 0.10422618085856221,
          "wallet_exposure_limit": 0.08},
 "short": {"auto_unstuck_ema_dist": 0.08103994997959872,
           "auto_unstuck_wallet_exposure_threshold": 0.8094155871835456,
           "ema_span_0": 2497.7514560995323,
           "ema_span_1": 5209.308608313265,
           "enabled": true,
           "eprice_exp_base": 1.5463649922734302,
           "eprice_pprice_diff": 0.005038004323164371,
           "grid_span": 0.47833851333880306,
           "initial_eprice_ema_dist": -0.021987550791064514,
           "initial_qty_pct": 0.09133371010827394,
           "markup_range": 0.010837361797222994,
           "max_n_entry_orders": 10,
           "min_markup": 0.03785523178717813,
           "n_close_orders": 4,
           "secondary_allocation": 0.12897621244829505,
           "secondary_pprice_diff": 0.1465649179670326,
           "wallet_exposure_limit": 0.025}}