{"config_name": "static_grid_DODOUSDT_213days",
 "logging_level": 0,
 "long": {"auto_unstuck_ema_dist": 0.045625880604698625,
          "auto_unstuck_wallet_exposure_threshold": 0.21472053123539436,
          "ema_span_0": 2614.583812347229,
          "ema_span_1": 5044.156968102095,
          "enabled": true,
          "eprice_exp_base": 1.4908307015475895,
          "eprice_pprice_diff": 0.03862394960517306,
          "grid_span": 0.32633795341102456,
          "initial_eprice_ema_dist": -0.03574950721412833,
          "initial_qty_pct": 0.06559096806095674,
          "markup_range": 0.03054262351019338,
          "max_n_entry_orders": 10,
          "min_markup": 0.047985724173088815,
          "n_close_orders": 7,
          "secondary_allocation": 0.3657752278894796,
          "secondary_pprice_diff": 0.2249181413146932,
          "wallet_exposure_limit": 0.1},
 "short": {"auto_unstuck_ema_dist": 0.09704285771043292,
           "auto_unstuck_wallet_exposure_threshold": 0.5376028155331991,
           "ema_span_0": 4105.71665756604,
           "ema_span_1": 2535.173463330267,
           "enabled": true,
           "eprice_exp_base": 1.9415729302264957,
           "eprice_pprice_diff": 0.030327283145259544,
           "grid_span": 0.2058031676755432,
           "initial_eprice_ema_dist": -0.005549093141106548,
           "initial_qty_pct": 0.07541720236989523,
           "markup_range": 0.02113307057410951,
           "max_n_entry_orders": 10,
           "min_markup": 0.04421267447725384,
           "n_close_orders": 9,
           "secondary_allocation": 0.19615041351727233,
           "secondary_pprice_diff": 0.24597337823103077,
           "wallet_exposure_limit": 0.15}}