{"config_name": "static_grid_DOGEUSDT_198days",
 "logging_level": 0,
 "long": {"auto_unstuck_ema_dist": 0.07341127235936179,
          "auto_unstuck_wallet_exposure_threshold": 0.20289599012537646,
          "ema_span_0": 444.67413866096433,
          "ema_span_1": 5182.543636411821,
          "enabled": true,
          "eprice_exp_base": 1.6225206193408255,
          "eprice_pprice_diff": 0.017590344082492455,
          "grid_span": 0.33464692075611957,
          "initial_eprice_ema_dist": -0.033869447373139426,
          "initial_qty_pct": 0.06910493188846563,
          "markup_range": 0.0440450486846202,
          "max_n_entry_orders": 10,
          "min_markup": 0.02842599152991169,
          "n_close_orders": 9,
          "secondary_allocation": 0.2990324835311473,
          "secondary_pprice_diff": 0.3338444473863974,
          "wallet_exposure_limit": 0.1},
 "short": {"auto_unstuck_ema_dist": 0.07055136375333752,
           "auto_unstuck_wallet_exposure_threshold": 0.19950240354928353,
           "ema_span_0": 3988.0622188966577,
           "ema_span_1": 9018.12590621866,
           "enabled": true,
           "eprice_exp_base": 1.019091668691046,
           "eprice_pprice_diff": 0.002582388357584293,
           "grid_span": 0.1,
           "initial_eprice_ema_dist": -0.0799126237346704,
           "initial_qty_pct": 0.09155161764013456,
           "markup_range": 0.005,
           "max_n_entry_orders": 10,
           "min_markup": 0.025673439420819344,
           "n_close_orders": 5,
           "secondary_allocation": 0.2146930501837064,
           "secondary_pprice_diff": 0.261161852130148,
           "wallet_exposure_limit": 0.15}}