{"config_name": "recursive_grid_DOGEUSDT_198days",
 "logging_level": 0,
 "long": {"auto_unstuck_ema_dist": 0.02746010603329898,
          "auto_unstuck_wallet_exposure_threshold": 0.17275194726143042,
          "ddown_factor": 2.5599169340669654,
          "ema_span_0": 4205.32650923312,
          "ema_span_1": 5069.3040199431225,
          "enabled": true,
          "initial_eprice_ema_dist": 0.07180155458743621,
          "initial_qty_pct": 0.011459835846758335,
          "markup_range": 0.010493344789103978,
          "min_markup": 0.023745793408230277,
          "n_close_orders": 8,
          "rentry_pprice_dist": 0.05,
          "rentry_pprice_dist_wallet_exposure_weighting": 27.32454721528457,
          "wallet_exposure_limit": 0.1},
 "short": {"auto_unstuck_ema_dist": 0.1472250500494336,
           "auto_unstuck_wallet_exposure_threshold": 0.21770245682468195,
           "ddown_factor": 2.7952579225454444,
           "ema_span_0": 10080,
           "ema_span_1": 3062.1983996957406,
           "enabled": true,
           "initial_eprice_ema_dist": 0.0991620264329236,
           "initial_qty_pct": 0.08057963443215188,
           "markup_range": 0.05,
           "min_markup": 0.05,
           "n_close_orders": 10,
           "rentry_pprice_dist": 0.011117292740718496,
           "rentry_pprice_dist_wallet_exposure_weighting": 54.41658678102116,
           "wallet_exposure_limit": 0.1}}