{"config_name": "recursive_grid_DOGEUSDT_198days",
 "logging_level": 0,
 "long": {"auto_unstuck_ema_dist": 0.12359979999465108,
          "auto_unstuck_wallet_exposure_threshold": 0.5191757628214259,
          "ddown_factor": 2.7890737455308243,
          "ema_span_0": 8494.141279915717,
          "ema_span_1": 8485.563222219542,
          "enabled": true,
          "initial_eprice_ema_dist": 0.05876282342732828,
          "initial_qty_pct": 0.019920349263946705,
          "markup_range": 0.023707417950839582,
          "min_markup": 0.05,
          "n_close_orders": 4,
          "rentry_pprice_dist": 0.01960004451625773,
          "rentry_pprice_dist_wallet_exposure_weighting": 60.876432923660985,
          "wallet_exposure_limit": 0.1},
 "short": {"auto_unstuck_ema_dist": 0.11312181256175564,
           "auto_unstuck_wallet_exposure_threshold": 0.19079037561768322,
           "ddown_factor": 2.8844294371912005,
           "ema_span_0": 10057.106536994497,
           "ema_span_1": 1659.644147227618,
           "enabled": true,
           "initial_eprice_ema_dist": 0.08311797656867517,
           "initial_qty_pct": 0.03704462013607996,
           "markup_range": 0.03424603105486425,
           "min_markup": 0.05,
           "n_close_orders": 6,
           "rentry_pprice_dist": 0.024100868988790082,
           "rentry_pprice_dist_wallet_exposure_weighting": 29.155555560168064,
           "wallet_exposure_limit": 0.1}}