{"config_name": "recursive_grid_DOGEUSDT_243days",
 "logging_level": 0,
 "long": {"auto_unstuck_ema_dist": 0.04367373664158556,
          "auto_unstuck_wallet_exposure_threshold": 0.7044328038464468,
          "ddown_factor": 0.18297520610799328,
          "ema_span_0": 706.9364660251167,
          "ema_span_1": 6006.152409559326,
          "enabled": true,
          "initial_eprice_ema_dist": -0.03295432709423948,
          "initial_qty_pct": 0.1,
          "markup_range": 0.057581458879689004,
          "min_markup": 0.04369058686536212,
          "n_close_orders": 4,
          "rentry_pprice_dist": 0.02614718383792683,
          "rentry_pprice_dist_wallet_exposure_weighting": 68.01212350962741,
          "wallet_exposure_limit": 0.15352012419930697},
 "short": {"auto_unstuck_ema_dist": 0.06983140315434605,
           "auto_unstuck_wallet_exposure_threshold": 0.9816621332836002,
           "ddown_factor": 2.642810725960866,
           "ema_span_0": 3478.7698138123683,
           "ema_span_1": 9807.63257606576,
           "enabled": true,
           "initial_eprice_ema_dist": -0.05178391262666937,
           "initial_qty_pct": 0.07961097210543373,
           "markup_range": 0.019835233289249347,
           "min_markup": 0.056502206596839064,
           "n_close_orders": 11,
           "rentry_pprice_dist": 0.03579490816447046,
           "rentry_pprice_dist_wallet_exposure_weighting": 11.240508605546093,
           "wallet_exposure_limit": 0.19998239140191415}}