{"config_name": "recursive_grid_DOTUSDT_243days",
 "logging_level": 0,
 "long": {"auto_unstuck_ema_dist": 0.047680510879891225,
          "auto_unstuck_wallet_exposure_threshold": 0.0910588939835731,
          "ddown_factor": 1.1081013329994802,
          "ema_span_0": 2720.424984753485,
          "ema_span_1": 3443.4009188453765,
          "enabled": true,
          "initial_eprice_ema_dist": -0.03706825842646812,
          "initial_qty_pct": 0.0720586498892682,
          "markup_range": 0.05066216237267097,
          "min_markup": 0.05447643275046474,
          "n_close_orders": 7,
          "rentry_pprice_dist": 0.012788334337917834,
          "rentry_pprice_dist_wallet_exposure_weighting": 31.01380409185277,
          "wallet_exposure_limit": 0.18908825211007657},
 "short": {"auto_unstuck_ema_dist": 0.09680735437333873,
           "auto_unstuck_wallet_exposure_threshold": 0.044030061976292334,
           "ddown_factor": 2.628102913370388,
           "ema_span_0": 988.0353850129545,
           "ema_span_1": 9210.375924602891,
           "enabled": true,
           "initial_eprice_ema_dist": -0.09219167747455927,
           "initial_qty_pct": 0.0911802852910884,
           "markup_range": 0.008332468569191828,
           "min_markup": 0.013530466865457499,
           "n_close_orders": 6,
           "rentry_pprice_dist": 0.006859077432253768,
           "rentry_pprice_dist_wallet_exposure_weighting": 28.348377102443244,
           "wallet_exposure_limit": 0.1979536618343243}}