{"config_name": "recursive_grid_DUSKUSDT_88days",
 "logging_level": 0,
 "long": {"auto_unstuck_ema_dist": 0.1,
          "auto_unstuck_wallet_exposure_threshold": 0.3021660598706911,
          "ddown_factor": 0.4673437879008637,
          "ema_span_0": 437.39728980591843,
          "ema_span_1": 6496.096344263629,
          "enabled": true,
          "initial_eprice_ema_dist": -0.07357792464647477,
          "initial_qty_pct": 0.08918312193668543,
          "markup_range": 0.012136281111398525,
          "min_markup": 0.05344648266269443,
          "n_close_orders": 9,
          "rentry_pprice_dist": 0.04022535776889373,
          "rentry_pprice_dist_wallet_exposure_weighting": 64.61094368806553,
          "wallet_exposure_limit": 0.15304521696336035},
 "short": {"auto_unstuck_ema_dist": 0.06908792730213131,
           "auto_unstuck_wallet_exposure_threshold": 0.053074341453888674,
           "ddown_factor": 1.5291264723388673,
           "ema_span_0": 704.1190305871457,
           "ema_span_1": 9741.538149424887,
           "enabled": true,
           "initial_eprice_ema_dist": -0.07704415842802767,
           "initial_qty_pct": 0.07959363620696602,
           "markup_range": 0.05436641494389916,
           "min_markup": 0.05520963171598098,
           "n_close_orders": 14,
           "rentry_pprice_dist": 0.034938016186382204,
           "rentry_pprice_dist_wallet_exposure_weighting": 20.536724387598998,
           "wallet_exposure_limit": 0.17712555776758562}}