{"config_name": "static_grid_DUSKUSDT_59days",
 "logging_level": 0,
 "long": {"auto_unstuck_ema_dist": 0.07885232728675207,
          "auto_unstuck_wallet_exposure_threshold": 0,
          "ema_span_0": 483.98177088869227,
          "ema_span_1": 3286.822420267791,
          "enabled": true,
          "eprice_exp_base": 1.5583157341563125,
          "eprice_pprice_diff": 0.011386514484595406,
          "grid_span": 0.551965310155001,
          "initial_eprice_ema_dist": -0.09631837715447877,
          "initial_qty_pct": 0.09082405279937886,
          "markup_range": 0.05,
          "max_n_entry_orders": 10,
          "min_markup": 0.035420534420859046,
          "n_close_orders": 4,
          "secondary_allocation": 0.1520013287140004,
          "secondary_pprice_diff": 0.09262565041991465,
          "wallet_exposure_limit": 0.1},
 "short": {"auto_unstuck_ema_dist": 0.08690413767121338,
           "auto_unstuck_wallet_exposure_threshold": 0.6446105760134166,
           "ema_span_0": 1353.5841997794694,
           "ema_span_1": 9173.918160208224,
           "enabled": true,
           "eprice_exp_base": 1.5156252250686657,
           "eprice_pprice_diff": 0.03488771944918475,
           "grid_span": 0.37239676679796163,
           "initial_eprice_ema_dist": -0.07889848879872248,
           "initial_qty_pct": 0.09259484346439292,
           "markup_range": 0.049394518978735015,
           "max_n_entry_orders": 10,
           "min_markup": 0.043539269236833995,
           "n_close_orders": 13,
           "secondary_allocation": 0.4328883291516441,
           "secondary_pprice_diff": 0.42518625501564566,
           "wallet_exposure_limit": 0.11252393710507114}}