{"config_name": "static_grid_DYDXUSDT_203days",
 "logging_level": 0,
 "long": {"auto_unstuck_ema_dist": 0.04348981852507979,
          "auto_unstuck_wallet_exposure_threshold": 0.910584686704767,
          "ema_span_0": 1457.616973171659,
          "ema_span_1": 1440,
          "enabled": true,
          "eprice_exp_base": 1.345785265199522,
          "eprice_pprice_diff": 0.01582858827498397,
          "grid_span": 0.4297200666651973,
          "initial_eprice_ema_dist": -0.015094389636826614,
          "initial_qty_pct": 0.0575316023626349,
          "markup_range": 0.018512834601598045,
          "max_n_entry_orders": 10,
          "min_markup": 0.03231085774615391,
          "n_close_orders": 8,
          "secondary_allocation": 0.04566192595364829,
          "secondary_pprice_diff": 0.4992754794951097,
          "wallet_exposure_limit": 0.08},
 "short": {"auto_unstuck_ema_dist": 0.0941022513348807,
           "auto_unstuck_wallet_exposure_threshold": 0.2013410834129771,
           "ema_span_0": 2212.771624375592,
           "ema_span_1": 9985.721159488714,
           "enabled": true,
           "eprice_exp_base": 1.0666281231066053,
           "eprice_pprice_diff": 0.04731058420003528,
           "grid_span": 0.6637891933505792,
           "initial_eprice_ema_dist": -0.07491164567257977,
           "initial_qty_pct": 0.0588622486502415,
           "markup_range": 0.06,
           "max_n_entry_orders": 10,
           "min_markup": 0.034808697167119054,
           "n_close_orders": 11,
           "secondary_allocation": 0.4190169148401043,
           "secondary_pprice_diff": 0.09838293473982296,
           "wallet_exposure_limit": 0.025}}