{"config_name": "recursive_grid_ENJUSDT_243days",
 "logging_level": 0,
 "long": {"auto_unstuck_ema_dist": 0.034304114978304025,
          "auto_unstuck_wallet_exposure_threshold": 0.20379808368053767,
          "ddown_factor": 1.1336328658282393,
          "ema_span_0": 739.5417823064254,
          "ema_span_1": 1440,
          "enabled": true,
          "initial_eprice_ema_dist": -0.021610329451359052,
          "initial_qty_pct": 0.05659284472684367,
          "markup_range": 0.04257875835128693,
          "min_markup": 0.05724886331638423,
          "n_close_orders": 10,
          "rentry_pprice_dist": 0.005,
          "rentry_pprice_dist_wallet_exposure_weighting": 82.92987160624448,
          "wallet_exposure_limit": 0.16318014560374822},
 "short": {"auto_unstuck_ema_dist": 0.09280413885300427,
           "auto_unstuck_wallet_exposure_threshold": 0.12870828329664938,
           "ddown_factor": 1.3866347839590591,
           "ema_span_0": 1073.5101932719951,
           "ema_span_1": 7614.8322957682385,
           "enabled": true,
           "initial_eprice_ema_dist": -0.05337064594136601,
           "initial_qty_pct": 0.06965985023532892,
           "markup_range": 0.038873758488467906,
           "min_markup": 0.06,
           "n_close_orders": 10,
           "rentry_pprice_dist": 0.007014909644676014,
           "rentry_pprice_dist_wallet_exposure_weighting": 78.72941216696537,
           "wallet_exposure_limit": 0.2}}