{"config_name": "recursive_grid_ENJUSDT_198days",
 "logging_level": 0,
 "long": {"auto_unstuck_ema_dist": 0.1527252957307304,
          "auto_unstuck_wallet_exposure_threshold": 0.033242623172781614,
          "ddown_factor": 2.1607377137215287,
          "ema_span_0": 8145.618218731457,
          "ema_span_1": 7423.450452029181,
          "enabled": true,
          "initial_eprice_ema_dist": 0.07912730653205605,
          "initial_qty_pct": 0.004482620953880853,
          "markup_range": 0.031591265605301094,
          "min_markup": 0.046784442463876794,
          "n_close_orders": 5,
          "rentry_pprice_dist": 0.04242961891471236,
          "rentry_pprice_dist_wallet_exposure_weighting": 23.71255777264018,
          "wallet_exposure_limit": 0.1},
 "short": {"auto_unstuck_ema_dist": 0.32829860870788247,
           "auto_unstuck_wallet_exposure_threshold": 0.1610732308828313,
           "ddown_factor": 2.164556315887755,
           "ema_span_0": 2018.5290051408908,
           "ema_span_1": 1264.9137390808837,
           "enabled": true,
           "initial_eprice_ema_dist": 0.09003062425377026,
           "initial_qty_pct": 0.08121273427379384,
           "markup_range": 0.05,
           "min_markup": 0.02607822519742225,
           "n_close_orders": 9,
           "rentry_pprice_dist": 0.042044756015568854,
           "rentry_pprice_dist_wallet_exposure_weighting": 69.28761109242444,
           "wallet_exposure_limit": 0.1}}