{"config_name": "static_grid_ENJUSDT_213days",
 "logging_level": 0,
 "long": {"auto_unstuck_ema_dist": 0.04815249792534432,
          "auto_unstuck_wallet_exposure_threshold": 0.28157334259345007,
          "ema_span_0": 1679.3889784054722,
          "ema_span_1": 1767.2750388413608,
          "enabled": true,
          "eprice_exp_base": 1.4686982615454567,
          "eprice_pprice_diff": 0.007449142540066258,
          "grid_span": 0.38819463765281353,
          "initial_eprice_ema_dist": -0.03184315861105391,
          "initial_qty_pct": 0.08957141384979844,
          "markup_range": 0.04420105077933041,
          "max_n_entry_orders": 10,
          "min_markup": 0.036152960092333375,
          "n_close_orders": 12,
          "secondary_allocation": 0.3985546877412358,
          "secondary_pprice_diff": 0.09628827089538433,
          "wallet_exposure_limit": 0.1},
 "short": {"auto_unstuck_ema_dist": 0.06179528030622233,
           "auto_unstuck_wallet_exposure_threshold": 0.22717619975885464,
           "ema_span_0": 1519.2884995537897,
           "ema_span_1": 3879.344288847883,
           "enabled": true,
           "eprice_exp_base": 1.445991912670914,
           "eprice_pprice_diff": 0.03071469101490744,
           "grid_span": 0.22492394654395528,
           "initial_eprice_ema_dist": -0.00090623466774757,
           "initial_qty_pct": 0.08847430701208424,
           "markup_range": 0.04740103411596272,
           "max_n_entry_orders": 10,
           "min_markup": 0.0466506083509621,
           "n_close_orders": 10,
           "secondary_allocation": 0.0765633830814876,
           "secondary_pprice_diff": 0.2699911598314114,
           "wallet_exposure_limit": 0.14565817056850325}}