{"config_name": "recursive_grid_ENSUSDT_126days",
 "logging_level": 0,
 "long": {"auto_unstuck_ema_dist": 0.024596126058318856,
          "auto_unstuck_wallet_exposure_threshold": 0.06547032987051585,
          "ddown_factor": 1.1409615350195212,
          "ema_span_0": 1185.0034296026479,
          "ema_span_1": 5873.045017090036,
          "enabled": true,
          "initial_eprice_ema_dist": -0.02452433579707489,
          "initial_qty_pct": 0.08291933569374826,
          "markup_range": 0.019398189906295982,
          "min_markup": 0.04754397059190092,
          "n_close_orders": 6,
          "rentry_pprice_dist": 0.048885924241012645,
          "rentry_pprice_dist_wallet_exposure_weighting": 69.9339324368972,
          "wallet_exposure_limit": 0.17746135322049242},
 "short": {"auto_unstuck_ema_dist": 0.037955538824686164,
           "auto_unstuck_wallet_exposure_threshold": 0.22919322098159245,
           "ddown_factor": 2.4659319500849013,
           "ema_span_0": 533.5542523360566,
           "ema_span_1": 1459.087926713095,
           "enabled": true,
           "initial_eprice_ema_dist": -0.03687556329015142,
           "initial_qty_pct": 0.06615049020439949,
           "markup_range": 0.006793287639587023,
           "min_markup": 0.027659594242255198,
           "n_close_orders": 9,
           "rentry_pprice_dist": 0.022018367971393952,
           "rentry_pprice_dist_wallet_exposure_weighting": 10.889110382394806,
           "wallet_exposure_limit": 0.1889136724989734}}