{"config_name": "recursive_grid_EOSUSDT_278days",
 "logging_level": 0,
 "long": {"auto_unstuck_ema_dist": 0.03297940950584844,
          "auto_unstuck_wallet_exposure_threshold": 0.006065430760475055,
          "ddown_factor": 1.256847633082148,
          "ema_span_0": 3575.7520620461887,
          "ema_span_1": 1602.767521582384,
          "enabled": true,
          "initial_eprice_ema_dist": -0.015857684700232383,
          "initial_qty_pct": 0.05664617101000157,
          "markup_range": 0.03449474302505268,
          "min_markup": 0.05453377444891961,
          "n_close_orders": 5,
          "rentry_pprice_dist": 0.04905826423514507,
          "rentry_pprice_dist_wallet_exposure_weighting": 87.90358242685544,
          "wallet_exposure_limit": 0.1709878776824183},
 "short": {"auto_unstuck_ema_dist": 0.07852445658189833,
           "auto_unstuck_wallet_exposure_threshold": 0.24505102771752826,
           "ddown_factor": 2.0837086697599188,
           "ema_span_0": 3168.4968888105545,
           "ema_span_1": 10015.232056317032,
           "enabled": true,
           "initial_eprice_ema_dist": -0.07139416551621158,
           "initial_qty_pct": 0.06520100148821831,
           "markup_range": 0.031221065483807507,
           "min_markup": 0.06,
           "n_close_orders": 11,
           "rentry_pprice_dist": 0.008458673831501945,
           "rentry_pprice_dist_wallet_exposure_weighting": 89.15166205796996,
           "wallet_exposure_limit": 0.2}}