{"config_name": "recursive_grid_ETCUSDT_278days",
 "logging_level": 0,
 "long": {"auto_unstuck_ema_dist": 0.027816848152219235,
          "auto_unstuck_wallet_exposure_threshold": 0.009998478427384772,
          "ddown_factor": 2.893526685438068,
          "ema_span_0": 3242.469886871237,
          "ema_span_1": 4150.83102646339,
          "enabled": true,
          "initial_eprice_ema_dist": 0,
          "initial_qty_pct": 0.05377268452274414,
          "markup_range": 0.04661128314064604,
          "min_markup": 0.06,
          "n_close_orders": 10,
          "rentry_pprice_dist": 0.041560528548936396,
          "rentry_pprice_dist_wallet_exposure_weighting": 29.443643635579825,
          "wallet_exposure_limit": 0.17817622712261202},
 "short": {"auto_unstuck_ema_dist": 0.08468925923935781,
           "auto_unstuck_wallet_exposure_threshold": 0.2878248622177129,
           "ddown_factor": 2.042249390954037,
           "ema_span_0": 2096.4007883596214,
           "ema_span_1": 10080,
           "enabled": true,
           "initial_eprice_ema_dist": -0.08702224585865721,
           "initial_qty_pct": 0.08508476559447808,
           "markup_range": 0.05364813101139568,
           "min_markup": 0.021459486760999652,
           "n_close_orders": 12,
           "rentry_pprice_dist": 0.043469780117836324,
           "rentry_pprice_dist_wallet_exposure_weighting": 23.59919000727352,
           "wallet_exposure_limit": 0.1977372781856628}}