{"config_name": "static_grid_ETCUSDT_198days",
 "logging_level": 0,
 "long": {"auto_unstuck_ema_dist": 0.041105120309740874,
          "auto_unstuck_wallet_exposure_threshold": 0.14415582668727303,
          "ema_span_0": 4179.273779886734,
          "ema_span_1": 4936.078036272644,
          "enabled": true,
          "eprice_exp_base": 1.146072698134663,
          "eprice_pprice_diff": 0.03851433991064795,
          "grid_span": 0.2507911398860025,
          "initial_eprice_ema_dist": -0.017190400682267078,
          "initial_qty_pct": 0.014306153230187491,
          "markup_range": 0.0439950502947986,
          "max_n_entry_orders": 10,
          "min_markup": 0.04816666059911973,
          "n_close_orders": 6,
          "secondary_allocation": 0.30962806135090637,
          "secondary_pprice_diff": 0.25785781543933856,
          "wallet_exposure_limit": 0.1},
 "short": {"auto_unstuck_ema_dist": 0.08720252763716331,
           "auto_unstuck_wallet_exposure_threshold": 0.9037845688149766,
           "ema_span_0": 2845.8841701776396,
           "ema_span_1": 9554.194452722344,
           "enabled": true,
           "eprice_exp_base": 1.6322796207750638,
           "eprice_pprice_diff": 0.014951958139288854,
           "grid_span": 0.5384627101516493,
           "initial_eprice_ema_dist": -0.06850487631044293,
           "initial_qty_pct": 0.027665144771338523,
           "markup_range": 0.04017477998376187,
           "max_n_entry_orders": 10,
           "min_markup": 0.04732317556931936,
           "n_close_orders": 10,
           "secondary_allocation": 0.6485391512426522,
           "secondary_pprice_diff": 0.24425625257819739,
           "wallet_exposure_limit": 0.14991514841625284}}