{"config_name": "recursive_grid_ETCUSDT_198days",
 "logging_level": 0,
 "long": {"auto_unstuck_ema_dist": 0.40624001049368175,
          "auto_unstuck_wallet_exposure_threshold": 0.07098466605793366,
          "ddown_factor": 0.5479967172081157,
          "ema_span_0": 1936.0785746317085,
          "ema_span_1": 1623.2747168507617,
          "enabled": true,
          "initial_eprice_ema_dist": 0.08121758702667972,
          "initial_qty_pct": 0.03292571763147675,
          "markup_range": 0.04851326277667173,
          "min_markup": 0.02341686757839411,
          "n_close_orders": 9,
          "rentry_pprice_dist": 0.030454113359400778,
          "rentry_pprice_dist_wallet_exposure_weighting": 64.80033770160529,
          "wallet_exposure_limit": 0.1},
 "short": {"auto_unstuck_ema_dist": 0.2907319924485787,
           "auto_unstuck_wallet_exposure_threshold": 0.3643107819325541,
           "ddown_factor": 0.3208753677517642,
           "ema_span_0": 875.0871926721422,
           "ema_span_1": 872.839269335278,
           "enabled": true,
           "initial_eprice_ema_dist": 0.06004351403821916,
           "initial_qty_pct": 0.07318716726289157,
           "markup_range": 0.046388449201593115,
           "min_markup": 0.036820277838214066,
           "n_close_orders": 11,
           "rentry_pprice_dist": 0.04311161862390485,
           "rentry_pprice_dist_wallet_exposure_weighting": 22.565817301026033,
           "wallet_exposure_limit": 0.1}}