{"config_name": "long&short_binance_etcusdt_178days_adg0.055%_bkr100.00%_eqbal94.97%",
 "logging_level": 0,
 "long": {"auto_unstuck_ema_dist": 0.00986782702689687,
          "auto_unstuck_wallet_exposure_threshold": 0.032350443695582216,
          "ema_span_max": 5107.57788415142,
          "ema_span_min": 528.1387015493715,
          "enabled": true,
          "eprice_exp_base": 1.0538430585514327,
          "eprice_pprice_diff": 0.012414535158633114,
          "grid_span": 0.4511762377329283,
          "initial_eprice_ema_dist": 0.0225156890385121,
          "initial_qty_pct": 0.01633619021680034,
          "markup_range": 0.02725366250911733,
          "max_n_entry_orders": 8,
          "min_markup": 0.015332770894255417,
          "n_close_orders": 10,
          "secondary_allocation": 0,
          "secondary_pprice_diff": 0.05,
          "wallet_exposure_limit": 0.05},
 "short": {"auto_unstuck_ema_dist": -0.00960517160789413,
           "auto_unstuck_wallet_exposure_threshold": 0.21026715834677265,
           "ema_span_max": 6006.207821968636,
           "ema_span_min": 3536.148953708197,
           "enabled": true,
           "eprice_exp_base": 1.7890423695357218,
           "eprice_pprice_diff": 0.009308308924040765,
           "grid_span": 0.19010231292963303,
           "initial_eprice_ema_dist": -0.07419327746966903,
           "initial_qty_pct": 0.012492182467077253,
           "markup_range": 0.015571947598184577,
           "max_n_entry_orders": 13,
           "min_markup": 0.02848863321254832,
           "n_close_orders": 5,
           "secondary_allocation": 0,
           "secondary_pprice_diff": 0.05,
           "wallet_exposure_limit": 0.05}}