{"config_name": "static_grid_ETCUSDT_198days",
 "logging_level": 0,
 "long": {"auto_unstuck_ema_dist": 0.038047212765798866,
          "auto_unstuck_wallet_exposure_threshold": 0.13114366711373254,
          "ema_span_0": 1668.5816987863518,
          "ema_span_1": 4936.078036272644,
          "enabled": true,
          "eprice_exp_base": 1.6129563450959208,
          "eprice_pprice_diff": 0.0035592493112342684,
          "grid_span": 0.2246346314214739,
          "initial_eprice_ema_dist": -0.017055481992768,
          "initial_qty_pct": 0.04341756822166429,
          "markup_range": 0.005728111557657382,
          "max_n_entry_orders": 10,
          "min_markup": 0.04178119859735249,
          "n_close_orders": 10,
          "secondary_allocation": 0.2402095773241581,
          "secondary_pprice_diff": 0.24990468647886582,
          "wallet_exposure_limit": 0.1},
 "short": {"auto_unstuck_ema_dist": 0.08723348601222533,
           "auto_unstuck_wallet_exposure_threshold": 0.9037845688149766,
           "ema_span_0": 2853.5394144398233,
           "ema_span_1": 9554.194452722344,
           "enabled": true,
           "eprice_exp_base": 1.6322796207750638,
           "eprice_pprice_diff": 0.015082033165045425,
           "grid_span": 0.5570852253954611,
           "initial_eprice_ema_dist": -0.07421073357112236,
           "initial_qty_pct": 0.024443186071602594,
           "markup_range": 0.03940708006028528,
           "max_n_entry_orders": 10,
           "min_markup": 0.04732317556931936,
           "n_close_orders": 8,
           "secondary_allocation": 0.36544354815511376,
           "secondary_pprice_diff": 0.4723813245861232,
           "wallet_exposure_limit": 0.14991514841625284}}