{"config_name": "recursive_grid_ETHUSDT_243days",
 "logging_level": 0,
 "long": {"auto_unstuck_ema_dist": 0.05296510477012501,
          "auto_unstuck_wallet_exposure_threshold": 0.2494415869039348,
          "ddown_factor": 1.7638073384360937,
          "ema_span_0": 2837.6588447265713,
          "ema_span_1": 2117.4180717033746,
          "enabled": true,
          "initial_eprice_ema_dist": -0.050364464104817326,
          "initial_qty_pct": 0.07819150727402391,
          "markup_range": 0.015942412619000767,
          "min_markup": 0.05922285931730309,
          "n_close_orders": 7,
          "rentry_pprice_dist": 0.007204055797655772,
          "rentry_pprice_dist_wallet_exposure_weighting": 2.4786106419409695,
          "wallet_exposure_limit": 0.1923622949743649},
 "short": {"auto_unstuck_ema_dist": 0.03421280030504104,
           "auto_unstuck_wallet_exposure_threshold": 0.17398920774679605,
           "ddown_factor": 0.10269486246390891,
           "ema_span_0": 3291.2236799412353,
           "ema_span_1": 10080,
           "enabled": true,
           "initial_eprice_ema_dist": -0.030069969755318213,
           "initial_qty_pct": 0.054563311343132304,
           "markup_range": 0.04665340048114622,
           "min_markup": 0.043311671927283996,
           "n_close_orders": 9,
           "rentry_pprice_dist": 0.03992634720852185,
           "rentry_pprice_dist_wallet_exposure_weighting": 9.635511183362155,
           "wallet_exposure_limit": 0.19886082049378012}}