{"config_name": "static_grid_FLMUSDT_213days",
 "logging_level": 0,
 "long": {"auto_unstuck_ema_dist": 0.0511377299200544,
          "auto_unstuck_wallet_exposure_threshold": 0.2227838349014286,
          "ema_span_0": 3213.523839811734,
          "ema_span_1": 2010.9073690484993,
          "enabled": true,
          "eprice_exp_base": 1.7192043783279145,
          "eprice_pprice_diff": 0.030060151023517202,
          "grid_span": 0.18907103406421338,
          "initial_eprice_ema_dist": -0.03114932410564244,
          "initial_qty_pct": 0.06953578063598806,
          "markup_range": 0.037432598685289774,
          "max_n_entry_orders": 10,
          "min_markup": 0.026570485181607748,
          "n_close_orders": 6,
          "secondary_allocation": 0.19130911700719197,
          "secondary_pprice_diff": 0.06700917983361157,
          "wallet_exposure_limit": 0.1},
 "short": {"auto_unstuck_ema_dist": 0.09101274366749362,
           "auto_unstuck_wallet_exposure_threshold": 0.08483265027547895,
           "ema_span_0": 3004.8420544632354,
           "ema_span_1": 7185.9243362165635,
           "enabled": true,
           "eprice_exp_base": 1.322715427707701,
           "eprice_pprice_diff": 0.029335910733176287,
           "grid_span": 0.17012756798790082,
           "initial_eprice_ema_dist": -0.05712089962245632,
           "initial_qty_pct": 0.05180837308288866,
           "markup_range": 0.031337204859765565,
           "max_n_entry_orders": 10,
           "min_markup": 0.021737436894308373,
           "n_close_orders": 6,
           "secondary_allocation": 0.14274156033951738,
           "secondary_pprice_diff": 0.2504042586510666,
           "wallet_exposure_limit": 0.14496602861011149}}