{"config_name": "recursive_grid_FLMUSDT_278days",
 "logging_level": 0,
 "long": {"auto_unstuck_ema_dist": 0.051905977869459136,
          "auto_unstuck_wallet_exposure_threshold": 0.8356593950106732,
          "ddown_factor": 2.8656864750339457,
          "ema_span_0": 3981.715249984118,
          "ema_span_1": 2551.964989025702,
          "enabled": true,
          "initial_eprice_ema_dist": -0.018416231508387216,
          "initial_qty_pct": 0.056993287636673676,
          "markup_range": 0.045243335999107716,
          "min_markup": 0.04740430775586504,
          "n_close_orders": 13,
          "rentry_pprice_dist": 0.0319420675123732,
          "rentry_pprice_dist_wallet_exposure_weighting": 9.006453601490186,
          "wallet_exposure_limit": 0.15517073430242895},
 "short": {"auto_unstuck_ema_dist": 0.06446746318096472,
           "auto_unstuck_wallet_exposure_threshold": 0.26807575027223235,
           "ddown_factor": 1.185882767812189,
           "ema_span_0": 2852.143894306113,
           "ema_span_1": 9078.367544038725,
           "enabled": true,
           "initial_eprice_ema_dist": -0.057502611101190544,
           "initial_qty_pct": 0.05589165785302413,
           "markup_range": 0.05104899476718901,
           "min_markup": 0.06,
           "n_close_orders": 12,
           "rentry_pprice_dist": 0.020557437566026054,
           "rentry_pprice_dist_wallet_exposure_weighting": 22.874831400332084,
           "wallet_exposure_limit": 0.19927109194455067}}