{"config_name": "recursive_grid_FLOWUSDT_54days",
 "logging_level": 0,
 "long": {"auto_unstuck_ema_dist": 0.09182745260812586,
          "auto_unstuck_wallet_exposure_threshold": 0.34881525168965044,
          "ddown_factor": 1.8402260756731024,
          "ema_span_0": 4042.640235573386,
          "ema_span_1": 9513.395552420523,
          "enabled": true,
          "initial_eprice_ema_dist": -0.0348845137626398,
          "initial_qty_pct": 0.09516309427537835,
          "markup_range": 0.05050169567495182,
          "min_markup": 0.05679134102130529,
          "n_close_orders": 7,
          "rentry_pprice_dist": 0.025883065850691576,
          "rentry_pprice_dist_wallet_exposure_weighting": 24.076984551672194,
          "wallet_exposure_limit": 0.2},
 "short": {"auto_unstuck_ema_dist": 0.08198258082792394,
           "auto_unstuck_wallet_exposure_threshold": 0.923035772225784,
           "ddown_factor": 1.7164263945856324,
           "ema_span_0": 1678.8077796534376,
           "ema_span_1": 2070.659466706361,
           "enabled": true,
           "initial_eprice_ema_dist": -0.016829364900880935,
           "initial_qty_pct": 0.05195180135717809,
           "markup_range": 0.005,
           "min_markup": 0.054448564352282416,
           "n_close_orders": 5,
           "rentry_pprice_dist": 0.01567592306284757,
           "rentry_pprice_dist_wallet_exposure_weighting": 82.46995710360345,
           "wallet_exposure_limit": 0.19864891427058637}}