{"config_name": "static_grid_FLOWUSDT_25days",
 "logging_level": 0,
 "long": {"auto_unstuck_ema_dist": 0.1,
          "auto_unstuck_wallet_exposure_threshold": 0.6815241040030104,
          "ema_span_0": 1729.0653269320499,
          "ema_span_1": 6290.244750565264,
          "enabled": true,
          "eprice_exp_base": 1.7989159308865932,
          "eprice_pprice_diff": 0.039309017352854095,
          "grid_span": 0.46189628022399565,
          "initial_eprice_ema_dist": -0.08811431114189294,
          "initial_qty_pct": 0.07146809912968327,
          "markup_range": 0.031065671728782728,
          "max_n_entry_orders": 10,
          "min_markup": 0.045547841236295634,
          "n_close_orders": 8,
          "secondary_allocation": 0.2097497611055439,
          "secondary_pprice_diff": 0.3699076530702569,
          "wallet_exposure_limit": 0.1},
 "short": {"auto_unstuck_ema_dist": 0.09413274672889226,
           "auto_unstuck_wallet_exposure_threshold": 0.4412696295573061,
           "ema_span_0": 4205.489916207122,
           "ema_span_1": 3964.4327775807797,
           "enabled": true,
           "eprice_exp_base": 1.026605209057586,
           "eprice_pprice_diff": 0.026085016836870784,
           "grid_span": 0.3072770956545011,
           "initial_eprice_ema_dist": -0.04714011508359829,
           "initial_qty_pct": 0.058179326011078586,
           "markup_range": 0.05,
           "max_n_entry_orders": 10,
           "min_markup": 0.04944801694624419,
           "n_close_orders": 4,
           "secondary_allocation": 0.6943754320125343,
           "secondary_pprice_diff": 0.17715034690346998,
           "wallet_exposure_limit": 0.14865050754674447}}