{"config_name": "recursive_grid_FTMUSDT_243days",
 "logging_level": 0,
 "long": {"auto_unstuck_ema_dist": 0.09453281689331726,
          "auto_unstuck_wallet_exposure_threshold": 0.441222860243199,
          "ddown_factor": 2.181110751068584,
          "ema_span_0": 1360.8289558098456,
          "ema_span_1": 1782.5156504197246,
          "enabled": true,
          "initial_eprice_ema_dist": -0.06747994463996601,
          "initial_qty_pct": 0.09592929079691526,
          "markup_range": 0.04176563398107255,
          "min_markup": 0.058459208772625795,
          "n_close_orders": 9,
          "rentry_pprice_dist": 0.006690757940037608,
          "rentry_pprice_dist_wallet_exposure_weighting": 24.636635096565772,
          "wallet_exposure_limit": 0.19543840699560275},
 "short": {"auto_unstuck_ema_dist": 0.08468599549478767,
           "auto_unstuck_wallet_exposure_threshold": 0.505412209193725,
           "ddown_factor": 2.7254969037618606,
           "ema_span_0": 377.08607853121083,
           "ema_span_1": 6340.77158318547,
           "enabled": true,
           "initial_eprice_ema_dist": -0.0951359422620342,
           "initial_qty_pct": 0.0673037296834533,
           "markup_range": 0.008812578913581122,
           "min_markup": 0.051746500640413126,
           "n_close_orders": 10,
           "rentry_pprice_dist": 0.039930718681220535,
           "rentry_pprice_dist_wallet_exposure_weighting": 12.512459866669388,
           "wallet_exposure_limit": 0.14499863325427514}}