{"config_name": "recursive_grid_FTMUSDT_198days",
 "logging_level": 0,
 "long": {"auto_unstuck_ema_dist": 0.05901274357438199,
          "auto_unstuck_wallet_exposure_threshold": 0.041749637200129905,
          "ddown_factor": 2.367434798707374,
          "ema_span_0": 3205.8008286066647,
          "ema_span_1": 3045.3077976016125,
          "enabled": true,
          "initial_eprice_ema_dist": 0.06072236808616847,
          "initial_qty_pct": 0.0751994184747276,
          "markup_range": 0.009962554759195299,
          "min_markup": 0.039273532638960086,
          "n_close_orders": 11,
          "rentry_pprice_dist": 0.015667771226039174,
          "rentry_pprice_dist_wallet_exposure_weighting": 23.375910348256127,
          "wallet_exposure_limit": 0.1},
 "short": {"auto_unstuck_ema_dist": 0.2587497674272891,
           "auto_unstuck_wallet_exposure_threshold": 0.07122776243832266,
           "ddown_factor": 2.034184046848425,
           "ema_span_0": 3865.204493948663,
           "ema_span_1": 9725.324838994167,
           "enabled": true,
           "initial_eprice_ema_dist": 0.060635828212186785,
           "initial_qty_pct": 0.0485918487867624,
           "markup_range": 0.04285828634779623,
           "min_markup": 0.005,
           "n_close_orders": 4,
           "rentry_pprice_dist": 0.04463358448920924,
           "rentry_pprice_dist_wallet_exposure_weighting": 6.372574570852492,
           "wallet_exposure_limit": 0.1}}