{"config_name": "longonly_binance_ftmusdt_168days_adg0.068%_bkr100.00%_eqbal96.08%",
 "logging_level": 0,
 "long": {"auto_unstuck_ema_dist": -0.0024749091378892096,
          "auto_unstuck_wallet_exposure_threshold": 0.1951752037041231,
          "ema_span_max": 747.189841804008,
          "ema_span_min": 6365.668550247343,
          "enabled": true,
          "eprice_exp_base": 1.5453259496779235,
          "eprice_pprice_diff": 0.008510812299378072,
          "grid_span": 0.26722170814700624,
          "initial_eprice_ema_dist": 0.024626229959302946,
          "initial_qty_pct": 0.027709962431204858,
          "markup_range": 0.025325724195040054,
          "max_n_entry_orders": 7,
          "min_markup": 0.02898977047163942,
          "n_close_orders": 7,
          "secondary_allocation": 0,
          "secondary_pprice_diff": 0.05,
          "wallet_exposure_limit": 0.05},
 "short": {"auto_unstuck_ema_dist": -0.01,
           "auto_unstuck_wallet_exposure_threshold": 0.027560114738341537,
           "ema_span_max": 7924.763023300479,
           "ema_span_min": 2755.2131406430603,
           "enabled": false,
           "eprice_exp_base": 1.264919437399725,
           "eprice_pprice_diff": 0.0025994080072865517,
           "grid_span": 0.36052303857311135,
           "initial_eprice_ema_dist": 0.01873803588286138,
           "initial_qty_pct": 0.028341960690562062,
           "markup_range": 0.011724973198607342,
           "max_n_entry_orders": 13,
           "min_markup": 0.03916846363517381,
           "n_close_orders": 6,
           "secondary_allocation": 0,
           "secondary_pprice_diff": 0.05,
           "wallet_exposure_limit": 0.05}}