{"config_name": "recursive_grid_GRTUSDT_198days",
 "logging_level": 0,
 "long": {"auto_unstuck_ema_dist": 0.046904638585684444,
          "auto_unstuck_wallet_exposure_threshold": 0.9535978851851019,
          "ddown_factor": 1.4145216506991234,
          "ema_span_0": 2406.2677186832284,
          "ema_span_1": 2845.830244120396,
          "enabled": true,
          "initial_eprice_ema_dist": -0.03641300063921852,
          "initial_qty_pct": 0.02544796473310572,
          "markup_range": 0.03568632327962496,
          "min_markup": 0.04837403678462229,
          "n_close_orders": 12,
          "rentry_pprice_dist": 0.0347639909205663,
          "rentry_pprice_dist_wallet_exposure_weighting": 72.14058440179014,
          "wallet_exposure_limit": 0.188129746413452},
 "short": {"auto_unstuck_ema_dist": 0.04548405666942334,
           "auto_unstuck_wallet_exposure_threshold": 0.672689003128715,
           "ddown_factor": 0.25076732510884686,
           "ema_span_0": 1363.2598795834774,
           "ema_span_1": 2981.362978259607,
           "enabled": true,
           "initial_eprice_ema_dist": -0.01210499590278781,
           "initial_qty_pct": 0.03950910553707266,
           "markup_range": 0.02981754354896958,
           "min_markup": 0.03754089439869822,
           "n_close_orders": 6,
           "rentry_pprice_dist": 0.018170961760285667,
           "rentry_pprice_dist_wallet_exposure_weighting": 2.9171472499663205,
           "wallet_exposure_limit": 0.19487688078356952}}