{"config_name": "recursive_grid_GRTUSDT_198days",
 "logging_level": 0,
 "long": {"auto_unstuck_ema_dist": 0.14035674021763497,
          "auto_unstuck_wallet_exposure_threshold": 0.07580502115074489,
          "ddown_factor": 2.373030254289878,
          "ema_span_0": 5862.184051094208,
          "ema_span_1": 6101.715974045988,
          "enabled": true,
          "initial_eprice_ema_dist": 0.0993814865998695,
          "initial_qty_pct": 0.021313096313709704,
          "markup_range": 0.006833692328780243,
          "min_markup": 0.048821745403168484,
          "n_close_orders": 9,
          "rentry_pprice_dist": 0.04647845950853193,
          "rentry_pprice_dist_wallet_exposure_weighting": 37.05858837933168,
          "wallet_exposure_limit": 0.1},
 "short": {"auto_unstuck_ema_dist": 0.46645737042244456,
           "auto_unstuck_wallet_exposure_threshold": 0.4842039725786868,
           "ddown_factor": 1.4051019499739203,
           "ema_span_0": 2149.633238044692,
           "ema_span_1": 1130.3682924639604,
           "enabled": true,
           "initial_eprice_ema_dist": 0.08616065480393792,
           "initial_qty_pct": 0.015494613945380315,
           "markup_range": 0.049285616409869164,
           "min_markup": 0.02824251432412168,
           "n_close_orders": 9,
           "rentry_pprice_dist": 0.0463558181522326,
           "rentry_pprice_dist_wallet_exposure_weighting": 8.98786525275176,
           "wallet_exposure_limit": 0.1}}