{"config_name": "recursive_grid_GRTUSDT_243days",
 "logging_level": 0,
 "long": {"auto_unstuck_ema_dist": 0.041093736027651616,
          "auto_unstuck_wallet_exposure_threshold": 0.4536436259984213,
          "ddown_factor": 2.8381805355768037,
          "ema_span_0": 1071.488326405288,
          "ema_span_1": 4578.813784065671,
          "enabled": true,
          "initial_eprice_ema_dist": 0,
          "initial_qty_pct": 0.06815282745211405,
          "markup_range": 0.014202665469365397,
          "min_markup": 0.05386632755008187,
          "n_close_orders": 11,
          "rentry_pprice_dist": 0.031572040066319494,
          "rentry_pprice_dist_wallet_exposure_weighting": 88.33101369278532,
          "wallet_exposure_limit": 0.11366784763326053},
 "short": {"auto_unstuck_ema_dist": 0.04874922159922921,
           "auto_unstuck_wallet_exposure_threshold": 0.07356389442793487,
           "ddown_factor": 2.0745615500763903,
           "ema_span_0": 2422.616374865248,
           "ema_span_1": 2342.2772705146954,
           "enabled": true,
           "initial_eprice_ema_dist": -0.011600910788114642,
           "initial_qty_pct": 0.09715690682930833,
           "markup_range": 0.03653619877647061,
           "min_markup": 0.0592390383281224,
           "n_close_orders": 5,
           "rentry_pprice_dist": 0.025321807071749018,
           "rentry_pprice_dist_wallet_exposure_weighting": 8.706844649069495,
           "wallet_exposure_limit": 0.19923849181932204}}