{"config_name": "recursive_grid_GTCUSDT_278days",
 "logging_level": 0,
 "long": {"auto_unstuck_ema_dist": 0.09103498534599867,
          "auto_unstuck_wallet_exposure_threshold": 0.9277480857207828,
          "ddown_factor": 1.0717248127178676,
          "ema_span_0": 2663.8911294467703,
          "ema_span_1": 10080,
          "enabled": true,
          "initial_eprice_ema_dist": -0.02071927221816451,
          "initial_qty_pct": 0.07702957854229364,
          "markup_range": 0.012113306940642951,
          "min_markup": 0.053208137925909366,
          "n_close_orders": 11,
          "rentry_pprice_dist": 0.014938287687770984,
          "rentry_pprice_dist_wallet_exposure_weighting": 53.965863509319895,
          "wallet_exposure_limit": 0.14886820630595168},
 "short": {"auto_unstuck_ema_dist": 0.06065748941352786,
           "auto_unstuck_wallet_exposure_threshold": 0,
           "ddown_factor": 2.3748755944797377,
           "ema_span_0": 720.9625395919835,
           "ema_span_1": 7526.032061596321,
           "enabled": true,
           "initial_eprice_ema_dist": -0.05623273586721218,
           "initial_qty_pct": 0.07053595717573119,
           "markup_range": 0.04500174397158253,
           "min_markup": 0.01061652041901919,
           "n_close_orders": 8,
           "rentry_pprice_dist": 0.009760451674177254,
           "rentry_pprice_dist_wallet_exposure_weighting": 34.052623518313176,
           "wallet_exposure_limit": 0.2}}