{"config_name": "static_grid_GTCUSDT_218days",
 "logging_level": 0,
 "long": {"auto_unstuck_ema_dist": 0.09801530624468535,
          "auto_unstuck_wallet_exposure_threshold": 0.6533766678451179,
          "ema_span_0": 1235.2800385440344,
          "ema_span_1": 8654.886614728961,
          "enabled": true,
          "eprice_exp_base": 1.7933381401695765,
          "eprice_pprice_diff": 0.018684302037398376,
          "grid_span": 0.33858169355751777,
          "initial_eprice_ema_dist": -0.023947820498059255,
          "initial_qty_pct": 0.08120838330981277,
          "markup_range": 0.04681103282554693,
          "max_n_entry_orders": 10,
          "min_markup": 0.044941208874266406,
          "n_close_orders": 4,
          "secondary_allocation": 0.6566219218545025,
          "secondary_pprice_diff": 0.31373734166125355,
          "wallet_exposure_limit": 0.1},
 "short": {"auto_unstuck_ema_dist": 0.09369863102941278,
           "auto_unstuck_wallet_exposure_threshold": 0,
           "ema_span_0": 4320,
           "ema_span_1": 9365.024612540137,
           "enabled": true,
           "eprice_exp_base": 2.0423844431188036,
           "eprice_pprice_diff": 0.026059401008821974,
           "grid_span": 0.645383810260398,
           "initial_eprice_ema_dist": -0.0940073177785744,
           "initial_qty_pct": 0.0774816855801678,
           "markup_range": 0.03871653413263664,
           "max_n_entry_orders": 10,
           "min_markup": 0.030816835467108207,
           "n_close_orders": 7,
           "secondary_allocation": 0.12197615104292797,
           "secondary_pprice_diff": 0.20556482643843366,
           "wallet_exposure_limit": 0.135868571554133}}