{"config_name": "static_grid_HBARUSDT_213days",
 "logging_level": 0,
 "long": {"auto_unstuck_ema_dist": 0.08090571750339932,
          "auto_unstuck_wallet_exposure_threshold": 0.2459010365580096,
          "ema_span_0": 3173.054122637149,
          "ema_span_1": 5015.496653295286,
          "enabled": true,
          "eprice_exp_base": 1.0891978708669332,
          "eprice_pprice_diff": 0.027012858663604818,
          "grid_span": 0.29070332303125895,
          "initial_eprice_ema_dist": -0.0542068330468837,
          "initial_qty_pct": 0.0933762796969932,
          "markup_range": 0.035549543137736984,
          "max_n_entry_orders": 10,
          "min_markup": 0.0425039708012009,
          "n_close_orders": 4,
          "secondary_allocation": 0.527223815262404,
          "secondary_pprice_diff": 0.256147665458175,
          "wallet_exposure_limit": 0.1},
 "short": {"auto_unstuck_ema_dist": 0.09376129657514931,
           "auto_unstuck_wallet_exposure_threshold": 0,
           "ema_span_0": 2580.5851763648016,
           "ema_span_1": 9160.035132468061,
           "enabled": true,
           "eprice_exp_base": 1.124297928124174,
           "eprice_pprice_diff": 0.029324156952736987,
           "grid_span": 0.23684295755419674,
           "initial_eprice_ema_dist": -0.022601971856985863,
           "initial_qty_pct": 0.06360105807951617,
           "markup_range": 0.018759489749467013,
           "max_n_entry_orders": 10,
           "min_markup": 0.0445976251496944,
           "n_close_orders": 4,
           "secondary_allocation": 0.10630363362501183,
           "secondary_pprice_diff": 0.22174316979629582,
           "wallet_exposure_limit": 0.14991159985126462}}