{"config_name": "static_grid_HBARUSDT_198days",
 "logging_level": 0,
 "long": {"auto_unstuck_ema_dist": 0.08197047876453369,
          "auto_unstuck_wallet_exposure_threshold": 0.9431160172603875,
          "ema_span_0": 3475.7175197070615,
          "ema_span_1": 5562.76998629339,
          "enabled": true,
          "eprice_exp_base": 1.323488449418024,
          "eprice_pprice_diff": 0.003941368405015111,
          "grid_span": 0.20864367115720286,
          "initial_eprice_ema_dist": -0.061671367292185406,
          "initial_qty_pct": 0.06656077608477387,
          "markup_range": 0.022413802005430573,
          "max_n_entry_orders": 10,
          "min_markup": 0.04353185509002726,
          "n_close_orders": 7,
          "secondary_allocation": 0.5828700434714922,
          "secondary_pprice_diff": 0.48550657066581293,
          "wallet_exposure_limit": 0.1},
 "short": {"auto_unstuck_ema_dist": 0.048238435604047364,
           "auto_unstuck_wallet_exposure_threshold": 0,
           "ema_span_0": 2330.2904814264784,
           "ema_span_1": 7727.693186447028,
           "enabled": true,
           "eprice_exp_base": 1.8820972238280858,
           "eprice_pprice_diff": 0.02464533566137673,
           "grid_span": 0.2705599832553291,
           "initial_eprice_ema_dist": -0.044707602125894676,
           "initial_qty_pct": 0.0640539183735831,
           "markup_range": 0.005,
           "max_n_entry_orders": 10,
           "min_markup": 0.034857230379387004,
           "n_close_orders": 5,
           "secondary_allocation": 0.48650272446966236,
           "secondary_pprice_diff": 0.1056898720394703,
           "wallet_exposure_limit": 0.11123009439124917}}