{"config_name": "recursive_grid_HBARUSDT_198days",
 "logging_level": 0,
 "long": {"auto_unstuck_ema_dist": 0.4355279618170716,
          "auto_unstuck_wallet_exposure_threshold": 0.17341675854019037,
          "ddown_factor": 0.2888659831910245,
          "ema_span_0": 863.7377091086745,
          "ema_span_1": 9540.780467874638,
          "enabled": true,
          "initial_eprice_ema_dist": 0.1,
          "initial_qty_pct": 0.08904375819435997,
          "markup_range": 0.019836166307152573,
          "min_markup": 0.05,
          "n_close_orders": 5,
          "rentry_pprice_dist": 0.03556489816328689,
          "rentry_pprice_dist_wallet_exposure_weighting": 64.9971298195641,
          "wallet_exposure_limit": 0.1},
 "short": {"auto_unstuck_ema_dist": 0.38710573862608383,
           "auto_unstuck_wallet_exposure_threshold": 0.5105574063432906,
           "ddown_factor": 1.3964061246001331,
           "ema_span_0": 9299.830072539078,
           "ema_span_1": 6123.0946441133,
           "enabled": true,
           "initial_eprice_ema_dist": 0.06927154152288839,
           "initial_qty_pct": 0.025738572115893633,
           "markup_range": 0.04619803542964545,
           "min_markup": 0.03928812798208137,
           "n_close_orders": 10,
           "rentry_pprice_dist": 0.008647933555210789,
           "rentry_pprice_dist_wallet_exposure_weighting": 22.29469071959427,
           "wallet_exposure_limit": 0.1}}