{"config_name": "recursive_grid_HBARUSDT_278days",
 "logging_level": 0,
 "long": {"auto_unstuck_ema_dist": 0.1,
          "auto_unstuck_wallet_exposure_threshold": 0.2559213974312995,
          "ddown_factor": 2.892939959141741,
          "ema_span_0": 1566.5637137989038,
          "ema_span_1": 4032.283981581172,
          "enabled": true,
          "initial_eprice_ema_dist": -0.02397227323980006,
          "initial_qty_pct": 0.05941724672447957,
          "markup_range": 0.011325606498355165,
          "min_markup": 0.03630106139284927,
          "n_close_orders": 5,
          "rentry_pprice_dist": 0.033338390165128025,
          "rentry_pprice_dist_wallet_exposure_weighting": 9.565782575034307,
          "wallet_exposure_limit": 0.1477435811591456},
 "short": {"auto_unstuck_ema_dist": 0.07739806727643979,
           "auto_unstuck_wallet_exposure_threshold": 0.6315950708013479,
           "ddown_factor": 0.8014587187475924,
           "ema_span_0": 789.709383234577,
           "ema_span_1": 9083.647295756153,
           "enabled": true,
           "initial_eprice_ema_dist": -0.05524578356969424,
           "initial_qty_pct": 0.060461310541484584,
           "markup_range": 0.022455856344984367,
           "min_markup": 0.026264239958662228,
           "n_close_orders": 9,
           "rentry_pprice_dist": 0.014327707461520487,
           "rentry_pprice_dist_wallet_exposure_weighting": 73.90848426691126,
           "wallet_exposure_limit": 0.2}}