{"config_name": "recursive_grid_HOTUSDT_278days",
 "logging_level": 0,
 "long": {"auto_unstuck_ema_dist": 0.023050840426613792,
          "auto_unstuck_wallet_exposure_threshold": 0.3061193898610276,
          "ddown_factor": 2.2185181539184264,
          "ema_span_0": 1131.1346860729893,
          "ema_span_1": 2172.9175403389754,
          "enabled": true,
          "initial_eprice_ema_dist": -0.00073048362484091,
          "initial_qty_pct": 0.08924077369034691,
          "markup_range": 0.018556053447711215,
          "min_markup": 0.05177910258508636,
          "n_close_orders": 9,
          "rentry_pprice_dist": 0.038738476850682775,
          "rentry_pprice_dist_wallet_exposure_weighting": 4.539250203432842,
          "wallet_exposure_limit": 0.19874054067707964},
 "short": {"auto_unstuck_ema_dist": 0.09681488603301885,
           "auto_unstuck_wallet_exposure_threshold": 0.3348709389476786,
           "ddown_factor": 2.539681274518009,
           "ema_span_0": 484.5098284082501,
           "ema_span_1": 9205.039662209225,
           "enabled": true,
           "initial_eprice_ema_dist": -0.07068855319266709,
           "initial_qty_pct": 0.07151352387863408,
           "markup_range": 0.06,
           "min_markup": 0.03970217625892339,
           "n_close_orders": 10,
           "rentry_pprice_dist": 0.020949419675687364,
           "rentry_pprice_dist_wallet_exposure_weighting": 40.05745150967802,
           "wallet_exposure_limit": 0.19982308057542025}}