{"config_name": "recursive_grid_HOTUSDT_198days",
 "logging_level": 0,
 "long": {"auto_unstuck_ema_dist": 0.023210799381440148,
          "auto_unstuck_wallet_exposure_threshold": 0.1849974403255802,
          "ddown_factor": 2.8616312816289278,
          "ema_span_0": 6558.852147725216,
          "ema_span_1": 2852.686085899427,
          "enabled": true,
          "initial_eprice_ema_dist": 0.09875159955487883,
          "initial_qty_pct": 0.03844064974443459,
          "markup_range": 0.025980572886144953,
          "min_markup": 0.03809315500486809,
          "n_close_orders": 8,
          "rentry_pprice_dist": 0.0465784715957244,
          "rentry_pprice_dist_wallet_exposure_weighting": 10.885100801047903,
          "wallet_exposure_limit": 0.1},
 "short": {"auto_unstuck_ema_dist": 0.08153211181809573,
           "auto_unstuck_wallet_exposure_threshold": 0.6710139203792534,
           "ddown_factor": 1.2166987759496553,
           "ema_span_0": 809.0625708501944,
           "ema_span_1": 9253.906148609049,
           "enabled": true,
           "initial_eprice_ema_dist": -0.07762309559981867,
           "initial_qty_pct": 0.08958757143798493,
           "markup_range": 0.04248256359915703,
           "min_markup": 0.04547622104298208,
           "n_close_orders": 6,
           "rentry_pprice_dist": 0.016838574552440783,
           "rentry_pprice_dist_wallet_exposure_weighting": 44.81694570051159,
           "wallet_exposure_limit": 0.1}}