{"config_name": "static_grid_HOTUSDT_213days",
 "logging_level": 0,
 "long": {"auto_unstuck_ema_dist": 0.004564361218378486,
          "auto_unstuck_wallet_exposure_threshold": 0.165987127394777,
          "ema_span_0": 883.4889516487418,
          "ema_span_1": 3050.3317875758544,
          "enabled": true,
          "eprice_exp_base": 1.1671521092792048,
          "eprice_pprice_diff": 0.01830311677660041,
          "grid_span": 0.11047391229345577,
          "initial_eprice_ema_dist": -0.013780653807240664,
          "initial_qty_pct": 0.08936262896563009,
          "markup_range": 0.036659071094099965,
          "max_n_entry_orders": 10,
          "min_markup": 0.045894849596687395,
          "n_close_orders": 9,
          "secondary_allocation": 0.14492333908777397,
          "secondary_pprice_diff": 0.05740355426053708,
          "wallet_exposure_limit": 0.1},
 "short": {"auto_unstuck_ema_dist": 0.1,
           "auto_unstuck_wallet_exposure_threshold": 0.13715672899249132,
           "ema_span_0": 644.9733673804107,
           "ema_span_1": 10080,
           "enabled": true,
           "eprice_exp_base": 1.7812205031715096,
           "eprice_pprice_diff": 0.003132041545830203,
           "grid_span": 0.11858470858240566,
           "initial_eprice_ema_dist": -0.07385677583034438,
           "initial_qty_pct": 0.09333912719823714,
           "markup_range": 0.04290475531747258,
           "max_n_entry_orders": 10,
           "min_markup": 0.04439229450175046,
           "n_close_orders": 8,
           "secondary_allocation": 0.2229255397082667,
           "secondary_pprice_diff": 0.3252195466322151,
           "wallet_exposure_limit": 0.15}}