{"config_name": "long&short_binance_icpusdt_181days_adg0.071%_bkr100.00%_eqbal94.62%",
 "logging_level": 0,
 "long": {"auto_unstuck_ema_dist": 0.04785755854851951,
          "auto_unstuck_wallet_exposure_threshold": 0.0842838524641548,
          "ema_span_max": 561.7493288042309,
          "ema_span_min": 1347.8643984846972,
          "enabled": true,
          "eprice_exp_base": 1.7194151629542138,
          "eprice_pprice_diff": 0.005644617109334423,
          "grid_span": 0.6366636719468253,
          "initial_eprice_ema_dist": 0.04265697254765627,
          "initial_qty_pct": 0.030539081970242438,
          "markup_range": 0.017662083036216632,
          "max_n_entry_orders": 9,
          "min_markup": 0.022537096051315313,
          "n_close_orders": 1,
          "secondary_allocation": 0,
          "secondary_pprice_diff": 0.05,
          "wallet_exposure_limit": 0.05},
 "short": {"auto_unstuck_ema_dist": 0.05904248627142835,
           "auto_unstuck_wallet_exposure_threshold": 0.03740784009134149,
           "ema_span_max": 460.8182725078161,
           "ema_span_min": 1282.1282422768,
           "enabled": true,
           "eprice_exp_base": 2.0451474904775,
           "eprice_pprice_diff": 0.011065739130292306,
           "grid_span": 0.06586277965966507,
           "initial_eprice_ema_dist": 0.03781933245489885,
           "initial_qty_pct": 0.013268325572363555,
           "markup_range": 0.025646193858090353,
           "max_n_entry_orders": 13,
           "min_markup": 0.03812223079595838,
           "n_close_orders": 2,
           "secondary_allocation": 0,
           "secondary_pprice_diff": 0.05,
           "wallet_exposure_limit": 0.05}}