{"config_name": "recursive_grid_ICPUSDT_198days",
 "logging_level": 0,
 "long": {"auto_unstuck_ema_dist": 0.3062815104970322,
          "auto_unstuck_wallet_exposure_threshold": 0.08980219985812851,
          "ddown_factor": 1.9621130411271264,
          "ema_span_0": 3667.01616688232,
          "ema_span_1": 461.4759874302481,
          "enabled": true,
          "initial_eprice_ema_dist": 0.08715956633936839,
          "initial_qty_pct": 0.011264178840941871,
          "markup_range": 0.005036559165293717,
          "min_markup": 0.03977717454186955,
          "n_close_orders": 8,
          "rentry_pprice_dist": 0.00890457130689848,
          "rentry_pprice_dist_wallet_exposure_weighting": 64.58630683969209,
          "wallet_exposure_limit": 0.1},
 "short": {"auto_unstuck_ema_dist": 0.030477795109283754,
           "auto_unstuck_wallet_exposure_threshold": 0.0054033466994278835,
           "ddown_factor": 0.3091762358999357,
           "ema_span_0": 2094.283311464123,
           "ema_span_1": 9801.05608759354,
           "enabled": true,
           "initial_eprice_ema_dist": 0.08925941785917224,
           "initial_qty_pct": 0.010237899252012352,
           "markup_range": 0.047606855667063505,
           "min_markup": 0.04094543481963575,
           "n_close_orders": 10,
           "rentry_pprice_dist": 0.02426773135294051,
           "rentry_pprice_dist_wallet_exposure_weighting": 9.835316858503965,
           "wallet_exposure_limit": 0.1}}