{"config_name": "recursive_grid_ICPUSDT_278days",
 "logging_level": 0,
 "long": {"auto_unstuck_ema_dist": 0.032529537364378205,
          "auto_unstuck_wallet_exposure_threshold": 0.5317206843790808,
          "ddown_factor": 2.8621179463550384,
          "ema_span_0": 563.5075209265672,
          "ema_span_1": 1523.5022470794838,
          "enabled": true,
          "initial_eprice_ema_dist": -0.0054349684068305945,
          "initial_qty_pct": 0.0845041502276148,
          "markup_range": 0.046842959491177366,
          "min_markup": 0.06,
          "n_close_orders": 7,
          "rentry_pprice_dist": 0.04712004745917636,
          "rentry_pprice_dist_wallet_exposure_weighting": 39.99768177217612,
          "wallet_exposure_limit": 0.15452311172306257},
 "short": {"auto_unstuck_ema_dist": 0.09302292378526504,
           "auto_unstuck_wallet_exposure_threshold": 0.8500728386423004,
           "ddown_factor": 0.7075187810470128,
           "ema_span_0": 4154.5835392195995,
           "ema_span_1": 9109.939960275602,
           "enabled": true,
           "initial_eprice_ema_dist": -0.0921261007773363,
           "initial_qty_pct": 0.05238241600277938,
           "markup_range": 0.04860404037007901,
           "min_markup": 0.054749676982888906,
           "n_close_orders": 13,
           "rentry_pprice_dist": 0.03296944654637402,
           "rentry_pprice_dist_wallet_exposure_weighting": 15.935935972241776,
           "wallet_exposure_limit": 0.2}}