{"config_name": "static_grid_ICPUSDT_213days",
 "logging_level": 0,
 "long": {"auto_unstuck_ema_dist": 0.03688741819526767,
          "auto_unstuck_wallet_exposure_threshold": 0.23508588810570152,
          "ema_span_0": 651.5332535678123,
          "ema_span_1": 1998.4806379549682,
          "enabled": true,
          "eprice_exp_base": 1.8310669952843535,
          "eprice_pprice_diff": 0.016164795034990943,
          "grid_span": 0.38421697188687004,
          "initial_eprice_ema_dist": -0.009473132423029431,
          "initial_qty_pct": 0.05433461034100096,
          "markup_range": 0.047604748060296444,
          "max_n_entry_orders": 10,
          "min_markup": 0.028124639961228538,
          "n_close_orders": 4,
          "secondary_allocation": 0.5962504976638201,
          "secondary_pprice_diff": 0.1459004496638944,
          "wallet_exposure_limit": 0.1},
 "short": {"auto_unstuck_ema_dist": 0.08042648040157062,
           "auto_unstuck_wallet_exposure_threshold": 0.26605933453764935,
           "ema_span_0": 1720.6305883585414,
           "ema_span_1": 9850.159160942074,
           "enabled": true,
           "eprice_exp_base": 1.3827195018308847,
           "eprice_pprice_diff": 0.03743449966732183,
           "grid_span": 0.24817165251862136,
           "initial_eprice_ema_dist": -0.0898578400432114,
           "initial_qty_pct": 0.05929352236201088,
           "markup_range": 0.013024903467658465,
           "max_n_entry_orders": 10,
           "min_markup": 0.033794583922670034,
           "n_close_orders": 12,
           "secondary_allocation": 0.06998201347463388,
           "secondary_pprice_diff": 0.2599608930591012,
           "wallet_exposure_limit": 0.14578688937612122}}