{"config_name": "recursive_grid_ICXUSDT_278days",
 "logging_level": 0,
 "long": {"auto_unstuck_ema_dist": 0.09134201496654815,
          "auto_unstuck_wallet_exposure_threshold": 0.061545490313493774,
          "ddown_factor": 2.6236234965486616,
          "ema_span_0": 902.3621363589009,
          "ema_span_1": 7259.545612353784,
          "enabled": true,
          "initial_eprice_ema_dist": -0.043481539492402826,
          "initial_qty_pct": 0.06951026340844972,
          "markup_range": 0.04124313733896077,
          "min_markup": 0.05041633695614043,
          "n_close_orders": 9,
          "rentry_pprice_dist": 0.005,
          "rentry_pprice_dist_wallet_exposure_weighting": 0,
          "wallet_exposure_limit": 0.1964290949455952},
 "short": {"auto_unstuck_ema_dist": 0.09852560679974004,
           "auto_unstuck_wallet_exposure_threshold": 0.11484496621498264,
           "ddown_factor": 2.4013640285874067,
           "ema_span_0": 3458.104317001692,
           "ema_span_1": 9375.081407433277,
           "enabled": true,
           "initial_eprice_ema_dist": -0.043475887392990624,
           "initial_qty_pct": 0.08725335097780867,
           "markup_range": 0.06,
           "min_markup": 0.059695680871049935,
           "n_close_orders": 10,
           "rentry_pprice_dist": 0.009594390846662824,
           "rentry_pprice_dist_wallet_exposure_weighting": 81.75797631428092,
           "wallet_exposure_limit": 0.19522795149322034}}