{"config_name": "static_grid_ICXUSDT_213days",
 "logging_level": 0,
 "long": {"auto_unstuck_ema_dist": 0.06089162416667881,
          "auto_unstuck_wallet_exposure_threshold": 0.1045461781218044,
          "ema_span_0": 1021.8876248441429,
          "ema_span_1": 1769.216954763091,
          "enabled": true,
          "eprice_exp_base": 1.1701930834263345,
          "eprice_pprice_diff": 0.03454680849983378,
          "grid_span": 0.17538304257892542,
          "initial_eprice_ema_dist": -0.05306160056861886,
          "initial_qty_pct": 0.0800106211617099,
          "markup_range": 0.04231557457430597,
          "max_n_entry_orders": 10,
          "min_markup": 0.04374154055155422,
          "n_close_orders": 13,
          "secondary_allocation": 0.6857585421154897,
          "secondary_pprice_diff": 0.3699567010539992,
          "wallet_exposure_limit": 0.1},
 "short": {"auto_unstuck_ema_dist": 0.09985954189295519,
           "auto_unstuck_wallet_exposure_threshold": 0.013775711776192794,
           "ema_span_0": 360,
           "ema_span_1": 9215.693717709466,
           "enabled": true,
           "eprice_exp_base": 1.1689381132292342,
           "eprice_pprice_diff": 0.013091634838921288,
           "grid_span": 0.3299979134176948,
           "initial_eprice_ema_dist": -0.05111201181516628,
           "initial_qty_pct": 0.08771614331123251,
           "markup_range": 0.049004816751247245,
           "max_n_entry_orders": 10,
           "min_markup": 0.031736017210882025,
           "n_close_orders": 12,
           "secondary_allocation": 0.2001039913669803,
           "secondary_pprice_diff": 0.07663123462739994,
           "wallet_exposure_limit": 0.1418454619551641}}