{"config_name": "recursive_grid_IOSTUSDT_198days",
 "logging_level": 0,
 "long": {"auto_unstuck_ema_dist": 0.03643834513631218,
          "auto_unstuck_wallet_exposure_threshold": 0.45508645639911494,
          "ddown_factor": 0.8752783356125059,
          "ema_span_0": 8115.005302399763,
          "ema_span_1": 2403.0956733667717,
          "enabled": true,
          "initial_eprice_ema_dist": 0.052818231320496414,
          "initial_qty_pct": 0.0146954725178609,
          "markup_range": 0.009092682322015383,
          "min_markup": 0.03982674027681841,
          "n_close_orders": 12,
          "rentry_pprice_dist": 0.043501929727476144,
          "rentry_pprice_dist_wallet_exposure_weighting": 56.588114426151925,
          "wallet_exposure_limit": 0.1},
 "short": {"auto_unstuck_ema_dist": 0.3503669047103462,
           "auto_unstuck_wallet_exposure_threshold": 0.18282523661432373,
           "ddown_factor": 0.8453345297044965,
           "ema_span_0": 713.9808968911329,
           "ema_span_1": 1074.0027781094689,
           "enabled": true,
           "initial_eprice_ema_dist": 0.1,
           "initial_qty_pct": 0.04665295373539454,
           "markup_range": 0.04624661411327904,
           "min_markup": 0.03192589489761114,
           "n_close_orders": 11,
           "rentry_pprice_dist": 0.01034802694137616,
           "rentry_pprice_dist_wallet_exposure_weighting": 6.816787190436352,
           "wallet_exposure_limit": 0.1}}