{"config_name": "recursive_grid_IOSTUSDT_278days",
 "logging_level": 0,
 "long": {"auto_unstuck_ema_dist": 0.05936650031832009,
          "auto_unstuck_wallet_exposure_threshold": 0.3794599354195884,
          "ddown_factor": 2.7875344776668616,
          "ema_span_0": 1580.1021747391144,
          "ema_span_1": 4098.408418791215,
          "enabled": true,
          "initial_eprice_ema_dist": -0.038169211640921914,
          "initial_qty_pct": 0.08680453438069277,
          "markup_range": 0.06,
          "min_markup": 0.038203678499183436,
          "n_close_orders": 4,
          "rentry_pprice_dist": 0.04096050152843956,
          "rentry_pprice_dist_wallet_exposure_weighting": 62.5360752078481,
          "wallet_exposure_limit": 0.10430183349571087},
 "short": {"auto_unstuck_ema_dist": 0.013014322959558079,
           "auto_unstuck_wallet_exposure_threshold": 0,
           "ddown_factor": 0.05,
           "ema_span_0": 411.620823561557,
           "ema_span_1": 9710.77336582446,
           "enabled": true,
           "initial_eprice_ema_dist": -0.09393963922280334,
           "initial_qty_pct": 0.08557428911061063,
           "markup_range": 0.0251877163105762,
           "min_markup": 0.030058518159765516,
           "n_close_orders": 11,
           "rentry_pprice_dist": 0.005495578286251536,
           "rentry_pprice_dist_wallet_exposure_weighting": 0,
           "wallet_exposure_limit": 0.19983587860741478}}