{"config_name": "recursive_grid_IOTAUSDT_198days",
 "logging_level": 0,
 "long": {"auto_unstuck_ema_dist": 0.23737951944358598,
          "auto_unstuck_wallet_exposure_threshold": 0.2385558900899875,
          "ddown_factor": 1.2508329258410475,
          "ema_span_0": 4032.586671497862,
          "ema_span_1": 9964.175815150458,
          "enabled": true,
          "initial_eprice_ema_dist": 0.047972841193390875,
          "initial_qty_pct": 0.01243708240873648,
          "markup_range": 0.05,
          "min_markup": 0.028776417732753794,
          "n_close_orders": 8,
          "rentry_pprice_dist": 0.03250034689137621,
          "rentry_pprice_dist_wallet_exposure_weighting": 34.27482888436421,
          "wallet_exposure_limit": 0.1},
 "short": {"auto_unstuck_ema_dist": 0.12402177520370553,
           "auto_unstuck_wallet_exposure_threshold": 0.17401201111625406,
           "ddown_factor": 0.2756453730064206,
           "ema_span_0": 9931.053870723721,
           "ema_span_1": 10080,
           "enabled": true,
           "initial_eprice_ema_dist": 0.07261211004418128,
           "initial_qty_pct": 0.01622093874089467,
           "markup_range": 0.03963098214120894,
           "min_markup": 0.037168293969804804,
           "n_close_orders": 9,
           "rentry_pprice_dist": 0.008113205489432326,
           "rentry_pprice_dist_wallet_exposure_weighting": 0.04696716749891139,
           "wallet_exposure_limit": 0.1}}