{"config_name": "static_grid_IOTAUSDT_213days",
 "logging_level": 0,
 "long": {"auto_unstuck_ema_dist": 0.07544788371475858,
          "auto_unstuck_wallet_exposure_threshold": 0.26357876385767254,
          "ema_span_0": 4004.0018526929157,
          "ema_span_1": 8776.882482897852,
          "enabled": true,
          "eprice_exp_base": 1.2491705588047193,
          "eprice_pprice_diff": 0.028221179667552575,
          "grid_span": 0.11465974912190796,
          "initial_eprice_ema_dist": -0.06339269505233382,
          "initial_qty_pct": 0.09078321664368183,
          "markup_range": 0.04265457026349033,
          "max_n_entry_orders": 10,
          "min_markup": 0.049459524895586165,
          "n_close_orders": 4,
          "secondary_allocation": 0.47145999166212715,
          "secondary_pprice_diff": 0.3507734427931113,
          "wallet_exposure_limit": 0.1},
 "short": {"auto_unstuck_ema_dist": 0.09581759576975991,
           "auto_unstuck_wallet_exposure_threshold": 0.008171314225687593,
           "ema_span_0": 1057.3629409661032,
           "ema_span_1": 9162.909943758157,
           "enabled": true,
           "eprice_exp_base": 1.5647767661071106,
           "eprice_pprice_diff": 0.019360000234239665,
           "grid_span": 0.22976828342935446,
           "initial_eprice_ema_dist": -0.0990766758496008,
           "initial_qty_pct": 0.058932069134443044,
           "markup_range": 0.042524868960898236,
           "max_n_entry_orders": 10,
           "min_markup": 0.03569162104376713,
           "n_close_orders": 13,
           "secondary_allocation": 0.6685833976959571,
           "secondary_pprice_diff": 0.22318768113725987,
           "wallet_exposure_limit": 0.13941278241652227}}