{"config_name": "recursive_grid_IOTAUSDT_278days",
 "logging_level": 0,
 "long": {"auto_unstuck_ema_dist": 0.022358155014738725,
          "auto_unstuck_wallet_exposure_threshold": 0.02486493200483285,
          "ddown_factor": 0.3044718390026799,
          "ema_span_0": 396.47917653478777,
          "ema_span_1": 3038.1541667230927,
          "enabled": true,
          "initial_eprice_ema_dist": -0.024965542174920616,
          "initial_qty_pct": 0.05104287650803763,
          "markup_range": 0.055336861018890605,
          "min_markup": 0.019384970926925944,
          "n_close_orders": 7,
          "rentry_pprice_dist": 0.03537995182503539,
          "rentry_pprice_dist_wallet_exposure_weighting": 56.03793443146747,
          "wallet_exposure_limit": 0.15159884599523452},
 "short": {"auto_unstuck_ema_dist": 0.09419127140605311,
           "auto_unstuck_wallet_exposure_threshold": 0.6546021066248099,
           "ddown_factor": 1.2099690906656975,
           "ema_span_0": 3974.955824993879,
           "ema_span_1": 9799.53962035733,
           "enabled": true,
           "initial_eprice_ema_dist": -0.017510908944948268,
           "initial_qty_pct": 0.06930220332584058,
           "markup_range": 0.009558424891298519,
           "min_markup": 0.040789280869100705,
           "n_close_orders": 14,
           "rentry_pprice_dist": 0.012305820698952063,
           "rentry_pprice_dist_wallet_exposure_weighting": 3.9978353348812123,
           "wallet_exposure_limit": 0.19412189508166497}}