{"config_name": "static_grid_KAVAUSDT_198days",
 "logging_level": 0,
 "long": {"auto_unstuck_ema_dist": 0.05854995124393942,
          "auto_unstuck_wallet_exposure_threshold": 0.24512178580559985,
          "ema_span_0": 3490.9348368177093,
          "ema_span_1": 4263.625923013264,
          "enabled": true,
          "eprice_exp_base": 1.2990014799778196,
          "eprice_pprice_diff": 0.022809641547537743,
          "grid_span": 0.33609783914809865,
          "initial_eprice_ema_dist": -0.00950118479531098,
          "initial_qty_pct": 0.012637813756172674,
          "markup_range": 0.015598243051064753,
          "max_n_entry_orders": 10,
          "min_markup": 0.03976754932493961,
          "n_close_orders": 11,
          "secondary_allocation": 0.4541873477040129,
          "secondary_pprice_diff": 0.3012125777394096,
          "wallet_exposure_limit": 0.1},
 "short": {"auto_unstuck_ema_dist": 0.054627407162025125,
           "auto_unstuck_wallet_exposure_threshold": 0.26870431762477437,
           "ema_span_0": 374.85221958540416,
           "ema_span_1": 9293.603086315243,
           "enabled": true,
           "eprice_exp_base": 1.90338594339461,
           "eprice_pprice_diff": 0.016905999719275675,
           "grid_span": 0.112060395410684,
           "initial_eprice_ema_dist": -0.036583923138582705,
           "initial_qty_pct": 0.031277840088433,
           "markup_range": 0.0473918412342948,
           "max_n_entry_orders": 10,
           "min_markup": 0.048907342802693286,
           "n_close_orders": 11,
           "secondary_allocation": 0.23985208933737098,
           "secondary_pprice_diff": 0.05,
           "wallet_exposure_limit": 0.10662337719875664}}