{"config_name": "recursive_grid_KAVAUSDT_278days",
 "logging_level": 0,
 "long": {"auto_unstuck_ema_dist": 0.04070353800942131,
          "auto_unstuck_wallet_exposure_threshold": 0.05499945340754886,
          "ddown_factor": 1.830758698180881,
          "ema_span_0": 422.32720238889004,
          "ema_span_1": 2795.825844075505,
          "enabled": true,
          "initial_eprice_ema_dist": -0.008257583636845058,
          "initial_qty_pct": 0.06501040046686944,
          "markup_range": 0.017978770224573788,
          "min_markup": 0.04982882026645979,
          "n_close_orders": 10,
          "rentry_pprice_dist": 0.01957770260521335,
          "rentry_pprice_dist_wallet_exposure_weighting": 57.7202772021969,
          "wallet_exposure_limit": 0.1690875697004531},
 "short": {"auto_unstuck_ema_dist": 0.0736811698800801,
           "auto_unstuck_wallet_exposure_threshold": 0.29084185051343414,
           "ddown_factor": 2.0621575711779436,
           "ema_span_0": 2504.5881140111796,
           "ema_span_1": 7864.384105991519,
           "enabled": true,
           "initial_eprice_ema_dist": -0.006664509753109255,
           "initial_qty_pct": 0.09163822466171137,
           "markup_range": 0.050283342680971,
           "min_markup": 0.05976364748405756,
           "n_close_orders": 10,
           "rentry_pprice_dist": 0.012270509079109487,
           "rentry_pprice_dist_wallet_exposure_weighting": 18.512122351438855,
           "wallet_exposure_limit": 0.19541955024089624}}