{"config_name": "recursive_grid_KAVAUSDT_198days",
 "logging_level": 0,
 "long": {"auto_unstuck_ema_dist": 0.022241613504226827,
          "auto_unstuck_wallet_exposure_threshold": 0.1959785540190413,
          "ddown_factor": 0.3596213045122927,
          "ema_span_0": 410.8193424653277,
          "ema_span_1": 362.0833673364985,
          "enabled": true,
          "initial_eprice_ema_dist": 0.07216760199222952,
          "initial_qty_pct": 0.049073001525916905,
          "markup_range": 0.009158123732050646,
          "min_markup": 0.05,
          "n_close_orders": 8,
          "rentry_pprice_dist": 0.02172514657870623,
          "rentry_pprice_dist_wallet_exposure_weighting": 2.6950682952510867,
          "wallet_exposure_limit": 0.1},
 "short": {"auto_unstuck_ema_dist": 0.1950805476009174,
           "auto_unstuck_wallet_exposure_threshold": 0.06278789563107254,
           "ddown_factor": 0.7778326420791655,
           "ema_span_0": 4691.024554053977,
           "ema_span_1": 9818.181419808423,
           "enabled": true,
           "initial_eprice_ema_dist": 0.08661716313955305,
           "initial_qty_pct": 0.043281039781036416,
           "markup_range": 0.04149380417636727,
           "min_markup": 0.05,
           "n_close_orders": 8,
           "rentry_pprice_dist": 0.04461511606281824,
           "rentry_pprice_dist_wallet_exposure_weighting": 22.544470653270114,
           "wallet_exposure_limit": 0.1}}