{"config_name": "recursive_grid_KLAYUSDT_175days",
 "logging_level": 0,
 "long": {"auto_unstuck_ema_dist": 0.0201713165284287,
          "auto_unstuck_wallet_exposure_threshold": 0.27285102313145193,
          "ddown_factor": 2.378281900214037,
          "ema_span_0": 4050.312289175067,
          "ema_span_1": 7546.345761209474,
          "enabled": true,
          "initial_eprice_ema_dist": -0.006569751307687148,
          "initial_qty_pct": 0.08580786294667289,
          "markup_range": 0.045365332213231004,
          "min_markup": 0.03698629041447662,
          "n_close_orders": 8,
          "rentry_pprice_dist": 0.039400337803128495,
          "rentry_pprice_dist_wallet_exposure_weighting": 40.61055134977519,
          "wallet_exposure_limit": 0.2},
 "short": {"auto_unstuck_ema_dist": 0.022412925474063143,
           "auto_unstuck_wallet_exposure_threshold": 0.6561635920135749,
           "ddown_factor": 0.29128454723213404,
           "ema_span_0": 3445.6687982258827,
           "ema_span_1": 9866.689286833289,
           "enabled": true,
           "initial_eprice_ema_dist": 0,
           "initial_qty_pct": 0.09708076906118407,
           "markup_range": 0.01520391482902312,
           "min_markup": 0.023926319970748632,
           "n_close_orders": 12,
           "rentry_pprice_dist": 0.01827042517830959,
           "rentry_pprice_dist_wallet_exposure_weighting": 49.95831314801389,
           "wallet_exposure_limit": 0.2}}