{"config_name": "static_grid_KLAYUSDT_146days",
 "logging_level": 0,
 "long": {"auto_unstuck_ema_dist": 0.02009221419896283,
          "auto_unstuck_wallet_exposure_threshold": 0.250122184351913,
          "ema_span_0": 3560.5210758067597,
          "ema_span_1": 7310.534210302826,
          "enabled": true,
          "eprice_exp_base": 1.8096513626772208,
          "eprice_pprice_diff": 0.03035762492976811,
          "grid_span": 0.6080430371671616,
          "initial_eprice_ema_dist": -0.008618084123312173,
          "initial_qty_pct": 0.051747805541258525,
          "markup_range": 0.0432317773103266,
          "max_n_entry_orders": 10,
          "min_markup": 0.03773727368037323,
          "n_close_orders": 6,
          "secondary_allocation": 0.0395915570831442,
          "secondary_pprice_diff": 0.07458075146166344,
          "wallet_exposure_limit": 0.1},
 "short": {"auto_unstuck_ema_dist": 0.018152524899545067,
           "auto_unstuck_wallet_exposure_threshold": 0.8608816013283268,
           "ema_span_0": 3853.356710010218,
           "ema_span_1": 10080,
           "enabled": true,
           "eprice_exp_base": 1.3798553395629012,
           "eprice_pprice_diff": 0.02682407646866005,
           "grid_span": 0.3747905286700012,
           "initial_eprice_ema_dist": -0.011732109965105594,
           "initial_qty_pct": 0.06341245101675201,
           "markup_range": 0.009318397363535692,
           "max_n_entry_orders": 10,
           "min_markup": 0.01964420694906565,
           "n_close_orders": 13,
           "secondary_allocation": 0.29697118293414443,
           "secondary_pprice_diff": 0.48090458629965205,
           "wallet_exposure_limit": 0.14927984544820913}}