{"config_name": "static_grid_KNCUSDT_213days",
 "logging_level": 0,
 "long": {"auto_unstuck_ema_dist": 0.05634287074347491,
          "auto_unstuck_wallet_exposure_threshold": 0.2246852187903462,
          "ema_span_0": 1388.8951841026617,
          "ema_span_1": 1645.2323367529375,
          "enabled": true,
          "eprice_exp_base": 1.4755322922767793,
          "eprice_pprice_diff": 0.022407036018386936,
          "grid_span": 0.40948020162617704,
          "initial_eprice_ema_dist": -0.04131126297370829,
          "initial_qty_pct": 0.07436632775019918,
          "markup_range": 0.046505555146485376,
          "max_n_entry_orders": 10,
          "min_markup": 0.03869412311769499,
          "n_close_orders": 4,
          "secondary_allocation": 0.27195751422283126,
          "secondary_pprice_diff": 0.3990903655770949,
          "wallet_exposure_limit": 0.1},
 "short": {"auto_unstuck_ema_dist": 0.07247302788791327,
           "auto_unstuck_wallet_exposure_threshold": 0.11955208015510957,
           "ema_span_0": 3833.0621447957346,
           "ema_span_1": 8889.041081903737,
           "enabled": true,
           "eprice_exp_base": 1.0015735274894955,
           "eprice_pprice_diff": 0.033012081111896165,
           "grid_span": 0.1656124877156889,
           "initial_eprice_ema_dist": -0.00848951038219932,
           "initial_qty_pct": 0.08477978914913864,
           "markup_range": 0.01351472835171836,
           "max_n_entry_orders": 10,
           "min_markup": 0.05,
           "n_close_orders": 7,
           "secondary_allocation": 0.08718667784296341,
           "secondary_pprice_diff": 0.11647615495983167,
           "wallet_exposure_limit": 0.14917387828864545}}