{"config_name": "recursive_grid_KNCUSDT_243days",
 "logging_level": 0,
 "long": {"auto_unstuck_ema_dist": 0.035381356342389904,
          "auto_unstuck_wallet_exposure_threshold": 0.015121537590635711,
          "ddown_factor": 1.0927215737497353,
          "ema_span_0": 954.8409230467647,
          "ema_span_1": 1591.531329852358,
          "enabled": true,
          "initial_eprice_ema_dist": -0.03074779403710952,
          "initial_qty_pct": 0.06678948332813171,
          "markup_range": 0.021234952777918058,
          "min_markup": 0.05830566001033822,
          "n_close_orders": 9,
          "rentry_pprice_dist": 0.04621103038845077,
          "rentry_pprice_dist_wallet_exposure_weighting": 3.3191131505385956,
          "wallet_exposure_limit": 0.18583535751285585},
 "short": {"auto_unstuck_ema_dist": 0.07265897767942649,
           "auto_unstuck_wallet_exposure_threshold": 0.16647008151515086,
           "ddown_factor": 0.3919235399656298,
           "ema_span_0": 4053.5746103223387,
           "ema_span_1": 8470.519741501159,
           "enabled": true,
           "initial_eprice_ema_dist": -0.006565218702245484,
           "initial_qty_pct": 0.09450056900970198,
           "markup_range": 0.03550873978386112,
           "min_markup": 0.03343563117389929,
           "n_close_orders": 4,
           "rentry_pprice_dist": 0.048582048731659805,
           "rentry_pprice_dist_wallet_exposure_weighting": 8.849012691963003,
           "wallet_exposure_limit": 0.19932905012726676}}