{"config_name": "static_grid_LINAUSDT_213days",
 "logging_level": 0,
 "long": {"auto_unstuck_ema_dist": 0.036479308705233505,
          "auto_unstuck_wallet_exposure_threshold": 0.29654690361491687,
          "ema_span_0": 665.7683275675225,
          "ema_span_1": 2837.695811219059,
          "enabled": true,
          "eprice_exp_base": 1.3512014510781483,
          "eprice_pprice_diff": 0.010517219372606827,
          "grid_span": 0.15378363236671094,
          "initial_eprice_ema_dist": -0.016519493957586152,
          "initial_qty_pct": 0.06279256054178058,
          "markup_range": 0.010657396587921829,
          "max_n_entry_orders": 10,
          "min_markup": 0.034636214510226866,
          "n_close_orders": 7,
          "secondary_allocation": 0.6692826413401815,
          "secondary_pprice_diff": 0.21238448137825128,
          "wallet_exposure_limit": 0.1},
 "short": {"auto_unstuck_ema_dist": 0.04907559851945025,
           "auto_unstuck_wallet_exposure_threshold": 0.03544262604689069,
           "ema_span_0": 878.552191015601,
           "ema_span_1": 1440,
           "enabled": true,
           "eprice_exp_base": 1.3343096918496844,
           "eprice_pprice_diff": 0.012370736770769147,
           "grid_span": 0.1329836632846264,
           "initial_eprice_ema_dist": -0.09419120964779562,
           "initial_qty_pct": 0.05138641668355212,
           "markup_range": 0.030392118089128096,
           "max_n_entry_orders": 10,
           "min_markup": 0.05,
           "n_close_orders": 7,
           "secondary_allocation": 0.16188408123043663,
           "secondary_pprice_diff": 0.20838450533427882,
           "wallet_exposure_limit": 0.1447287836525291}}