{"config_name": "recursive_grid_LINAUSDT_198days",
 "logging_level": 0,
 "long": {"auto_unstuck_ema_dist": 0.41053489800862397,
          "auto_unstuck_wallet_exposure_threshold": 0.13067988607400377,
          "ddown_factor": 2.6706582043788076,
          "ema_span_0": 465.7489773882686,
          "ema_span_1": 360,
          "enabled": true,
          "initial_eprice_ema_dist": 0.09991603876043562,
          "initial_qty_pct": 0.07122384236161228,
          "markup_range": 0.014782319492390847,
          "min_markup": 0.04377986178893254,
          "n_close_orders": 4,
          "rentry_pprice_dist": 0.021288114873868176,
          "rentry_pprice_dist_wallet_exposure_weighting": 60.07989813946447,
          "wallet_exposure_limit": 0.1},
 "short": {"auto_unstuck_ema_dist": 0.2101052777708596,
           "auto_unstuck_wallet_exposure_threshold": 0.10490622343136191,
           "ddown_factor": 2.857121773370889,
           "ema_span_0": 1492.0326546920753,
           "ema_span_1": 3169.4236764003126,
           "enabled": true,
           "initial_eprice_ema_dist": 0.08374737427755148,
           "initial_qty_pct": 0.02917938905359174,
           "markup_range": 0.049862455436039524,
           "min_markup": 0.005778384056698251,
           "n_close_orders": 6,
           "rentry_pprice_dist": 0.022333352289616082,
           "rentry_pprice_dist_wallet_exposure_weighting": 8.128754023703717,
           "wallet_exposure_limit": 0.1}}