{"config_name": "recursive_grid_LINAUSDT_278days",
 "logging_level": 0,
 "long": {"auto_unstuck_ema_dist": 0.038660812927522534,
          "auto_unstuck_wallet_exposure_threshold": 0.31451095179034455,
          "ddown_factor": 1.9430853035424962,
          "ema_span_0": 2764.3936859937608,
          "ema_span_1": 2808.52666535935,
          "enabled": true,
          "initial_eprice_ema_dist": -0.019532794916367294,
          "initial_qty_pct": 0.07133580794970625,
          "markup_range": 0.0519641161114718,
          "min_markup": 0.06,
          "n_close_orders": 13,
          "rentry_pprice_dist": 0.01957733855526452,
          "rentry_pprice_dist_wallet_exposure_weighting": 51.728032914245276,
          "wallet_exposure_limit": 0.19319621848571128},
 "short": {"auto_unstuck_ema_dist": 0.0835845095826109,
           "auto_unstuck_wallet_exposure_threshold": 0.14715367857039935,
           "ddown_factor": 2.0476707752293692,
           "ema_span_0": 2209.310542459005,
           "ema_span_1": 9361.704880816003,
           "enabled": true,
           "initial_eprice_ema_dist": -0.06163058893862264,
           "initial_qty_pct": 0.09296218727154486,
           "markup_range": 0.05413129401395343,
           "min_markup": 0.013478811946932739,
           "n_close_orders": 9,
           "rentry_pprice_dist": 0.01907503926830778,
           "rentry_pprice_dist_wallet_exposure_weighting": 16.95576667838089,
           "wallet_exposure_limit": 0.2}}