{"config_name": "recursive_grid_LINKUSDT_243days",
 "logging_level": 0,
 "long": {"auto_unstuck_ema_dist": 0.05886511077302889,
          "auto_unstuck_wallet_exposure_threshold": 0.9477881490829504,
          "ddown_factor": 1.79235639748126,
          "ema_span_0": 1118.3987125642739,
          "ema_span_1": 3529.2094614869493,
          "enabled": true,
          "initial_eprice_ema_dist": -0.03841813703176955,
          "initial_qty_pct": 0.07937687805763066,
          "markup_range": 0.012449214706123361,
          "min_markup": 0.05729752203007645,
          "n_close_orders": 6,
          "rentry_pprice_dist": 0.020561722167447595,
          "rentry_pprice_dist_wallet_exposure_weighting": 20.779764692000956,
          "wallet_exposure_limit": 0.17830944156955647},
 "short": {"auto_unstuck_ema_dist": 0.07089728965415848,
           "auto_unstuck_wallet_exposure_threshold": 0.31450098183116487,
           "ddown_factor": 1.3915339693930924,
           "ema_span_0": 1925.4321833709014,
           "ema_span_1": 9376.308167101652,
           "enabled": true,
           "initial_eprice_ema_dist": -0.05313062016253442,
           "initial_qty_pct": 0.08256234355401536,
           "markup_range": 0.044633973036056894,
           "min_markup": 0.011500879006701537,
           "n_close_orders": 6,
           "rentry_pprice_dist": 0.04274559189321254,
           "rentry_pprice_dist_wallet_exposure_weighting": 6.13754912088142,
           "wallet_exposure_limit": 0.19776641768037845}}