{"config_name": "long&short_binance_linkusdt_175days_adg0.072%_bkr100.00%_eqbal96.55%",
 "logging_level": 0,
 "long": {"auto_unstuck_ema_dist": 0.053505438822064974,
          "auto_unstuck_wallet_exposure_threshold": 0.0981957999068547,
          "ema_span_max": 10080,
          "ema_span_min": 9330.0589568247,
          "enabled": true,
          "eprice_exp_base": 1.5180198474994542,
          "eprice_pprice_diff": 0.00343689166688874,
          "grid_span": 0.12521380181760633,
          "initial_eprice_ema_dist": 0.036177385764236646,
          "initial_qty_pct": 0.021559865739997408,
          "markup_range": 0.011363496594912679,
          "max_n_entry_orders": 7,
          "min_markup": 0.010178666447978985,
          "n_close_orders": 7,
          "secondary_allocation": 0,
          "secondary_pprice_diff": 0.05,
          "wallet_exposure_limit": 0.05},
 "short": {"auto_unstuck_ema_dist": 0.04145164890013971,
           "auto_unstuck_wallet_exposure_threshold": 0.14069430692587814,
           "ema_span_max": 723.0152047548029,
           "ema_span_min": 3388.0150780795843,
           "enabled": true,
           "eprice_exp_base": 1.6368297509144827,
           "eprice_pprice_diff": 0.005252494433816829,
           "grid_span": 0.5398748179507401,
           "initial_eprice_ema_dist": 0.04763965325295444,
           "initial_qty_pct": 0.01082817669755418,
           "markup_range": 0.028312297087498065,
           "max_n_entry_orders": 14,
           "min_markup": 0.04,
           "n_close_orders": 5,
           "secondary_allocation": 0,
           "secondary_pprice_diff": 0.05,
           "wallet_exposure_limit": 0.05}}