{"config_name": "longonly_binance_linkusdt_198days_adg0.044%_bkr100.00%_eqbal88.52%",
 "logging_level": 0,
 "long": {"enabled": true,
          "eprice_exp_base": 1.618034,
          "eprice_pprice_diff": 0.019587155330164623,
          "grid_span": 0.11737168876113724,
          "initial_qty_pct": 0.07337733990005818,
          "markup_range": 0.006455289628812669,
          "max_n_entry_orders": 10,
          "min_markup": 0.004993942224555603,
          "n_close_orders": 7,
          "pbr_limit": 0.19463267903035789,
          "secondary_pbr_allocation": 0.33324027552399993,
          "secondary_pprice_diff": 0.3410637579937132},
 "shrt": {"enabled": false,
          "eprice_exp_base": 1.618034,
          "eprice_pprice_diff": 0.001,
          "grid_span": 0.03,
          "initial_qty_pct": 0.001,
          "markup_range": 0.004,
          "max_n_entry_orders": 10,
          "min_markup": 0.0005,
          "n_close_orders": 7,
          "pbr_limit": 0.5,
          "secondary_pbr_allocation": 0,
          "secondary_pprice_diff": 0.21}}