{
  "config_name": "recursive_grid_LINKUSDT_198days",
  "logging_level": 0,
  "long": {
    "auto_unstuck_ema_dist": 0.09821378340665973,
    "auto_unstuck_wallet_exposure_threshold": 0.371748342860374,
    "ddown_factor": 1.415845388697206,
    "ema_span_0": 2790.0453613638138,
    "ema_span_1": 690.1787760665281,
    "enabled": true,
    "initial_eprice_ema_dist": 0.08911899219333327,
    "initial_qty_pct": 0.046762532512965645,
    "markup_range": 0.02872951850704238,
    "min_markup": 0.035699959892134814,
    "n_close_orders": 10,
    "rentry_pprice_dist": 0.008208710821244396,
    "rentry_pprice_dist_wallet_exposure_weighting": 22.055838076717052,
    "wallet_exposure_limit": 0.1
  },
  "short": {
    "auto_unstuck_ema_dist": 0.4454355124693585,
    "auto_unstuck_wallet_exposure_threshold": 0.22549230349646512,
    "ddown_factor": 0.6248979050409305,
    "ema_span_0": 654.993091616811,
    "ema_span_1": 789.3681120503438,
    "enabled": true,
    "initial_eprice_ema_dist": 0.05256379637408309,
    "initial_qty_pct": 0.03908836004987026,
    "markup_range": 0.01828380763618853,
    "min_markup": 0.04873066013090086,
    "n_close_orders": 11,
    "rentry_pprice_dist": 0.02584740769317044,
    "rentry_pprice_dist_wallet_exposure_weighting": 56.18852224422357,
    "wallet_exposure_limit": 0.1
  }
}