{"config_name": "static_grid_LINKUSDT_213days",
 "logging_level": 0,
 "long": {"auto_unstuck_ema_dist": 0.0596467946209886,
          "auto_unstuck_wallet_exposure_threshold": 0.26499026346577953,
          "ema_span_0": 2247.168946174425,
          "ema_span_1": 2099.3284984070956,
          "enabled": true,
          "eprice_exp_base": 2.05655916110171,
          "eprice_pprice_diff": 0.012906754696467184,
          "grid_span": 0.37409823156213967,
          "initial_eprice_ema_dist": -0.03988303892228858,
          "initial_qty_pct": 0.06005096603983897,
          "markup_range": 0.023362700963336976,
          "max_n_entry_orders": 10,
          "min_markup": 0.04933621700583674,
          "n_close_orders": 5,
          "secondary_allocation": 0.30994252370900494,
          "secondary_pprice_diff": 0.3867010710238684,
          "wallet_exposure_limit": 0.1},
 "short": {"auto_unstuck_ema_dist": 0.07013996778083088,
           "auto_unstuck_wallet_exposure_threshold": 0.9940285187310878,
           "ema_span_0": 1838.530867804347,
           "ema_span_1": 3920.886695762311,
           "enabled": true,
           "eprice_exp_base": 1.8649677541149765,
           "eprice_pprice_diff": 0.015542884587437217,
           "grid_span": 0.38660838990544255,
           "initial_eprice_ema_dist": -0.006362894306942731,
           "initial_qty_pct": 0.08120996510915808,
           "markup_range": 0.03826509616889253,
           "max_n_entry_orders": 10,
           "min_markup": 0.03050268939340532,
           "n_close_orders": 11,
           "secondary_allocation": 0.5492749645755327,
           "secondary_pprice_diff": 0.35808042347444186,
           "wallet_exposure_limit": 0.15}}