{"config_name": "recursive_grid_LINKUSDT_198days",
 "logging_level": 0,
 "long": {"auto_unstuck_ema_dist": 0.4336967336176333,
          "auto_unstuck_wallet_exposure_threshold": 0.18130279423383225,
          "ddown_factor": 2.271199188996481,
          "ema_span_0": 833.1514501974742,
          "ema_span_1": 427.7036389748902,
          "enabled": true,
          "initial_eprice_ema_dist": 0.07891007731723562,
          "initial_qty_pct": 0.01695900896428397,
          "markup_range": 0.03434716069763519,
          "min_markup": 0.03415776220601145,
          "n_close_orders": 9,
          "rentry_pprice_dist": 0.03033153265152394,
          "rentry_pprice_dist_wallet_exposure_weighting": 34.29790067121559,
          "wallet_exposure_limit": 0.1},
 "short": {"auto_unstuck_ema_dist": 0.11651029005349296,
           "auto_unstuck_wallet_exposure_threshold": 0.10461962837729136,
           "ddown_factor": 0.7325756462239972,
           "ema_span_0": 1236.2948609458003,
           "ema_span_1": 1327.4455657145613,
           "enabled": true,
           "initial_eprice_ema_dist": 0.06335497412606622,
           "initial_qty_pct": 0.05715668287391578,
           "markup_range": 0.02274108395889635,
           "min_markup": 0.05,
           "n_close_orders": 7,
           "rentry_pprice_dist": 0.04218008951729158,
           "rentry_pprice_dist_wallet_exposure_weighting": 44.62331460581431,
           "wallet_exposure_limit": 0.1}}