{"config_name": "static_grid_LITUSDT_213days",
 "logging_level": 0,
 "long": {"auto_unstuck_ema_dist": 0.041129050442315,
          "auto_unstuck_wallet_exposure_threshold": 0.22548968616529552,
          "ema_span_0": 1178.2524307224212,
          "ema_span_1": 2201.3339439669458,
          "enabled": true,
          "eprice_exp_base": 1.5622573119103675,
          "eprice_pprice_diff": 0.030765983585842923,
          "grid_span": 0.3295986552158224,
          "initial_eprice_ema_dist": -0.007052411216110605,
          "initial_qty_pct": 0.08191888417661593,
          "markup_range": 0.010020221064683317,
          "max_n_entry_orders": 10,
          "min_markup": 0.026099595520171263,
          "n_close_orders": 4,
          "secondary_allocation": 0.36976495704298956,
          "secondary_pprice_diff": 0.0741046148167074,
          "wallet_exposure_limit": 0.1},
 "short": {"auto_unstuck_ema_dist": 0.1,
           "auto_unstuck_wallet_exposure_threshold": 0.3550221439737491,
           "ema_span_0": 1336.2672431005872,
           "ema_span_1": 8168.910715097594,
           "enabled": true,
           "eprice_exp_base": 1.7164964886309346,
           "eprice_pprice_diff": 0.006160330569500464,
           "grid_span": 0.2900343193957447,
           "initial_eprice_ema_dist": -0.03962924965298621,
           "initial_qty_pct": 0.08946282841372942,
           "markup_range": 0.05,
           "max_n_entry_orders": 10,
           "min_markup": 0.05,
           "n_close_orders": 12,
           "secondary_allocation": 0.07336084188986822,
           "secondary_pprice_diff": 0.37775256380225486,
           "wallet_exposure_limit": 0.12106737992603309}}