{"config_name": "recursive_grid_LITUSDT_278days",
 "logging_level": 0,
 "long": {"auto_unstuck_ema_dist": 0.03519007036301134,
          "auto_unstuck_wallet_exposure_threshold": 0.4911373563107083,
          "ddown_factor": 2.882586262913815,
          "ema_span_0": 3291.811063100154,
          "ema_span_1": 2586.1899841192476,
          "enabled": true,
          "initial_eprice_ema_dist": -0.023185380892621933,
          "initial_qty_pct": 0.07277164778438111,
          "markup_range": 0.057552061961142584,
          "min_markup": 0.023049282667048792,
          "n_close_orders": 8,
          "rentry_pprice_dist": 0.0493261741883995,
          "rentry_pprice_dist_wallet_exposure_weighting": 39.83127023762716,
          "wallet_exposure_limit": 0.160992741133086},
 "short": {"auto_unstuck_ema_dist": 0.08419802477773551,
           "auto_unstuck_wallet_exposure_threshold": 0.135297742253067,
           "ddown_factor": 0.7770928076673538,
           "ema_span_0": 568.0624857955397,
           "ema_span_1": 6127.0069124240545,
           "enabled": true,
           "initial_eprice_ema_dist": -0.008884573547643992,
           "initial_qty_pct": 0.0832982023197612,
           "markup_range": 0.05749761018345147,
           "min_markup": 0.05756180415871486,
           "n_close_orders": 9,
           "rentry_pprice_dist": 0.021545848360112037,
           "rentry_pprice_dist_wallet_exposure_weighting": 17.93032121707347,
           "wallet_exposure_limit": 0.2}}