{"config_name": "long&short_binance_ltcusdt_175days_adg0.053%_bkr100.00%_eqbal91.41%",
 "logging_level": 0,
 "long": {"auto_unstuck_ema_dist": 0.06418520297748072,
          "auto_unstuck_wallet_exposure_threshold": 0.23300903227908218,
          "ema_span_max": 4327.508046331041,
          "ema_span_min": 507.4327829354565,
          "enabled": true,
          "eprice_exp_base": 1.9417657863506395,
          "eprice_pprice_diff": 0.011850989699244344,
          "grid_span": 0.2241054902169802,
          "initial_eprice_ema_dist": 0.014101062168558436,
          "initial_qty_pct": 0.017475876519108133,
          "markup_range": 0.019606942077661216,
          "max_n_entry_orders": 7,
          "min_markup": 0.024053980792294396,
          "n_close_orders": 10,
          "secondary_allocation": 0,
          "secondary_pprice_diff": 0.05,
          "wallet_exposure_limit": 0.05},
 "short": {"auto_unstuck_ema_dist": 0.018358979019610023,
           "auto_unstuck_wallet_exposure_threshold": 0.12862075759006222,
           "ema_span_max": 8369.855480230222,
           "ema_span_min": 9966.632732132433,
           "enabled": true,
           "eprice_exp_base": 1.794922763879318,
           "eprice_pprice_diff": 0.01392380602594121,
           "grid_span": 0.5379291551108684,
           "initial_eprice_ema_dist": -0.07790613172236083,
           "initial_qty_pct": 0.024092205790266552,
           "markup_range": 0.00994456087785334,
           "max_n_entry_orders": 14,
           "min_markup": 0.028462795412055635,
           "n_close_orders": 12,
           "secondary_allocation": 0.0,
           "secondary_pprice_diff": 0.05,
           "wallet_exposure_limit": 0.05}}