{"config_name": "recursive_grid_LTCUSDT_198days",
 "logging_level": 0,
 "long": {"auto_unstuck_ema_dist": 0.08977496596201624,
          "auto_unstuck_wallet_exposure_threshold": 0.6677638095027694,
          "ddown_factor": 2.100837987696586,
          "ema_span_0": 10080,
          "ema_span_1": 1563.204761117854,
          "enabled": true,
          "initial_eprice_ema_dist": 0.09738100118851369,
          "initial_qty_pct": 0.01027206790650867,
          "markup_range": 0.04946298181411519,
          "min_markup": 0.05,
          "n_close_orders": 6,
          "rentry_pprice_dist": 0.010290303268196455,
          "rentry_pprice_dist_wallet_exposure_weighting": 25.66744063595275,
          "wallet_exposure_limit": 0.1},
 "short": {"auto_unstuck_ema_dist": 0.2401245940219522,
           "auto_unstuck_wallet_exposure_threshold": 0.555266688810828,
           "ddown_factor": 1.4273581307955538,
           "ema_span_0": 9291.096922468847,
           "ema_span_1": 422.91386872174485,
           "enabled": true,
           "initial_eprice_ema_dist": -0.06974286621434803,
           "initial_qty_pct": 0.03339702985887081,
           "markup_range": 0.009245396559572697,
           "min_markup": 0.014009791127710227,
           "n_close_orders": 9,
           "rentry_pprice_dist": 0.01425219264640693,
           "rentry_pprice_dist_wallet_exposure_weighting": 4.0714930912758565,
           "wallet_exposure_limit": 0.1}}