{"config_name": "recursive_grid_LTCUSDT_243days",
 "logging_level": 0,
 "long": {"auto_unstuck_ema_dist": 0.01598034836705665,
          "auto_unstuck_wallet_exposure_threshold": 0.5014907455225345,
          "ddown_factor": 2.111173028475134,
          "ema_span_0": 725.5391792897652,
          "ema_span_1": 4232.566135465821,
          "enabled": true,
          "initial_eprice_ema_dist": -0.015028220939324089,
          "initial_qty_pct": 0.09080705743286106,
          "markup_range": 0.014032580773114606,
          "min_markup": 0.0388685491399324,
          "n_close_orders": 7,
          "rentry_pprice_dist": 0.02609793368923044,
          "rentry_pprice_dist_wallet_exposure_weighting": 77.95884166077312,
          "wallet_exposure_limit": 0.16465217119892692},
 "short": {"auto_unstuck_ema_dist": 0.1,
           "auto_unstuck_wallet_exposure_threshold": 0.04096851331609891,
           "ddown_factor": 1.7032696281382282,
           "ema_span_0": 1346.151655863033,
           "ema_span_1": 9901.794235087784,
           "enabled": true,
           "initial_eprice_ema_dist": -0.07933159269425996,
           "initial_qty_pct": 0.08551851702355029,
           "markup_range": 0.04320646379778903,
           "min_markup": 0.01941171391029776,
           "n_close_orders": 9,
           "rentry_pprice_dist": 0.015677926949558045,
           "rentry_pprice_dist_wallet_exposure_weighting": 6.4926423666064,
           "wallet_exposure_limit": 0.2}}