{"config_name": "static_grid_LTCUSDT_198days",
 "logging_level": 0,
 "long": {"auto_unstuck_ema_dist": 0.04802069014192646,
          "auto_unstuck_wallet_exposure_threshold": 0.06664393222798587,
          "ema_span_0": 360,
          "ema_span_1": 4098.669667734427,
          "enabled": true,
          "eprice_exp_base": 1.04836858520887,
          "eprice_pprice_diff": 0.007937199227713056,
          "grid_span": 0.13472552329596324,
          "initial_eprice_ema_dist": -0.024054156527423935,
          "initial_qty_pct": 0.04376828822271518,
          "markup_range": 0.026947769972855383,
          "max_n_entry_orders": 10,
          "min_markup": 0.023020011754373754,
          "n_close_orders": 9,
          "secondary_allocation": 0.5047770808692342,
          "secondary_pprice_diff": 0.24905308982608643,
          "wallet_exposure_limit": 0.1},
 "short": {"auto_unstuck_ema_dist": 0.1,
           "auto_unstuck_wallet_exposure_threshold": 0.10994583533404989,
           "ema_span_0": 360,
           "ema_span_1": 10080,
           "enabled": true,
           "eprice_exp_base": 1.333814144980578,
           "eprice_pprice_diff": 0.032358433846621154,
           "grid_span": 0.27346886174703333,
           "initial_eprice_ema_dist": -0.0737474819958448,
           "initial_qty_pct": 0.046922587260043565,
           "markup_range": 0.029750617754508688,
           "max_n_entry_orders": 10,
           "min_markup": 0.05,
           "n_close_orders": 8,
           "secondary_allocation": 0.2774272693218033,
           "secondary_pprice_diff": 0.20041632265805154,
           "wallet_exposure_limit": 0.14069353339623922}}