{"config_name": "longonly_binance_manausdt_198days_adg0.101%_bkr100.00%_eqbal91.76%",
 "logging_level": 0,
 "long": {"enabled": true,
          "eprice_exp_base": 1.618034,
          "eprice_pprice_diff": 0.014833062004896796,
          "grid_span": 0.09535833671321067,
          "initial_qty_pct": 0.04391191390398983,
          "markup_range": 0.009852377927755543,
          "max_n_entry_orders": 10,
          "min_markup": 0.004696126672153269,
          "n_close_orders": 7,
          "pbr_limit": 0.16331152582187788,
          "secondary_pbr_allocation": 0.2622342993573155,
          "secondary_pprice_diff": 0.3402665284650124},
 "shrt": {"enabled": false,
          "eprice_exp_base": 1.618034,
          "eprice_pprice_diff": 0.001,
          "grid_span": 0.03,
          "initial_qty_pct": 0.001,
          "markup_range": 0.004,
          "max_n_entry_orders": 10,
          "min_markup": 0.0005,
          "n_close_orders": 7,
          "pbr_limit": 0.5,
          "secondary_pbr_allocation": 0,
          "secondary_pprice_diff": 0.21}}