{"config_name": "recursive_grid_MATICUSDT_198days",
 "logging_level": 0,
 "long": {"auto_unstuck_ema_dist": 0.015509794746019767,
          "auto_unstuck_wallet_exposure_threshold": 0.23747529125216754,
          "ddown_factor": 1.5145534334277921,
          "ema_span_0": 447.0649458218749,
          "ema_span_1": 360,
          "enabled": true,
          "initial_eprice_ema_dist": 0.037339037175332435,
          "initial_qty_pct": 0.07183503851356712,
          "markup_range": 0.01780050602201372,
          "min_markup": 0.04710663436806185,
          "n_close_orders": 6,
          "rentry_pprice_dist": 0.02777144698889448,
          "rentry_pprice_dist_wallet_exposure_weighting": 50.47927066632424,
          "wallet_exposure_limit": 0.1},
 "short": {"auto_unstuck_ema_dist": 0.03289561881851939,
           "auto_unstuck_wallet_exposure_threshold": 0.11919557606065662,
           "ddown_factor": 2.264526276171066,
           "ema_span_0": 3162.21283615828,
           "ema_span_1": 3000.6653606761274,
           "enabled": true,
           "initial_eprice_ema_dist": 0.08946364502840105,
           "initial_qty_pct": 0.09182039837708603,
           "markup_range": 0.04932981376235602,
           "min_markup": 0.016974234780689598,
           "n_close_orders": 5,
           "rentry_pprice_dist": 0.023630974852416914,
           "rentry_pprice_dist_wallet_exposure_weighting": 56.80327881452621,
           "wallet_exposure_limit": 0.1}}