{"config_name": "recursive_grid_MATICUSDT_198days",
 "logging_level": 0,
 "long": {"auto_unstuck_ema_dist": 0.10941816450297545,
          "auto_unstuck_wallet_exposure_threshold": 0.0821333661192913,
          "ddown_factor": 2.156444703660348,
          "ema_span_0": 8197.938157191138,
          "ema_span_1": 6739.355324100022,
          "enabled": true,
          "initial_eprice_ema_dist": 0.06599870481338221,
          "initial_qty_pct": 0.06072940280328108,
          "markup_range": 0.011713543930842552,
          "min_markup": 0.04848001158571116,
          "n_close_orders": 9,
          "rentry_pprice_dist": 0.01828826940831011,
          "rentry_pprice_dist_wallet_exposure_weighting": 32.41427703959638,
          "wallet_exposure_limit": 0.1},
 "short": {"auto_unstuck_ema_dist": 0.04762552686826038,
           "auto_unstuck_wallet_exposure_threshold": 0.20529724675055022,
           "ddown_factor": 1.9373586347209737,
           "ema_span_0": 1619.6900222303334,
           "ema_span_1": 2417.9927148325887,
           "enabled": true,
           "initial_eprice_ema_dist": 0.08070978536496246,
           "initial_qty_pct": 0.088882243055584,
           "markup_range": 0.037148239307885404,
           "min_markup": 0.046766025406860395,
           "n_close_orders": 6,
           "rentry_pprice_dist": 0.0277424038920156,
           "rentry_pprice_dist_wallet_exposure_weighting": 8.678198814429598,
           "wallet_exposure_limit": 0.1}}