{"config_name": "static_grid_MATICUSDT_213days",
 "logging_level": 0,
 "long": {"auto_unstuck_ema_dist": 0.09538650192298112,
          "auto_unstuck_wallet_exposure_threshold": 0.2582967314583307,
          "ema_span_0": 3894.9593580294813,
          "ema_span_1": 2435.191937321256,
          "enabled": true,
          "eprice_exp_base": 2.0267135725971843,
          "eprice_pprice_diff": 0.008058963873873344,
          "grid_span": 0.6307035401569424,
          "initial_eprice_ema_dist": -0.07133772935684929,
          "initial_qty_pct": 0.0665536900672823,
          "markup_range": 0.037012544044129674,
          "max_n_entry_orders": 10,
          "min_markup": 0.04807377347362459,
          "n_close_orders": 8,
          "secondary_allocation": 0.15678993965004603,
          "secondary_pprice_diff": 0.45599555866076785,
          "wallet_exposure_limit": 0.1},
 "short": {"auto_unstuck_ema_dist": 0.08559834974986548,
           "auto_unstuck_wallet_exposure_threshold": 0.3924071090606138,
           "ema_span_0": 935.4740356423994,
           "ema_span_1": 5326.584668159517,
           "enabled": true,
           "eprice_exp_base": 1.1797523725516688,
           "eprice_pprice_diff": 0.008855258264611907,
           "grid_span": 0.3307833350252894,
           "initial_eprice_ema_dist": -0.0008861855204576798,
           "initial_qty_pct": 0.0562088050574947,
           "markup_range": 0.04965712367839711,
           "max_n_entry_orders": 10,
           "min_markup": 0.049852413667594575,
           "n_close_orders": 12,
           "secondary_allocation": 0.6163158420683745,
           "secondary_pprice_diff": 0.3087087936406101,
           "wallet_exposure_limit": 0.13755721194592746}}