{"config_name": "long&short_binance_maticusdt_175days_adg0.084%_bkr100.00%_eqbal93.43%",
 "logging_level": 0,
 "long": {"auto_unstuck_ema_dist": 0.05877879571923952,
          "auto_unstuck_wallet_exposure_threshold": 0.028997411190982952,
          "ema_span_max": 9628.234787432542,
          "ema_span_min": 375.62537041104036,
          "enabled": true,
          "eprice_exp_base": 1.6954712550739055,
          "eprice_pprice_diff": 0.002285278345499606,
          "grid_span": 0.14705769378323666,
          "initial_eprice_ema_dist": 0.03749110359570625,
          "initial_qty_pct": 0.013333233515705515,
          "markup_range": 0.00739233729407486,
          "max_n_entry_orders": 14,
          "min_markup": 0.04,
          "n_close_orders": 2,
          "secondary_allocation": 0,
          "secondary_pprice_diff": 0.05,
          "wallet_exposure_limit": 0.05},
 "short": {"auto_unstuck_ema_dist": -0.003948142142833525,
           "auto_unstuck_wallet_exposure_threshold": 0.18483557149526902,
           "ema_span_max": 7495.482120038904,
           "ema_span_min": 1455.3759808116554,
           "enabled": true,
           "eprice_exp_base": 1.4937687672284339,
           "eprice_pprice_diff": 0.018465496892372823,
           "grid_span": 0.554911356525376,
           "initial_eprice_ema_dist": 0.004210217495936075,
           "initial_qty_pct": 0.01295299491317785,
           "markup_range": 0.030067302389590354,
           "max_n_entry_orders": 11,
           "min_markup": 0.03878288840455978,
           "n_close_orders": 2,
           "secondary_allocation": 0,
           "secondary_pprice_diff": 0.05,
           "wallet_exposure_limit": 0.05}}