{"config_name": "static_grid_MATICUSDT_243days",
 "logging_level": 0,
 "long": {"auto_unstuck_ema_dist": 0.08911870484210073,
          "auto_unstuck_wallet_exposure_threshold": 0.665276469804213,
          "ema_span_0": 2330.785736191714,
          "ema_span_1": 5077.633356521498,
          "enabled": true,
          "eprice_exp_base": 1.4267521675361716,
          "eprice_pprice_diff": 0.01872366928562181,
          "grid_span": 0.674980531153988,
          "initial_eprice_ema_dist": -0.07657899060109848,
          "initial_qty_pct": 0.0667628906808737,
          "markup_range": 0.020681608549919205,
          "max_n_entry_orders": 10,
          "min_markup": 0.05864109566265016,
          "n_close_orders": 6,
          "secondary_allocation": 0.22923052554869483,
          "secondary_pprice_diff": 0.11325422615670058,
          "wallet_exposure_limit": 0.08},
 "short": {"auto_unstuck_ema_dist": 0.053474140767689644,
           "auto_unstuck_wallet_exposure_threshold": 0.864535741539155,
           "ema_span_0": 872.3053050370283,
           "ema_span_1": 9402.847316722115,
           "enabled": true,
           "eprice_exp_base": 1.0401307962374082,
           "eprice_pprice_diff": 0.012850809799344743,
           "grid_span": 0.5850600429310172,
           "initial_eprice_ema_dist": -0.025552804375396185,
           "initial_qty_pct": 0.06528346987981395,
           "markup_range": 0.06,
           "max_n_entry_orders": 10,
           "min_markup": 0.047930920309613524,
           "n_close_orders": 6,
           "secondary_allocation": 0.18135749414284702,
           "secondary_pprice_diff": 0.13607425139242482,
           "wallet_exposure_limit": 0.025}}