{"config_name": "static_grid_MKRUSDT_213days",
 "logging_level": 0,
 "long": {"auto_unstuck_ema_dist": 0.04069233818522618,
          "auto_unstuck_wallet_exposure_threshold": 0.173512895384356,
          "ema_span_0": 2994.1279291012484,
          "ema_span_1": 4776.3317050381565,
          "enabled": true,
          "eprice_exp_base": 1.8911244080087324,
          "eprice_pprice_diff": 0.021753774548500242,
          "grid_span": 0.41661025717341854,
          "initial_eprice_ema_dist": -0.0010091201928158697,
          "initial_qty_pct": 0.08841859567016688,
          "markup_range": 0.016356897339421455,
          "max_n_entry_orders": 10,
          "min_markup": 0.02043498299240207,
          "n_close_orders": 5,
          "secondary_allocation": 0.08580140702325062,
          "secondary_pprice_diff": 0.4134585075351721,
          "wallet_exposure_limit": 0.1},
 "short": {"auto_unstuck_ema_dist": 0.04364342351167695,
           "auto_unstuck_wallet_exposure_threshold": 0.6578288671143901,
           "ema_span_0": 1498.8396207464882,
           "ema_span_1": 1786.364432721923,
           "enabled": true,
           "eprice_exp_base": 1.0283822113643744,
           "eprice_pprice_diff": 0.007793002165755348,
           "grid_span": 0.38910696909930176,
           "initial_eprice_ema_dist": -0.018903089492670718,
           "initial_qty_pct": 0.09731833223892207,
           "markup_range": 0.04696668101756959,
           "max_n_entry_orders": 10,
           "min_markup": 0.04856758391531377,
           "n_close_orders": 12,
           "secondary_allocation": 0.5255384534650236,
           "secondary_pprice_diff": 0.0517248845338747,
           "wallet_exposure_limit": 0.14611495961483206}}