{"config_name": "recursive_grid_MKRUSDT_278days",
 "logging_level": 0,
 "long": {"auto_unstuck_ema_dist": 0.030752295285483372,
          "auto_unstuck_wallet_exposure_threshold": 0.35902095894921227,
          "ddown_factor": 0.8783408569161278,
          "ema_span_0": 2660.7821695881153,
          "ema_span_1": 6541.228139857461,
          "enabled": true,
          "initial_eprice_ema_dist": -0.021301359944714444,
          "initial_qty_pct": 0.09017497222956355,
          "markup_range": 0.03628218008691781,
          "min_markup": 0.057321687067789166,
          "n_close_orders": 8,
          "rentry_pprice_dist": 0.007084698471166728,
          "rentry_pprice_dist_wallet_exposure_weighting": 49.16600542353091,
          "wallet_exposure_limit": 0.16615193460335195},
 "short": {"auto_unstuck_ema_dist": 0.037735845504952695,
           "auto_unstuck_wallet_exposure_threshold": 0.3448427052846706,
           "ddown_factor": 0.3157801346352944,
           "ema_span_0": 539.6350870703784,
           "ema_span_1": 2892.027643678969,
           "enabled": true,
           "initial_eprice_ema_dist": -0.02850234167043629,
           "initial_qty_pct": 0.07083365432660192,
           "markup_range": 0.0475325398916229,
           "min_markup": 0.0398639037900934,
           "n_close_orders": 6,
           "rentry_pprice_dist": 0.04108739828209144,
           "rentry_pprice_dist_wallet_exposure_weighting": 65.26915556420623,
           "wallet_exposure_limit": 0.1803059388443715}}