{"config_name": "static_grid_MTLUSDT_213days",
 "logging_level": 0,
 "long": {"auto_unstuck_ema_dist": 0.018619640340814238,
          "auto_unstuck_wallet_exposure_threshold": 0.2816316785764674,
          "ema_span_0": 880.1639488003171,
          "ema_span_1": 1467.5238851978788,
          "enabled": true,
          "eprice_exp_base": 1.6520760778227108,
          "eprice_pprice_diff": 0.034704824766312835,
          "grid_span": 0.3118768910617626,
          "initial_eprice_ema_dist": -0.006389760043668571,
          "initial_qty_pct": 0.05964540800310823,
          "markup_range": 0.023743795521706353,
          "max_n_entry_orders": 10,
          "min_markup": 0.048938797639856244,
          "n_close_orders": 10,
          "secondary_allocation": 0.6514589013186436,
          "secondary_pprice_diff": 0.33858795584784196,
          "wallet_exposure_limit": 0.1},
 "short": {"auto_unstuck_ema_dist": 0.08349597463408855,
           "auto_unstuck_wallet_exposure_threshold": 0.17626942639299853,
           "ema_span_0": 614.390717537567,
           "ema_span_1": 9213.001046127742,
           "enabled": true,
           "eprice_exp_base": 1.6134903298110321,
           "eprice_pprice_diff": 0.018572912089555915,
           "grid_span": 0.42792116411622966,
           "initial_eprice_ema_dist": -0.061520814113447404,
           "initial_qty_pct": 0.06767232542278764,
           "markup_range": 0.04068238816255004,
           "max_n_entry_orders": 10,
           "min_markup": 0.02740860301614725,
           "n_close_orders": 4,
           "secondary_allocation": 0.15462996996124337,
           "secondary_pprice_diff": 0.4881986630637837,
           "wallet_exposure_limit": 0.14915633852425686}}