{"config_name": "recursive_grid_MTLUSDT_278days",
 "logging_level": 0,
 "long": {"auto_unstuck_ema_dist": 0.028944681164419284,
          "auto_unstuck_wallet_exposure_threshold": 0.2904932786754857,
          "ddown_factor": 1.5711760477546348,
          "ema_span_0": 2207.778043731081,
          "ema_span_1": 1440,
          "enabled": true,
          "initial_eprice_ema_dist": -0.007252415811857406,
          "initial_qty_pct": 0.073358237731356,
          "markup_range": 0.042025445403345185,
          "min_markup": 0.028762264931436476,
          "n_close_orders": 9,
          "rentry_pprice_dist": 0.01509904458116365,
          "rentry_pprice_dist_wallet_exposure_weighting": 62.750264081688115,
          "wallet_exposure_limit": 0.19767470726595196},
 "short": {"auto_unstuck_ema_dist": 0.1,
           "auto_unstuck_wallet_exposure_threshold": 0.7055058859746451,
           "ddown_factor": 1.8261515367568628,
           "ema_span_0": 620.4673237999043,
           "ema_span_1": 9139.366207490406,
           "enabled": true,
           "initial_eprice_ema_dist": -0.0006450852137239839,
           "initial_qty_pct": 0.06127322737336849,
           "markup_range": 0.007466683899014594,
           "min_markup": 0.04981073751593889,
           "n_close_orders": 10,
           "rentry_pprice_dist": 0.013034020803966016,
           "rentry_pprice_dist_wallet_exposure_weighting": 52.9375540986112,
           "wallet_exposure_limit": 0.19106545044775008}}