{"config_name": "static_grid_NEOUSDT_198days",
 "logging_level": 0,
 "long": {"auto_unstuck_ema_dist": 0.07190057083272743,
          "auto_unstuck_wallet_exposure_threshold": 0.18837830269668548,
          "ema_span_0": 2074.7455015001274,
          "ema_span_1": 6583.329611290839,
          "enabled": true,
          "eprice_exp_base": 1.0377771933694468,
          "eprice_pprice_diff": 0.03689009075141215,
          "grid_span": 0.25272107639563746,
          "initial_eprice_ema_dist": -0.058335634455388224,
          "initial_qty_pct": 0.06624041094000455,
          "markup_range": 0.013921361745442442,
          "max_n_entry_orders": 10,
          "min_markup": 0.04080963512548687,
          "n_close_orders": 13,
          "secondary_allocation": 0.6758259909168017,
          "secondary_pprice_diff": 0.4185948632514932,
          "wallet_exposure_limit": 0.1},
 "short": {"auto_unstuck_ema_dist": 0.08177325151198453,
           "auto_unstuck_wallet_exposure_threshold": 0.49822465296302326,
           "ema_span_0": 1945.307257793745,
           "ema_span_1": 8963.583246292412,
           "enabled": true,
           "eprice_exp_base": 1.9896114619019023,
           "eprice_pprice_diff": 0.011791925684011818,
           "grid_span": 0.15233756138898172,
           "initial_eprice_ema_dist": -0.03675304329877559,
           "initial_qty_pct": 0.08086232662952285,
           "markup_range": 0.04758107802848315,
           "max_n_entry_orders": 10,
           "min_markup": 0.03913720555585008,
           "n_close_orders": 5,
           "secondary_allocation": 0.22189283932619766,
           "secondary_pprice_diff": 0.3546430692171766,
           "wallet_exposure_limit": 0.148750400579594}}