{"config_name": "recursive_grid_NEOUSDT_278days",
 "logging_level": 0,
 "long": {"auto_unstuck_ema_dist": 0.028060106096562214,
          "auto_unstuck_wallet_exposure_threshold": 0.01106865795124618,
          "ddown_factor": 1.9354705661010327,
          "ema_span_0": 806.2504903070773,
          "ema_span_1": 4879.239091891856,
          "enabled": true,
          "initial_eprice_ema_dist": -0.03131954211153617,
          "initial_qty_pct": 0.08431068853000638,
          "markup_range": 0.01352088464207176,
          "min_markup": 0.044633266429678686,
          "n_close_orders": 13,
          "rentry_pprice_dist": 0.029024571452271608,
          "rentry_pprice_dist_wallet_exposure_weighting": 17.269243175565,
          "wallet_exposure_limit": 0.16430721269168672},
 "short": {"auto_unstuck_ema_dist": 0.08840160434493308,
           "auto_unstuck_wallet_exposure_threshold": 0.81733831643894,
           "ddown_factor": 1.5022939318527961,
           "ema_span_0": 3665.4054289249343,
           "ema_span_1": 9207.586174187665,
           "enabled": true,
           "initial_eprice_ema_dist": -0.04178209733677458,
           "initial_qty_pct": 0.06606672300704079,
           "markup_range": 0.04845200924456136,
           "min_markup": 0.024409857822769252,
           "n_close_orders": 4,
           "rentry_pprice_dist": 0.0463308707552076,
           "rentry_pprice_dist_wallet_exposure_weighting": 63.62851078079878,
           "wallet_exposure_limit": 0.2}}