{"config_name": "recursive_grid_NEOUSDT_198days",
 "logging_level": 0,
 "long": {"auto_unstuck_ema_dist": 0.12505414339248214,
          "auto_unstuck_wallet_exposure_threshold": 0.09367865414367058,
          "ddown_factor": 2.016599083274193,
          "ema_span_0": 815.4273401330386,
          "ema_span_1": 1643.6502249058115,
          "enabled": true,
          "initial_eprice_ema_dist": 0.0781742892090586,
          "initial_qty_pct": 0.07167594708718134,
          "markup_range": 0.010004802464627847,
          "min_markup": 0.028740902604275836,
          "n_close_orders": 9,
          "rentry_pprice_dist": 0.028310899169661192,
          "rentry_pprice_dist_wallet_exposure_weighting": 37.2616559631672,
          "wallet_exposure_limit": 0.1},
 "short": {"auto_unstuck_ema_dist": 0.1637393849144206,
           "auto_unstuck_wallet_exposure_threshold": 0.20344391602871476,
           "ddown_factor": 1.9643269010000923,
           "ema_span_0": 3642.859379555941,
           "ema_span_1": 4425.570165822031,
           "enabled": true,
           "initial_eprice_ema_dist": 0.09638538740407837,
           "initial_qty_pct": 0.01303194908154883,
           "markup_range": 0.04803107980499502,
           "min_markup": 0.04696871755812701,
           "n_close_orders": 7,
           "rentry_pprice_dist": 0.025502269076236265,
           "rentry_pprice_dist_wallet_exposure_weighting": 37.38440993127099,
           "wallet_exposure_limit": 0.1}}