{"config_name": "recursive_grid_NKNUSDT_278days",
 "logging_level": 0,
 "long": {"auto_unstuck_ema_dist": 0.011526932818604587,
          "auto_unstuck_wallet_exposure_threshold": 0.038267718135945414,
          "ddown_factor": 0.8563218496419858,
          "ema_span_0": 434.65749629417775,
          "ema_span_1": 1440,
          "enabled": true,
          "initial_eprice_ema_dist": -0.005636559503078097,
          "initial_qty_pct": 0.06402376052402964,
          "markup_range": 0.03017920417824001,
          "min_markup": 0.05268510570697976,
          "n_close_orders": 8,
          "rentry_pprice_dist": 0.028676991586773976,
          "rentry_pprice_dist_wallet_exposure_weighting": 3.3868217298429206,
          "wallet_exposure_limit": 0.2},
 "short": {"auto_unstuck_ema_dist": 0.05079219723575347,
           "auto_unstuck_wallet_exposure_threshold": 0.17318026370673337,
           "ddown_factor": 1.590834241553314,
           "ema_span_0": 360,
           "ema_span_1": 1933.4547992058801,
           "enabled": true,
           "initial_eprice_ema_dist": 0,
           "initial_qty_pct": 0.06552661599515612,
           "markup_range": 0.06,
           "min_markup": 0.06,
           "n_close_orders": 9,
           "rentry_pprice_dist": 0.007968263565729359,
           "rentry_pprice_dist_wallet_exposure_weighting": 66.0433094440952,
           "wallet_exposure_limit": 0.19525646433063862}}