{"config_name": "static_grid_NKNUSDT_213days",
 "logging_level": 0,
 "long": {"auto_unstuck_ema_dist": 0.02677741039903062,
          "auto_unstuck_wallet_exposure_threshold": 0.26592467333843395,
          "ema_span_0": 989.9948144440052,
          "ema_span_1": 1440,
          "enabled": true,
          "eprice_exp_base": 1.5926408805085033,
          "eprice_pprice_diff": 0.0347132590942792,
          "grid_span": 0.10023799303617598,
          "initial_eprice_ema_dist": -0.004192124442783482,
          "initial_qty_pct": 0.08503201694302992,
          "markup_range": 0.018024220448496147,
          "max_n_entry_orders": 10,
          "min_markup": 0.03440002768813376,
          "n_close_orders": 8,
          "secondary_allocation": 0.17541438129286618,
          "secondary_pprice_diff": 0.15630388915285381,
          "wallet_exposure_limit": 0.1},
 "short": {"auto_unstuck_ema_dist": 0.0790487091010656,
           "auto_unstuck_wallet_exposure_threshold": 0.08603433525232351,
           "ema_span_0": 3599.4602509525353,
           "ema_span_1": 8186.701803147912,
           "enabled": true,
           "eprice_exp_base": 1.3612355160342635,
           "eprice_pprice_diff": 0.004208599838679687,
           "grid_span": 0.4886662395799289,
           "initial_eprice_ema_dist": -0.07779441552642723,
           "initial_qty_pct": 0.09895662999508066,
           "markup_range": 0.049415988169001446,
           "max_n_entry_orders": 10,
           "min_markup": 0.043567386273720476,
           "n_close_orders": 8,
           "secondary_allocation": 0.09379423523651277,
           "secondary_pprice_diff": 0.07738061668221902,
           "wallet_exposure_limit": 0.14581995409284124}}