{"config_name": "recursive_grid_OCEANUSDT_278days",
 "logging_level": 0,
 "long": {"auto_unstuck_ema_dist": 0.03997191973408931,
          "auto_unstuck_wallet_exposure_threshold": 0.2132223817068583,
          "ddown_factor": 1.4168056212336748,
          "ema_span_0": 2249.682225519967,
          "ema_span_1": 1507.017569247493,
          "enabled": true,
          "initial_eprice_ema_dist": -0.023788689354253833,
          "initial_qty_pct": 0.06029928275959164,
          "markup_range": 0.03466230047774317,
          "min_markup": 0.04025407163592677,
          "n_close_orders": 5,
          "rentry_pprice_dist": 0.03343723664232446,
          "rentry_pprice_dist_wallet_exposure_weighting": 47.26658386183908,
          "wallet_exposure_limit": 0.15088986942650398},
 "short": {"auto_unstuck_ema_dist": 0.09527957704778733,
           "auto_unstuck_wallet_exposure_threshold": 0.18619977582471803,
           "ddown_factor": 0.05,
           "ema_span_0": 4164.274074490244,
           "ema_span_1": 9171.175338254185,
           "enabled": true,
           "initial_eprice_ema_dist": -0.08802154115523753,
           "initial_qty_pct": 0.057745979481605175,
           "markup_range": 0.06,
           "min_markup": 0.059923167525277723,
           "n_close_orders": 10,
           "rentry_pprice_dist": 0.011647779385066427,
           "rentry_pprice_dist_wallet_exposure_weighting": 47.54385739206507,
           "wallet_exposure_limit": 0.1983764716967702}}