{"config_name": "static_grid_OCEANUSDT_213days",
 "logging_level": 0,
 "long": {"auto_unstuck_ema_dist": 0.07933890874955439,
          "auto_unstuck_wallet_exposure_threshold": 0.2688286278187623,
          "ema_span_0": 2083.466953376041,
          "ema_span_1": 3851.055532196776,
          "enabled": true,
          "eprice_exp_base": 2.0618335047127405,
          "eprice_pprice_diff": 0.007827811280668204,
          "grid_span": 0.3533372501657277,
          "initial_eprice_ema_dist": -0.043559743610714914,
          "initial_qty_pct": 0.0950353933018957,
          "markup_range": 0.015178049753032776,
          "max_n_entry_orders": 10,
          "min_markup": 0.015321717639703608,
          "n_close_orders": 11,
          "secondary_allocation": 0.555625746775456,
          "secondary_pprice_diff": 0.3382167808974726,
          "wallet_exposure_limit": 0.1},
 "short": {"auto_unstuck_ema_dist": 0.0440884645913118,
           "auto_unstuck_wallet_exposure_threshold": 0.08449977680461031,
           "ema_span_0": 445.2609865114539,
           "ema_span_1": 7654.174004543861,
           "enabled": true,
           "eprice_exp_base": 2.078752389665114,
           "eprice_pprice_diff": 0.022164615856116874,
           "grid_span": 0.11690040803580695,
           "initial_eprice_ema_dist": -0.06653895078610221,
           "initial_qty_pct": 0.09324814694208443,
           "markup_range": 0.05,
           "max_n_entry_orders": 10,
           "min_markup": 0.043277515520588054,
           "n_close_orders": 10,
           "secondary_allocation": 0.19226824544940033,
           "secondary_pprice_diff": 0.385701342322569,
           "wallet_exposure_limit": 0.14660263902062332}}