{"config_name": "recursive_grid_OGNUSDT_278days",
 "logging_level": 0,
 "long": {"auto_unstuck_ema_dist": 0.03469779957276109,
          "auto_unstuck_wallet_exposure_threshold": 0.005278056042210176,
          "ddown_factor": 1.9065221440966558,
          "ema_span_0": 890.7326252383561,
          "ema_span_1": 1666.5182660676926,
          "enabled": true,
          "initial_eprice_ema_dist": -0.0244424153770039,
          "initial_qty_pct": 0.08428695917975138,
          "markup_range": 0.028057973805510353,
          "min_markup": 0.05588610541774625,
          "n_close_orders": 14,
          "rentry_pprice_dist": 0.0201346981843669,
          "rentry_pprice_dist_wallet_exposure_weighting": 71.59577368818232,
          "wallet_exposure_limit": 0.15726139512217713},
 "short": {"auto_unstuck_ema_dist": 0.09156103786112221,
           "auto_unstuck_wallet_exposure_threshold": 0.2828289778561657,
           "ddown_factor": 0.310787378096285,
           "ema_span_0": 405.399364258049,
           "ema_span_1": 9269.347871958575,
           "enabled": true,
           "initial_eprice_ema_dist": -0.09258341842824969,
           "initial_qty_pct": 0.09016698966505123,
           "markup_range": 0.043863285809799146,
           "min_markup": 0.05735266497920671,
           "n_close_orders": 13,
           "rentry_pprice_dist": 0.0415961975108721,
           "rentry_pprice_dist_wallet_exposure_weighting": 75.20494370711195,
           "wallet_exposure_limit": 0.2}}