{"config_name": "static_grid_OGNUSDT_213days",
 "logging_level": 0,
 "long": {"auto_unstuck_ema_dist": 0.04367443724330504,
          "auto_unstuck_wallet_exposure_threshold": 0.2853957544148166,
          "ema_span_0": 1460.6024205026154,
          "ema_span_1": 1623.0127353595476,
          "enabled": true,
          "eprice_exp_base": 1.3288617061033237,
          "eprice_pprice_diff": 0.010163502704010355,
          "grid_span": 0.5287406366608142,
          "initial_eprice_ema_dist": -0.023564585194567163,
          "initial_qty_pct": 0.0831926674835958,
          "markup_range": 0.044294692078343426,
          "max_n_entry_orders": 10,
          "min_markup": 0.04556063748033287,
          "n_close_orders": 4,
          "secondary_allocation": 0.4235606200495476,
          "secondary_pprice_diff": 0.24550605329742042,
          "wallet_exposure_limit": 0.1},
 "short": {"auto_unstuck_ema_dist": 0.07861353109393243,
           "auto_unstuck_wallet_exposure_threshold": 0.5202516217912142,
           "ema_span_0": 674.8712942654004,
           "ema_span_1": 1440,
           "enabled": true,
           "eprice_exp_base": 1.4669694396093598,
           "eprice_pprice_diff": 0.024205280476178915,
           "grid_span": 0.21069044778571133,
           "initial_eprice_ema_dist": -0.07347382704297428,
           "initial_qty_pct": 0.07613022711134655,
           "markup_range": 0.04529754849479907,
           "max_n_entry_orders": 10,
           "min_markup": 0.05,
           "n_close_orders": 9,
           "secondary_allocation": 0.13736417737546291,
           "secondary_pprice_diff": 0.2740154427510883,
           "wallet_exposure_limit": 0.1465241276750935}}