{"config_name": "recursive_grid_OMGUSDT_198days",
 "logging_level": 0,
 "long": {"auto_unstuck_ema_dist": 0.07180927491633725,
          "auto_unstuck_wallet_exposure_threshold": 0.0665539438566987,
          "ddown_factor": 1.6682438063507812,
          "ema_span_0": 360,
          "ema_span_1": 1026.273423339988,
          "enabled": true,
          "initial_eprice_ema_dist": 0.039255509779805756,
          "initial_qty_pct": 0.033638356880224846,
          "markup_range": 0.027581707268359342,
          "min_markup": 0.04980581026277762,
          "n_close_orders": 9,
          "rentry_pprice_dist": 0.013233832587252347,
          "rentry_pprice_dist_wallet_exposure_weighting": 51.76214069739128,
          "wallet_exposure_limit": 0.1},
 "short": {"auto_unstuck_ema_dist": 0.45871094555438136,
           "auto_unstuck_wallet_exposure_threshold": 0.047275012933104064,
           "ddown_factor": 2.149803380868937,
           "ema_span_0": 5716.2545186062025,
           "ema_span_1": 1285.4500978633569,
           "enabled": true,
           "initial_eprice_ema_dist": 0.09471925435557185,
           "initial_qty_pct": 0.07167248157193845,
           "markup_range": 0.021532991597954246,
           "min_markup": 0.014554689973831816,
           "n_close_orders": 5,
           "rentry_pprice_dist": 0.01039737529706626,
           "rentry_pprice_dist_wallet_exposure_weighting": 27.917991194693037,
           "wallet_exposure_limit": 0.1}}