{"config_name": "longonly_binance_omgusdt_198days_adg0.080%_bkr100.00%_eqbal83.93%",
 "logging_level": 0,
 "long": {"enabled": true,
          "eprice_exp_base": 1.618034,
          "eprice_pprice_diff": 0.003542292877996829,
          "grid_span": 0.16579649963573725,
          "initial_qty_pct": 0.02325671328756212,
          "markup_range": 0.005522858980800964,
          "max_n_entry_orders": 10,
          "min_markup": 0.004356606385977384,
          "n_close_orders": 7,
          "pbr_limit": 0.17810219883136724,
          "secondary_pbr_allocation": 0.21323154249325305,
          "secondary_pprice_diff": 0.46274228290708735},
 "shrt": {"enabled": false,
          "eprice_exp_base": 1.618034,
          "eprice_pprice_diff": 0.001,
          "grid_span": 0.03,
          "initial_qty_pct": 0.001,
          "markup_range": 0.004,
          "max_n_entry_orders": 10,
          "min_markup": 0.0005,
          "n_close_orders": 7,
          "pbr_limit": 0.5,
          "secondary_pbr_allocation": 0,
          "secondary_pprice_diff": 0.21}}