{"config_name": "recursive_grid_OMGUSDT_278days",
 "logging_level": 0,
 "long": {"auto_unstuck_ema_dist": 0.04259868776336548,
          "auto_unstuck_wallet_exposure_threshold": 0.1066710614311669,
          "ddown_factor": 2.0160473127879794,
          "ema_span_0": 763.0044432940629,
          "ema_span_1": 3080.2116661102273,
          "enabled": true,
          "initial_eprice_ema_dist": -0.027857605402034746,
          "initial_qty_pct": 0.09442082494833617,
          "markup_range": 0.005,
          "min_markup": 0.057821358374281276,
          "n_close_orders": 6,
          "rentry_pprice_dist": 0.009275957234931019,
          "rentry_pprice_dist_wallet_exposure_weighting": 21.97256393427013,
          "wallet_exposure_limit": 0.17702690769200602},
 "short": {"auto_unstuck_ema_dist": 0.08899757654836067,
           "auto_unstuck_wallet_exposure_threshold": 0.18934917715666516,
           "ddown_factor": 0.6963049122790798,
           "ema_span_0": 4267.159440011968,
           "ema_span_1": 9392.747566827436,
           "enabled": true,
           "initial_eprice_ema_dist": -0.040097600932237375,
           "initial_qty_pct": 0.06501259399304006,
           "markup_range": 0.05816572744517629,
           "min_markup": 0.05217702267136067,
           "n_close_orders": 7,
           "rentry_pprice_dist": 0.01673337806419445,
           "rentry_pprice_dist_wallet_exposure_weighting": 38.81131880683863,
           "wallet_exposure_limit": 0.2}}