{"config_name": "static_grid_OMGUSDT_198days",
 "logging_level": 0,
 "long": {"auto_unstuck_ema_dist": 0.09687368670471105,
          "auto_unstuck_wallet_exposure_threshold": 0.8650629813205497,
          "ema_span_0": 2554.1368953253104,
          "ema_span_1": 1457.933503341047,
          "enabled": true,
          "eprice_exp_base": 1.9799948829158316,
          "eprice_pprice_diff": 0.011545105324282903,
          "grid_span": 0.25503890067449986,
          "initial_eprice_ema_dist": -0.04153407747469256,
          "initial_qty_pct": 0.0209919204787574,
          "markup_range": 0.049306835005961586,
          "max_n_entry_orders": 10,
          "min_markup": 0.04327225240001678,
          "n_close_orders": 4,
          "secondary_allocation": 0.6495109550685426,
          "secondary_pprice_diff": 0.3217685563945678,
          "wallet_exposure_limit": 0.1},
 "short": {"auto_unstuck_ema_dist": 0.07871096790980435,
           "auto_unstuck_wallet_exposure_threshold": 0.3947978675207149,
           "ema_span_0": 4145.061264068095,
           "ema_span_1": 9358.562695953846,
           "enabled": true,
           "eprice_exp_base": 2.011831880648901,
           "eprice_pprice_diff": 0.039902167414049575,
           "grid_span": 0.11284581908709386,
           "initial_eprice_ema_dist": -0.0553768402337442,
           "initial_qty_pct": 0.01424050422511508,
           "markup_range": 0.03219029232583012,
           "max_n_entry_orders": 10,
           "min_markup": 0.03886759726836201,
           "n_close_orders": 13,
           "secondary_allocation": 0.5016656610047023,
           "secondary_pprice_diff": 0.19045464703786397,
           "wallet_exposure_limit": 0.14549266068056155}}