{"config_name": "recursive_grid_ONEUSDT_198days",
 "logging_level": 0,
 "long": {"auto_unstuck_ema_dist": 0.008586423327599724,
          "auto_unstuck_wallet_exposure_threshold": 0.411923263917903,
          "ddown_factor": 0.13331589606544492,
          "ema_span_0": 2563.960848023166,
          "ema_span_1": 1809.441429562221,
          "enabled": true,
          "initial_eprice_ema_dist": -0.035579527850453,
          "initial_qty_pct": 0.010143840046659771,
          "markup_range": 0.008559753107581268,
          "min_markup": 0.025043053462025237,
          "n_close_orders": 11,
          "rentry_pprice_dist": 0.019362555565976044,
          "rentry_pprice_dist_wallet_exposure_weighting": 19.709955417749313,
          "wallet_exposure_limit": 0.16988678044185218},
 "short": {"auto_unstuck_ema_dist": 0.052325479243296225,
           "auto_unstuck_wallet_exposure_threshold": 0.01581396519868039,
           "ddown_factor": 1.8067903460290495,
           "ema_span_0": 3290.9565957021896,
           "ema_span_1": 7825.806329518988,
           "enabled": true,
           "initial_eprice_ema_dist": -0.04259348243497796,
           "initial_qty_pct": 0.04879389606680007,
           "markup_range": 0.04954344584800397,
           "min_markup": 0.01901362102770292,
           "n_close_orders": 5,
           "rentry_pprice_dist": 0.018385364873546133,
           "rentry_pprice_dist_wallet_exposure_weighting": 27.512156668843456,
           "wallet_exposure_limit": 0.17574160562570681}}