{"config_name": "long&short_binance_oneusdt_180days_adg0.042%_bkr100.00%_eqbal92.29%",
 "logging_level": 0,
 "long": {"auto_unstuck_ema_dist": 0.05818079624436396,
          "auto_unstuck_wallet_exposure_threshold": 0.08148384619008024,
          "ema_span_max": 360,
          "ema_span_min": 360,
          "enabled": true,
          "eprice_exp_base": 1.7984540672016474,
          "eprice_pprice_diff": 0.013010311564441806,
          "grid_span": 0.3968179958914032,
          "initial_eprice_ema_dist": 0.038244888716894354,
          "initial_qty_pct": 0.02373773396348925,
          "markup_range": 0.006005698533468732,
          "max_n_entry_orders": 14,
          "min_markup": 0.025331960964267732,
          "n_close_orders": 11,
          "secondary_allocation": 0,
          "secondary_pprice_diff": 0.05,
          "wallet_exposure_limit": 0.05},
 "short": {"auto_unstuck_ema_dist": 0.027646559708805175,
           "auto_unstuck_wallet_exposure_threshold": 0.1932245611378642,
           "ema_span_max": 6761.370287962754,
           "ema_span_min": 7280.344171850541,
           "enabled": true,
           "eprice_exp_base": 1.6247421741830577,
           "eprice_pprice_diff": 0.011633533355408402,
           "grid_span": 0.35859547324470353,
           "initial_eprice_ema_dist": -0.05011729052592045,
           "initial_qty_pct": 0.02996763675643544,
           "markup_range": 0.01612294342526672,
           "max_n_entry_orders": 13,
           "min_markup": 0.03136989698611049,
           "n_close_orders": 9,
           "secondary_allocation": 0,
           "secondary_pprice_diff": 0.05,
           "wallet_exposure_limit": 0.05}}