{"config_name": "recursive_grid_ONEUSDT_278days",
 "logging_level": 0,
 "long": {"auto_unstuck_ema_dist": 0.035468188630857135,
          "auto_unstuck_wallet_exposure_threshold": 0.3188202644339698,
          "ddown_factor": 1.9511882926295643,
          "ema_span_0": 2004.255530117157,
          "ema_span_1": 2971.5635908203276,
          "enabled": true,
          "initial_eprice_ema_dist": -0.017068212721654187,
          "initial_qty_pct": 0.09378736475565028,
          "markup_range": 0.007462726794643239,
          "min_markup": 0.05780822922976931,
          "n_close_orders": 13,
          "rentry_pprice_dist": 0.034568506012592676,
          "rentry_pprice_dist_wallet_exposure_weighting": 7.276472742015691,
          "wallet_exposure_limit": 0.19708485589761246},
 "short": {"auto_unstuck_ema_dist": 0.09620468049428199,
           "auto_unstuck_wallet_exposure_threshold": 0,
           "ddown_factor": 0.17336729606253237,
           "ema_span_0": 1389.7279866532097,
           "ema_span_1": 3602.6183543152183,
           "enabled": true,
           "initial_eprice_ema_dist": -0.09048302706932597,
           "initial_qty_pct": 0.09486119677817154,
           "markup_range": 0.04263095176353451,
           "min_markup": 0.03728758806464482,
           "n_close_orders": 13,
           "rentry_pprice_dist": 0.009910661152442457,
           "rentry_pprice_dist_wallet_exposure_weighting": 11.959313600996879,
           "wallet_exposure_limit": 0.1933227903618145}}