{"config_name": "recursive_grid_ONEUSDT_198days",
 "logging_level": 0,
 "long": {"auto_unstuck_ema_dist": 0.011172117368636908,
          "auto_unstuck_wallet_exposure_threshold": 0.03609870342858963,
          "ddown_factor": 2.8849138737518416,
          "ema_span_0": 1334.5410994808174,
          "ema_span_1": 622.8042140298844,
          "enabled": true,
          "initial_eprice_ema_dist": -0.09687499457766205,
          "initial_qty_pct": 0.0049821855930762765,
          "markup_range": 0.03628835875641901,
          "min_markup": 0.030644183562455247,
          "n_close_orders": 10,
          "rentry_pprice_dist": 0.03056188372268249,
          "rentry_pprice_dist_wallet_exposure_weighting": 43.18527013837285,
          "wallet_exposure_limit": 0.1},
 "short": {"auto_unstuck_ema_dist": 0.0653856599094069,
           "auto_unstuck_wallet_exposure_threshold": 0.1991700698925993,
           "ddown_factor": 0.24966699542368445,
           "ema_span_0": 4263.49538915289,
           "ema_span_1": 6690.543737402561,
           "enabled": true,
           "initial_eprice_ema_dist": 0.1,
           "initial_qty_pct": 0.08355020722656825,
           "markup_range": 0.027614563869443776,
           "min_markup": 0.011028255929655784,
           "n_close_orders": 6,
           "rentry_pprice_dist": 0.04417948087236088,
           "rentry_pprice_dist_wallet_exposure_weighting": 1.0932848215500064,
           "wallet_exposure_limit": 0.1}}