{
  "config_name": "recursive_grid_ONEUSDT_198days",
  "logging_level": 0,
  "long": {
    "auto_unstuck_ema_dist": 0.039412740936229415,
    "auto_unstuck_wallet_exposure_threshold": 0.01839953884588864,
    "ddown_factor": 0.557898980914209,
    "ema_span_0": 510.67168932725514,
    "ema_span_1": 654.9452654498054,
    "enabled": true,
    "initial_eprice_ema_dist": -0.07080592513413593,
    "initial_qty_pct": 0.001,
    "markup_range": 0.01905260089201454,
    "min_markup": 0.04307247557678509,
    "n_close_orders": 6,
    "rentry_pprice_dist": 0.020859233357540773,
    "rentry_pprice_dist_wallet_exposure_weighting": 39.20437240166089,
    "wallet_exposure_limit": 0.1
  },
  "short": {
    "auto_unstuck_ema_dist": 0.03541574453241558,
    "auto_unstuck_wallet_exposure_threshold": 0.38917206930874176,
    "ddown_factor": 0.1,
    "ema_span_0": 2542.7332591301238,
    "ema_span_1": 798.4259484970418,
    "enabled": true,
    "initial_eprice_ema_dist": 0.09764923403009318,
    "initial_qty_pct": 0.019517273176866336,
    "markup_range": 0.04422090297735893,
    "min_markup": 0.008804760627864248,
    "n_close_orders": 12,
    "rentry_pprice_dist": 0.02125370434355973,
    "rentry_pprice_dist_wallet_exposure_weighting": 50.25269229901862,
    "wallet_exposure_limit": 0.1
  }
}