{"config_name": "recursive_grid_ONTUSDT_278days",
 "logging_level": 0,
 "long": {"auto_unstuck_ema_dist": 0.041873656596459974,
          "auto_unstuck_wallet_exposure_threshold": 0.8359319220877892,
          "ddown_factor": 1.0691007888339907,
          "ema_span_0": 3604.8124863348585,
          "ema_span_1": 1567.6855552761422,
          "enabled": true,
          "initial_eprice_ema_dist": -0.028587659470649323,
          "initial_qty_pct": 0.09584963594050433,
          "markup_range": 0.005936415150319165,
          "min_markup": 0.04494011578628058,
          "n_close_orders": 11,
          "rentry_pprice_dist": 0.04059243062420837,
          "rentry_pprice_dist_wallet_exposure_weighting": 37.816771539331114,
          "wallet_exposure_limit": 0.14455125588825757},
 "short": {"auto_unstuck_ema_dist": 0.08527030808128411,
           "auto_unstuck_wallet_exposure_threshold": 0.24371865067698922,
           "ddown_factor": 1.4307305918391948,
           "ema_span_0": 4250.352488083254,
           "ema_span_1": 8795.501462901135,
           "enabled": true,
           "initial_eprice_ema_dist": -0.017950389398891764,
           "initial_qty_pct": 0.09047450906226033,
           "markup_range": 0.04551803678630671,
           "min_markup": 0.053592134328285794,
           "n_close_orders": 12,
           "rentry_pprice_dist": 0.018832377171158706,
           "rentry_pprice_dist_wallet_exposure_weighting": 25.456051271154692,
           "wallet_exposure_limit": 0.2}}