{"config_name": "static_grid_ONTUSDT_213days",
 "logging_level": 0,
 "long": {"auto_unstuck_ema_dist": 0.043846899858265356,
          "auto_unstuck_wallet_exposure_threshold": 0.6930515627200478,
          "ema_span_0": 2289.4857829054617,
          "ema_span_1": 3341.7047601613153,
          "enabled": true,
          "eprice_exp_base": 1.5954558702385422,
          "eprice_pprice_diff": 0.02523406281774237,
          "grid_span": 0.34345772630578636,
          "initial_eprice_ema_dist": -0.03697212072653071,
          "initial_qty_pct": 0.059488591350542554,
          "markup_range": 0.043794055683835015,
          "max_n_entry_orders": 10,
          "min_markup": 0.03421661242534703,
          "n_close_orders": 4,
          "secondary_allocation": 0.040580642211787143,
          "secondary_pprice_diff": 0.33033461679716614,
          "wallet_exposure_limit": 0.1},
 "short": {"auto_unstuck_ema_dist": 0.08730527579202045,
           "auto_unstuck_wallet_exposure_threshold": 0,
           "ema_span_0": 1218.85754236199,
           "ema_span_1": 9045.008645180722,
           "enabled": true,
           "eprice_exp_base": 1.5586249781419739,
           "eprice_pprice_diff": 0.014539048928329516,
           "grid_span": 0.25915765836810595,
           "initial_eprice_ema_dist": -0.05265860983786604,
           "initial_qty_pct": 0.06979625264601863,
           "markup_range": 0.05,
           "max_n_entry_orders": 10,
           "min_markup": 0.049062361000374956,
           "n_close_orders": 11,
           "secondary_allocation": 0.24081375074261782,
           "secondary_pprice_diff": 0.2714114776278681,
           "wallet_exposure_limit": 0.14920896297905228}}