{"config_name": "recursive_grid_QTUMUSDT_278days",
 "logging_level": 0,
 "long": {"auto_unstuck_ema_dist": 0.08978930807538206,
          "auto_unstuck_wallet_exposure_threshold": 0.10346814338387851,
          "ddown_factor": 2.8131863084795876,
          "ema_span_0": 539.3254106491498,
          "ema_span_1": 1455.493458827704,
          "enabled": true,
          "initial_eprice_ema_dist": -0.05631147748293818,
          "initial_qty_pct": 0.08003543064698784,
          "markup_range": 0.005,
          "min_markup": 0.05121670701831322,
          "n_close_orders": 10,
          "rentry_pprice_dist": 0.00535207725855785,
          "rentry_pprice_dist_wallet_exposure_weighting": 12.377313009281568,
          "wallet_exposure_limit": 0.15988110311412296},
 "short": {"auto_unstuck_ema_dist": 0.08825185130896274,
           "auto_unstuck_wallet_exposure_threshold": 0.18339464141003606,
           "ddown_factor": 1.185669866566527,
           "ema_span_0": 2648.7524493025603,
           "ema_span_1": 9202.85535714901,
           "enabled": true,
           "initial_eprice_ema_dist": -0.025225897133125844,
           "initial_qty_pct": 0.07075333062440846,
           "markup_range": 0.024785046980599638,
           "min_markup": 0.054920891501647896,
           "n_close_orders": 8,
           "rentry_pprice_dist": 0.010539517560816492,
           "rentry_pprice_dist_wallet_exposure_weighting": 63.13887951517782,
           "wallet_exposure_limit": 0.2}}