{"config_name": "static_grid_QTUMUSDT_213days",
 "logging_level": 0,
 "long": {"auto_unstuck_ema_dist": 0.08436231308873325,
          "auto_unstuck_wallet_exposure_threshold": 0.26514112212429175,
          "ema_span_0": 734.4500918794614,
          "ema_span_1": 1806.8902753589102,
          "enabled": true,
          "eprice_exp_base": 1.269204401870312,
          "eprice_pprice_diff": 0.03583439946551826,
          "grid_span": 0.22573575990734435,
          "initial_eprice_ema_dist": -0.0854413771865572,
          "initial_qty_pct": 0.07120521933581905,
          "markup_range": 0.018688851361388335,
          "max_n_entry_orders": 10,
          "min_markup": 0.04504781473753555,
          "n_close_orders": 8,
          "secondary_allocation": 0.6745633774429942,
          "secondary_pprice_diff": 0.4755029886862207,
          "wallet_exposure_limit": 0.1},
 "short": {"auto_unstuck_ema_dist": 0.09470792519834056,
           "auto_unstuck_wallet_exposure_threshold": 0.20957760398943628,
           "ema_span_0": 2916.7207806801416,
           "ema_span_1": 10080,
           "enabled": true,
           "eprice_exp_base": 1.250722010277521,
           "eprice_pprice_diff": 0.006776285211829825,
           "grid_span": 0.49430382598829775,
           "initial_eprice_ema_dist": -0.019312556128046932,
           "initial_qty_pct": 0.07884847512488358,
           "markup_range": 0.027700652149316177,
           "max_n_entry_orders": 10,
           "min_markup": 0.05,
           "n_close_orders": 10,
           "secondary_allocation": 0.5167724103174807,
           "secondary_pprice_diff": 0.2785637164651372,
           "wallet_exposure_limit": 0.11268965302594088}}