{"config_name": "recursive_grid_QTUMUSDT_198days",
 "logging_level": 0,
 "long": {"auto_unstuck_ema_dist": 0.49799475854510467,
          "auto_unstuck_wallet_exposure_threshold": 0.12352263896957047,
          "ddown_factor": 2.2511526287731973,
          "ema_span_0": 4316.577384213375,
          "ema_span_1": 573.3601436739152,
          "enabled": true,
          "initial_eprice_ema_dist": 0.07881616894288343,
          "initial_qty_pct": 0.030025087046236864,
          "markup_range": 0.05,
          "min_markup": 0.029897193535957337,
          "n_close_orders": 12,
          "rentry_pprice_dist": 0.04979557665900305,
          "rentry_pprice_dist_wallet_exposure_weighting": 42.58930846888871,
          "wallet_exposure_limit": 0.1},
 "short": {"auto_unstuck_ema_dist": 0.33140719265096213,
           "auto_unstuck_wallet_exposure_threshold": 0.082729256282338,
           "ddown_factor": 1.6307857525509795,
           "ema_span_0": 1099.5652239952283,
           "ema_span_1": 9357.689176785972,
           "enabled": true,
           "initial_eprice_ema_dist": 0.1,
           "initial_qty_pct": 0.016422676626965498,
           "markup_range": 0.05,
           "min_markup": 0.046831973656150994,
           "n_close_orders": 11,
           "rentry_pprice_dist": 0.048618242683966785,
           "rentry_pprice_dist_wallet_exposure_weighting": 14.447667953716754,
           "wallet_exposure_limit": 0.1}}