{"config_name": "static_grid_REEFUSDT_213days",
 "logging_level": 0,
 "long": {"auto_unstuck_ema_dist": 0.03853013016561313,
          "auto_unstuck_wallet_exposure_threshold": 0.22854181125811004,
          "ema_span_0": 499.3401398163013,
          "ema_span_1": 2696.322018164049,
          "enabled": true,
          "eprice_exp_base": 1.8566309959033918,
          "eprice_pprice_diff": 0.03732240471437471,
          "grid_span": 0.3489356165802154,
          "initial_eprice_ema_dist": -0.01786701093208028,
          "initial_qty_pct": 0.07366895621044095,
          "markup_range": 0.020991499839642325,
          "max_n_entry_orders": 10,
          "min_markup": 0.038278179760452474,
          "n_close_orders": 14,
          "secondary_allocation": 0.19403232669726336,
          "secondary_pprice_diff": 0.3770901810898656,
          "wallet_exposure_limit": 0.1},
 "short": {"auto_unstuck_ema_dist": 0.04757639013109721,
           "auto_unstuck_wallet_exposure_threshold": 0.02973010949047039,
           "ema_span_0": 1748.0786463648599,
           "ema_span_1": 10042.336304660295,
           "enabled": true,
           "eprice_exp_base": 1.0689261744121636,
           "eprice_pprice_diff": 0.012607026858760148,
           "grid_span": 0.20066423601915517,
           "initial_eprice_ema_dist": -0.0644777218708007,
           "initial_qty_pct": 0.08271795944071485,
           "markup_range": 0.04607818398948435,
           "max_n_entry_orders": 10,
           "min_markup": 0.0433485874199103,
           "n_close_orders": 14,
           "secondary_allocation": 0.0913486580069095,
           "secondary_pprice_diff": 0.29107587053093714,
           "wallet_exposure_limit": 0.13549884167932497}}