{"config_name": "recursive_grid_REEFUSDT_278days__this_is_good",
 "logging_level": 0,
 "long": {"auto_unstuck_ema_dist": 0.04898919855353777,
          "auto_unstuck_wallet_exposure_threshold": 0.35253073883552033,
          "ddown_factor": 0.28867305308077873,
          "ema_span_0": 2588.559885888289,
          "ema_span_1": 1586.201029915743,
          "enabled": true,
          "initial_eprice_ema_dist": -0.03353609782120439,
          "initial_qty_pct": 0.06495759974320639,
          "markup_range": 0.05868972118423429,
          "min_markup": 0.019321987416640436,
          "n_close_orders": 5,
          "rentry_pprice_dist": 0.008083908694446052,
          "rentry_pprice_dist_wallet_exposure_weighting": 86.73900527025609,
          "wallet_exposure_limit": 0.139341076903285},
 "short": {"auto_unstuck_ema_dist": 0.05916569381912755,
           "auto_unstuck_wallet_exposure_threshold": 0.10888605907549964,
           "ddown_factor": 1.8093164870450538,
           "ema_span_0": 3807.0026239166873,
           "ema_span_1": 9380.816020496353,
           "enabled": true,
           "initial_eprice_ema_dist": -0.04555587099497341,
           "initial_qty_pct": 0.09900619895592633,
           "markup_range": 0.015251476292499889,
           "min_markup": 0.04132616246484538,
           "n_close_orders": 12,
           "rentry_pprice_dist": 0.040839823083438705,
           "rentry_pprice_dist_wallet_exposure_weighting": 86.36778465857157,
           "wallet_exposure_limit": 0.17587310567105208}}