{"config_name": "static_grid_RENUSDT_213days",
 "logging_level": 0,
 "long": {"auto_unstuck_ema_dist": 0.007148396384063108,
          "auto_unstuck_wallet_exposure_threshold": 0.018707459264005348,
          "ema_span_0": 1717.773596613011,
          "ema_span_1": 3585.8038901959944,
          "enabled": true,
          "eprice_exp_base": 1.1113911206689915,
          "eprice_pprice_diff": 0.0289419619952086,
          "grid_span": 0.2688255413643487,
          "initial_eprice_ema_dist": -0.08348505331218595,
          "initial_qty_pct": 0.07326894644202842,
          "markup_range": 0.04812584447368574,
          "max_n_entry_orders": 10,
          "min_markup": 0.042809758144684705,
          "n_close_orders": 14,
          "secondary_allocation": 0.40398063054292543,
          "secondary_pprice_diff": 0.3221377971474237,
          "wallet_exposure_limit": 0.1},
 "short": {"auto_unstuck_ema_dist": 0.08693955633594161,
           "auto_unstuck_wallet_exposure_threshold": 0.05727727712810532,
           "ema_span_0": 3045.094218822369,
           "ema_span_1": 7177.2335177260975,
           "enabled": true,
           "eprice_exp_base": 1.3287949561587964,
           "eprice_pprice_diff": 0.029848138180193884,
           "grid_span": 0.19594601338405304,
           "initial_eprice_ema_dist": -0.0979747788681534,
           "initial_qty_pct": 0.07309608233099886,
           "markup_range": 0.014392157223820059,
           "max_n_entry_orders": 10,
           "min_markup": 0.05,
           "n_close_orders": 13,
           "secondary_allocation": 0.20892248386624965,
           "secondary_pprice_diff": 0.4520398057000429,
           "wallet_exposure_limit": 0.14602520375178474}}