{"config_name": "recursive_grid_RENUSDT_243days",
 "logging_level": 0,
 "long": {"auto_unstuck_ema_dist": 0.1,
          "auto_unstuck_wallet_exposure_threshold": 0.9169147025850178,
          "ddown_factor": 2.0358624081193275,
          "ema_span_0": 360,
          "ema_span_1": 4839.927232823386,
          "enabled": true,
          "initial_eprice_ema_dist": -0.07950837014919723,
          "initial_qty_pct": 0.09807984163601782,
          "markup_range": 0.06,
          "min_markup": 0.056266521923934824,
          "n_close_orders": 4,
          "rentry_pprice_dist": 0.02810548676425591,
          "rentry_pprice_dist_wallet_exposure_weighting": 8.512764939183345,
          "wallet_exposure_limit": 0.1460693946031825},
 "short": {"auto_unstuck_ema_dist": 0.06821386969164848,
           "auto_unstuck_wallet_exposure_threshold": 0.11620151739418257,
           "ddown_factor": 1.5672437545011448,
           "ema_span_0": 360,
           "ema_span_1": 5324.95935471236,
           "enabled": true,
           "initial_eprice_ema_dist": -0.08707845767390651,
           "initial_qty_pct": 0.054156553373169866,
           "markup_range": 0.016279902931540923,
           "min_markup": 0.051601682109205314,
           "n_close_orders": 12,
           "rentry_pprice_dist": 0.02450258001569689,
           "rentry_pprice_dist_wallet_exposure_weighting": 55.05801538861036,
           "wallet_exposure_limit": 0.1990701623719907}}