{"config_name": "recursive_grid_RLCUSDT_278days",
 "logging_level": 0,
 "long": {"auto_unstuck_ema_dist": 0.043038696936576575,
          "auto_unstuck_wallet_exposure_threshold": 0.7224993806530857,
          "ddown_factor": 2.8479653242975096,
          "ema_span_0": 637.7278475022088,
          "ema_span_1": 1588.9299037813844,
          "enabled": true,
          "initial_eprice_ema_dist": -0.022957433462741487,
          "initial_qty_pct": 0.0635443729647635,
          "markup_range": 0.05168828403859626,
          "min_markup": 0.057984747524870484,
          "n_close_orders": 8,
          "rentry_pprice_dist": 0.011569297268294455,
          "rentry_pprice_dist_wallet_exposure_weighting": 54.58372867138002,
          "wallet_exposure_limit": 0.2},
 "short": {"auto_unstuck_ema_dist": 0.1,
           "auto_unstuck_wallet_exposure_threshold": 0.31233005727386604,
           "ddown_factor": 1.3478323051096428,
           "ema_span_0": 2492.227738864428,
           "ema_span_1": 9396.553466027326,
           "enabled": true,
           "initial_eprice_ema_dist": -0.056468839069871116,
           "initial_qty_pct": 0.09656746458127947,
           "markup_range": 0.03791638565233749,
           "min_markup": 0.04557979782541407,
           "n_close_orders": 4,
           "rentry_pprice_dist": 0.036838918610645664,
           "rentry_pprice_dist_wallet_exposure_weighting": 8.551702689396556,
           "wallet_exposure_limit": 0.2}}