{"config_name": "static_grid_RLCUSDT_198days",
 "logging_level": 0,
 "long": {"auto_unstuck_ema_dist": 0.04373198249807088,
          "auto_unstuck_wallet_exposure_threshold": 0.2969388267981785,
          "ema_span_0": 869.9255664686932,
          "ema_span_1": 1991.6906839177457,
          "enabled": true,
          "eprice_exp_base": 1.8946453347180503,
          "eprice_pprice_diff": 0.032311620161835836,
          "grid_span": 0.1,
          "initial_eprice_ema_dist": -0.016575634707828038,
          "initial_qty_pct": 0.08242240048474711,
          "markup_range": 0.045755294289538014,
          "max_n_entry_orders": 10,
          "min_markup": 0.04284414742432077,
          "n_close_orders": 9,
          "secondary_allocation": 0.3730714075442029,
          "secondary_pprice_diff": 0.1602878802185061,
          "wallet_exposure_limit": 0.1},
 "short": {"auto_unstuck_ema_dist": 0.054083736145178585,
           "auto_unstuck_wallet_exposure_threshold": 0.5786436131071301,
           "ema_span_0": 1881.2741688973574,
           "ema_span_1": 1862.4629058677256,
           "enabled": true,
           "eprice_exp_base": 1.4159327012121312,
           "eprice_pprice_diff": 0.017053721535030233,
           "grid_span": 0.43285094922199385,
           "initial_eprice_ema_dist": -0.009793207842428934,
           "initial_qty_pct": 0.076303972666661,
           "markup_range": 0.026768483132050748,
           "max_n_entry_orders": 10,
           "min_markup": 0.048443766527149115,
           "n_close_orders": 11,
           "secondary_allocation": 0.06605638664130986,
           "secondary_pprice_diff": 0.3910256413490432,
           "wallet_exposure_limit": 0.14897986925743278}}