{"config_name": "recursive_grid_RLCUSDT_198days",
 "logging_level": 0,
 "long": {"auto_unstuck_ema_dist": 0.339404295633535,
          "auto_unstuck_wallet_exposure_threshold": 0.13659961078313893,
          "ddown_factor": 1.474002229658496,
          "ema_span_0": 9017.924801888363,
          "ema_span_1": 6298.785872286487,
          "enabled": true,
          "initial_eprice_ema_dist": 0.1,
          "initial_qty_pct": 0.03395033124973676,
          "markup_range": 0.01666220413726583,
          "min_markup": 0.049061315992227614,
          "n_close_orders": 5,
          "rentry_pprice_dist": 0.02683608362648844,
          "rentry_pprice_dist_wallet_exposure_weighting": 35.772650091626325,
          "wallet_exposure_limit": 0.1},
 "short": {"auto_unstuck_ema_dist": 0.12904936182288,
           "auto_unstuck_wallet_exposure_threshold": 0.07632855379042586,
           "ddown_factor": 0.2701160583362351,
           "ema_span_0": 8456.732392248961,
           "ema_span_1": 3094.1454337928585,
           "enabled": true,
           "initial_eprice_ema_dist": 0.09236903149607513,
           "initial_qty_pct": 0.005093260202271209,
           "markup_range": 0.049923098930749844,
           "min_markup": 0.04411859388808824,
           "n_close_orders": 5,
           "rentry_pprice_dist": 0.03851307085093596,
           "rentry_pprice_dist_wallet_exposure_weighting": 63.45989936435689,
           "wallet_exposure_limit": 0.1}}