{"config_name": "static_grid_ROSEUSDT_95days",
 "logging_level": 0,
 "long": {"auto_unstuck_ema_dist": 0.012486212521769052,
          "auto_unstuck_wallet_exposure_threshold": 0.8245258201611189,
          "ema_span_0": 360,
          "ema_span_1": 1494.4605780877516,
          "enabled": true,
          "eprice_exp_base": 1.7918807293145684,
          "eprice_pprice_diff": 0.011556048015052294,
          "grid_span": 0.5563398536887599,
          "initial_eprice_ema_dist": -0.0010017949354665656,
          "initial_qty_pct": 0.06311845154576773,
          "markup_range": 0.02717910700973766,
          "max_n_entry_orders": 10,
          "min_markup": 0.020636976365267845,
          "n_close_orders": 7,
          "secondary_allocation": 0.29675458273879735,
          "secondary_pprice_diff": 0.17104951061724658,
          "wallet_exposure_limit": 0.08},
 "short": {"auto_unstuck_ema_dist": 0.0447120980161681,
           "auto_unstuck_wallet_exposure_threshold": 0,
           "ema_span_0": 2730.089697220672,
           "ema_span_1": 5672.14266300024,
           "enabled": true,
           "eprice_exp_base": 2.059226499630822,
           "eprice_pprice_diff": 0.0021556518816933643,
           "grid_span": 0.194382628756956,
           "initial_eprice_ema_dist": -0.018748148588902214,
           "initial_qty_pct": 0.0982258731659222,
           "markup_range": 0.05776240339636283,
           "max_n_entry_orders": 10,
           "min_markup": 0.06,
           "n_close_orders": 9,
           "secondary_allocation": 0.20072974460712348,
           "secondary_pprice_diff": 0.4696854815298035,
           "wallet_exposure_limit": 0.025}}