{"config_name": "static_grid_ROSEUSDT_66days",
 "logging_level": 0,
 "long": {"auto_unstuck_ema_dist": 0.033484920454609435,
          "auto_unstuck_wallet_exposure_threshold": 0.15422266059721979,
          "ema_span_0": 1179.6844157441055,
          "ema_span_1": 2390.1348852035812,
          "enabled": true,
          "eprice_exp_base": 1.880501665859319,
          "eprice_pprice_diff": 0.01164006012020377,
          "grid_span": 0.4556973144195286,
          "initial_eprice_ema_dist": -0.018356917502832523,
          "initial_qty_pct": 0.07302643536192766,
          "markup_range": 0.005729806987582076,
          "max_n_entry_orders": 10,
          "min_markup": 0.027271217470448132,
          "n_close_orders": 13,
          "secondary_allocation": 0.2871546978793046,
          "secondary_pprice_diff": 0.48106987773501025,
          "wallet_exposure_limit": 0.1},
 "short": {"auto_unstuck_ema_dist": 0.09829513043023975,
           "auto_unstuck_wallet_exposure_threshold": 0.05856842277503342,
           "ema_span_0": 360,
           "ema_span_1": 7411.46795928056,
           "enabled": true,
           "eprice_exp_base": 2.079011750640354,
           "eprice_pprice_diff": 0.02419900522030404,
           "grid_span": 0.5817019010260799,
           "initial_eprice_ema_dist": -0.05843821689320178,
           "initial_qty_pct": 0.0885724073196493,
           "markup_range": 0.040440582471049626,
           "max_n_entry_orders": 10,
           "min_markup": 0.04562651989268078,
           "n_close_orders": 5,
           "secondary_allocation": 0.020625760504530365,
           "secondary_pprice_diff": 0.3263877859091398,
           "wallet_exposure_limit": 0.141163335215099}}