{"config_name": "recursive_grid_RSRUSDT_278days",
 "logging_level": 0,
 "long": {"auto_unstuck_ema_dist": 0.04967553064703649,
          "auto_unstuck_wallet_exposure_threshold": 0.13313187351303613,
          "ddown_factor": 0.8759810257962982,
          "ema_span_0": 871.5531149579755,
          "ema_span_1": 1440,
          "enabled": true,
          "initial_eprice_ema_dist": -0.04190043683036543,
          "initial_qty_pct": 0.0953096691175707,
          "markup_range": 0.035752316609833024,
          "min_markup": 0.025555948172746375,
          "n_close_orders": 12,
          "rentry_pprice_dist": 0.033267585183154355,
          "rentry_pprice_dist_wallet_exposure_weighting": 7.15062227362096,
          "wallet_exposure_limit": 0.18550918339306607},
 "short": {"auto_unstuck_ema_dist": 0.1,
           "auto_unstuck_wallet_exposure_threshold": 0.17646663530498183,
           "ddown_factor": 2.730870539113696,
           "ema_span_0": 2957.188816754665,
           "ema_span_1": 9395.554705455363,
           "enabled": true,
           "initial_eprice_ema_dist": -0.0661559825858743,
           "initial_qty_pct": 0.052568938508068416,
           "markup_range": 0.059923962789703265,
           "min_markup": 0.06,
           "n_close_orders": 7,
           "rentry_pprice_dist": 0.014442036796767638,
           "rentry_pprice_dist_wallet_exposure_weighting": 44.14111865218384,
           "wallet_exposure_limit": 0.19804014864056274}}