{"config_name": "static_grid_RUNEUSDT_213days",
 "logging_level": 0,
 "long": {"auto_unstuck_ema_dist": 0.06670816947901372,
          "auto_unstuck_wallet_exposure_threshold": 0.6656443016596848,
          "ema_span_0": 1371.8967070593014,
          "ema_span_1": 1440,
          "enabled": true,
          "eprice_exp_base": 1.6197483469708396,
          "eprice_pprice_diff": 0.011499735927883049,
          "grid_span": 0.5764635918141054,
          "initial_eprice_ema_dist": -0.058220636354546634,
          "initial_qty_pct": 0.09415919900558704,
          "markup_range": 0.045919953041396226,
          "max_n_entry_orders": 10,
          "min_markup": 0.03657945436112848,
          "n_close_orders": 4,
          "secondary_allocation": 0.2690497583115214,
          "secondary_pprice_diff": 0.17838949502984852,
          "wallet_exposure_limit": 0.1},
 "short": {"auto_unstuck_ema_dist": 0.1,
           "auto_unstuck_wallet_exposure_threshold": 0.47450528588013935,
           "ema_span_0": 1836.5142231821608,
           "ema_span_1": 2911.8443891921133,
           "enabled": true,
           "eprice_exp_base": 1.3100288375493467,
           "eprice_pprice_diff": 0.027679669326350843,
           "grid_span": 0.3272182834119808,
           "initial_eprice_ema_dist": -0.05366755549511979,
           "initial_qty_pct": 0.08664625061503367,
           "markup_range": 0.048421037777114866,
           "max_n_entry_orders": 10,
           "min_markup": 0.03495000478367005,
           "n_close_orders": 9,
           "secondary_allocation": 0.16586623220787128,
           "secondary_pprice_diff": 0.15297193512961055,
           "wallet_exposure_limit": 0.14912674930376663}}