{"config_name": "static_grid_RUNEUSDT_239days",
 "logging_level": 0,
 "long": {"auto_unstuck_ema_dist": 0.06665435176711049,
          "auto_unstuck_wallet_exposure_threshold": 0.0686017910357517,
          "ema_span_0": 1375.2677337572452,
          "ema_span_1": 1500.9919783318705,
          "enabled": true,
          "eprice_exp_base": 1.891807554726465,
          "eprice_pprice_diff": 0.0033360746396295126,
          "grid_span": 0.1451599285741303,
          "initial_eprice_ema_dist": -0.06036982984255182,
          "initial_qty_pct": 0.05321143638155943,
          "markup_range": 0.029887955433734147,
          "max_n_entry_orders": 10,
          "min_markup": 0.05455240555666725,
          "n_close_orders": 5,
          "secondary_allocation": 0.6304430985831762,
          "secondary_pprice_diff": 0.379822887940144,
          "wallet_exposure_limit": 0.08},
 "short": {"auto_unstuck_ema_dist": 0.05785338563708019,
           "auto_unstuck_wallet_exposure_threshold": 0.9326979132888514,
           "ema_span_0": 2504.8734360679164,
           "ema_span_1": 3526.6368892860955,
           "enabled": true,
           "eprice_exp_base": 1.730919278272631,
           "eprice_pprice_diff": 0.04105713784324026,
           "grid_span": 0.40391326704652863,
           "initial_eprice_ema_dist": -0.0449869059226409,
           "initial_qty_pct": 0.06951956266884309,
           "markup_range": 0.055225878540899484,
           "max_n_entry_orders": 10,
           "min_markup": 0.06,
           "n_close_orders": 4,
           "secondary_allocation": 0.2375596526835713,
           "secondary_pprice_diff": 0.06623456639778028,
           "wallet_exposure_limit": 0.025}}