{"config_name": "recursive_grid_RUNEUSDT_198days",
 "logging_level": 0,
 "long": {"auto_unstuck_ema_dist": 0.4357924744951829,
          "auto_unstuck_wallet_exposure_threshold": 0.5135714690334616,
          "ddown_factor": 0.6106528670404043,
          "ema_span_0": 8884.62838115661,
          "ema_span_1": 2788.0883985793002,
          "enabled": true,
          "initial_eprice_ema_dist": 0.0299879989290133,
          "initial_qty_pct": 0.0950506787412348,
          "markup_range": 0.04023042083365164,
          "min_markup": 0.01907661179964342,
          "n_close_orders": 12,
          "rentry_pprice_dist": 0.022898111635030895,
          "rentry_pprice_dist_wallet_exposure_weighting": 36.58390499686817,
          "wallet_exposure_limit": 0.1},
 "short": {"auto_unstuck_ema_dist": 0.33371208857652357,
           "auto_unstuck_wallet_exposure_threshold": 0.19213284885728527,
           "ddown_factor": 0.22830818898061825,
           "ema_span_0": 1267.7404922187716,
           "ema_span_1": 3455.2997098959045,
           "enabled": true,
           "initial_eprice_ema_dist": -0.0371122382399927,
           "initial_qty_pct": 0.05093133826605484,
           "markup_range": 0.02031384795820133,
           "min_markup": 0.038581131247439115,
           "n_close_orders": 11,
           "rentry_pprice_dist": 0.04131440038414906,
           "rentry_pprice_dist_wallet_exposure_weighting": 26.565870140039728,
           "wallet_exposure_limit": 0.1}}