{"config_name": "recursive_grid_RVNUSDT_278days",
 "logging_level": 0,
 "long": {"auto_unstuck_ema_dist": 0.027291162202856857,
          "auto_unstuck_wallet_exposure_threshold": 0.16233287994268686,
          "ddown_factor": 0.7237707518059985,
          "ema_span_0": 1213.4881385439926,
          "ema_span_1": 2546.0740435910125,
          "enabled": true,
          "initial_eprice_ema_dist": 0,
          "initial_qty_pct": 0.05845349592821347,
          "markup_range": 0.021352001664914747,
          "min_markup": 0.0172411295781472,
          "n_close_orders": 10,
          "rentry_pprice_dist": 0.02022825027479895,
          "rentry_pprice_dist_wallet_exposure_weighting": 85.15479425350004,
          "wallet_exposure_limit": 0.17871077865357352},
 "short": {"auto_unstuck_ema_dist": 0.07040034999031554,
           "auto_unstuck_wallet_exposure_threshold": 0.317612557422443,
           "ddown_factor": 2.155701752770258,
           "ema_span_0": 732.284846133476,
           "ema_span_1": 9218.526715263572,
           "enabled": true,
           "initial_eprice_ema_dist": -0.02040499514347655,
           "initial_qty_pct": 0.05729894902420575,
           "markup_range": 0.026101903590694912,
           "min_markup": 0.02241496719798385,
           "n_close_orders": 11,
           "rentry_pprice_dist": 0.005,
           "rentry_pprice_dist_wallet_exposure_weighting": 83.31998033913635,
           "wallet_exposure_limit": 0.1921741850929033}}