{"config_name": "static_grid_RVNUSDT_213days",
 "logging_level": 0,
 "long": {"auto_unstuck_ema_dist": 0.02359412746425307,
          "auto_unstuck_wallet_exposure_threshold": 0.2797111492540785,
          "ema_span_0": 360,
          "ema_span_1": 1440,
          "enabled": true,
          "eprice_exp_base": 1.1398360065339155,
          "eprice_pprice_diff": 0.027334265186030823,
          "grid_span": 0.14220889977975892,
          "initial_eprice_ema_dist": 0,
          "initial_qty_pct": 0.05711647315113426,
          "markup_range": 0.015296275029242051,
          "max_n_entry_orders": 10,
          "min_markup": 0.04579573043174185,
          "n_close_orders": 10,
          "secondary_allocation": 0.16666758555624187,
          "secondary_pprice_diff": 0.09649195390395016,
          "wallet_exposure_limit": 0.1},
 "short": {"auto_unstuck_ema_dist": 0.08250159039379822,
           "auto_unstuck_wallet_exposure_threshold": 0.579442099853467,
           "ema_span_0": 360,
           "ema_span_1": 8300.361363175693,
           "enabled": true,
           "eprice_exp_base": 2.004259774240192,
           "eprice_pprice_diff": 0.020848352748575338,
           "grid_span": 0.5514308229967934,
           "initial_eprice_ema_dist": -0.0022722799145731107,
           "initial_qty_pct": 0.08969306994314258,
           "markup_range": 0.017763361159551107,
           "max_n_entry_orders": 10,
           "min_markup": 0.041927152345558084,
           "n_close_orders": 7,
           "secondary_allocation": 0.3055389283821405,
           "secondary_pprice_diff": 0.45440608595786103,
           "wallet_exposure_limit": 0.14974024148265438}}