{"config_name": "recursive_grid_SANDUSDT_243days",
 "logging_level": 0,
 "long": {"auto_unstuck_ema_dist": 0.021346530053007424,
          "auto_unstuck_wallet_exposure_threshold": 0.040699806891230275,
          "ddown_factor": 2.3742884023967914,
          "ema_span_0": 534.5854641436438,
          "ema_span_1": 1440,
          "enabled": true,
          "initial_eprice_ema_dist": -0.006091514785495925,
          "initial_qty_pct": 0.09429761513896225,
          "markup_range": 0.02651738217760175,
          "min_markup": 0.04857786584956798,
          "n_close_orders": 10,
          "rentry_pprice_dist": 0.03533696896253283,
          "rentry_pprice_dist_wallet_exposure_weighting": 0,
          "wallet_exposure_limit": 0.12365225383238532},
 "short": {"auto_unstuck_ema_dist": 0.06523785594819441,
           "auto_unstuck_wallet_exposure_threshold": 0.14349110619665922,
           "ddown_factor": 2.4165838948812595,
           "ema_span_0": 486.04630254147327,
           "ema_span_1": 9449.13732326309,
           "enabled": true,
           "initial_eprice_ema_dist": -0.002070042758895317,
           "initial_qty_pct": 0.07653801065347539,
           "markup_range": 0.007827618582997003,
           "min_markup": 0.028953994095374344,
           "n_close_orders": 5,
           "rentry_pprice_dist": 0.010745566919092401,
           "rentry_pprice_dist_wallet_exposure_weighting": 3.0372264388479726,
           "wallet_exposure_limit": 0.1149922126362283}}