{"config_name": "static_grid_SCUSDT_213days",
 "logging_level": 0,
 "long": {"auto_unstuck_ema_dist": 0.045808971515293645,
          "auto_unstuck_wallet_exposure_threshold": 0.23658291824757025,
          "ema_span_0": 1020.5294162509512,
          "ema_span_1": 3405.731102247847,
          "enabled": true,
          "eprice_exp_base": 1.9269456021016351,
          "eprice_pprice_diff": 0.00278219483732357,
          "grid_span": 0.38699131216438065,
          "initial_eprice_ema_dist": -0.04252705048514382,
          "initial_qty_pct": 0.08250785745944292,
          "markup_range": 0.03517749941883902,
          "max_n_entry_orders": 10,
          "min_markup": 0.0443745893997115,
          "n_close_orders": 5,
          "secondary_allocation": 0.33588592822578495,
          "secondary_pprice_diff": 0.3916692103643336,
          "wallet_exposure_limit": 0.1},
 "short": {"auto_unstuck_ema_dist": 0.09429852814848344,
           "auto_unstuck_wallet_exposure_threshold": 0.10142147944540462,
           "ema_span_0": 2772.0886246047285,
           "ema_span_1": 7650.563589852685,
           "enabled": true,
           "eprice_exp_base": 1.8133843700254992,
           "eprice_pprice_diff": 0.03325035370038043,
           "grid_span": 0.21591698894548564,
           "initial_eprice_ema_dist": -0.032693070786115365,
           "initial_qty_pct": 0.09582263869429196,
           "markup_range": 0.04646392761403701,
           "max_n_entry_orders": 10,
           "min_markup": 0.031099780961675347,
           "n_close_orders": 7,
           "secondary_allocation": 0.07488283408959445,
           "secondary_pprice_diff": 0.18996514720240498,
           "wallet_exposure_limit": 0.14852045432760097}}