{"config_name": "static_grid_SFPUSDT_213days",
 "logging_level": 0,
 "long": {"auto_unstuck_ema_dist": 0.04744452970351276,
          "auto_unstuck_wallet_exposure_threshold": 0.1481930589161525,
          "ema_span_0": 1327.6358302416127,
          "ema_span_1": 4926.755814188455,
          "enabled": true,
          "eprice_exp_base": 2.000582083459352,
          "eprice_pprice_diff": 0.014619174192077382,
          "grid_span": 0.30763245526175614,
          "initial_eprice_ema_dist": -0.029814083359441426,
          "initial_qty_pct": 0.09463837413575017,
          "markup_range": 0.015054973077274,
          "max_n_entry_orders": 10,
          "min_markup": 0.036697466305947925,
          "n_close_orders": 4,
          "secondary_allocation": 0.30766235809927667,
          "secondary_pprice_diff": 0.27003561074797144,
          "wallet_exposure_limit": 0.1},
 "short": {"auto_unstuck_ema_dist": 0.09973338894382115,
           "auto_unstuck_wallet_exposure_threshold": 0.0132736811146396,
           "ema_span_0": 2504.6496556896764,
           "ema_span_1": 2788.6564406015277,
           "enabled": true,
           "eprice_exp_base": 1.3459148290341192,
           "eprice_pprice_diff": 0.004178913444797,
           "grid_span": 0.22288360022566647,
           "initial_eprice_ema_dist": -0.09813996950193238,
           "initial_qty_pct": 0.05937970859210953,
           "markup_range": 0.04832629681808357,
           "max_n_entry_orders": 10,
           "min_markup": 0.04857885346038461,
           "n_close_orders": 14,
           "secondary_allocation": 0.587748142043655,
           "secondary_pprice_diff": 0.39971081533851044,
           "wallet_exposure_limit": 0.1469703284628012}}