{"config_name": "recursive_grid_SFPUSDT_278days",
 "logging_level": 0,
 "long": {"auto_unstuck_ema_dist": 0.055345994994253245,
          "auto_unstuck_wallet_exposure_threshold": 0.15585837303126848,
          "ddown_factor": 1.5437104887119797,
          "ema_span_0": 3702.0501490825122,
          "ema_span_1": 5008.033373849373,
          "enabled": true,
          "initial_eprice_ema_dist": -0.033363818183949547,
          "initial_qty_pct": 0.06533047396041468,
          "markup_range": 0.014672687275297653,
          "min_markup": 0.03343939632886267,
          "n_close_orders": 10,
          "rentry_pprice_dist": 0.0274294769715473,
          "rentry_pprice_dist_wallet_exposure_weighting": 47.6808411518842,
          "wallet_exposure_limit": 0.16133844184829355},
 "short": {"auto_unstuck_ema_dist": 0.08064908297071191,
           "auto_unstuck_wallet_exposure_threshold": 0,
           "ddown_factor": 1.5252681305340567,
           "ema_span_0": 3837.5535856234537,
           "ema_span_1": 1783.7628675256628,
           "enabled": true,
           "initial_eprice_ema_dist": -0.04932629481302734,
           "initial_qty_pct": 0.06089300145252226,
           "markup_range": 0.005450996898958169,
           "min_markup": 0.028991985723167493,
           "n_close_orders": 14,
           "rentry_pprice_dist": 0.0153047257042678,
           "rentry_pprice_dist_wallet_exposure_weighting": 35.29378085075925,
           "wallet_exposure_limit": 0.2}}