{"config_name": "recursive_grid_SFPUSDT_198days",
 "logging_level": 0,
 "long": {"auto_unstuck_ema_dist": 0.42671065168048145,
          "auto_unstuck_wallet_exposure_threshold": 0.28430626552701477,
          "ddown_factor": 0.8282501666704339,
          "ema_span_0": 763.1141594686208,
          "ema_span_1": 1379.0368642936787,
          "enabled": true,
          "initial_eprice_ema_dist": 0.069943869426074,
          "initial_qty_pct": 0.01539208964868333,
          "markup_range": 0.018547545858566546,
          "min_markup": 0.04680854719094065,
          "n_close_orders": 12,
          "rentry_pprice_dist": 0.01705700890531592,
          "rentry_pprice_dist_wallet_exposure_weighting": 31.55868769360538,
          "wallet_exposure_limit": 0.1},
 "short": {"auto_unstuck_ema_dist": 0.4557274492856485,
           "auto_unstuck_wallet_exposure_threshold": 0.023355405753300966,
           "ddown_factor": 2.464517145563707,
           "ema_span_0": 9230.927175043296,
           "ema_span_1": 6756.752428474704,
           "enabled": true,
           "initial_eprice_ema_dist": 0.09401591491966582,
           "initial_qty_pct": 0.05392919374285364,
           "markup_range": 0.005,
           "min_markup": 0.015063959653641715,
           "n_close_orders": 12,
           "rentry_pprice_dist": 0.032004802882167706,
           "rentry_pprice_dist_wallet_exposure_weighting": 35.699677022333155,
           "wallet_exposure_limit": 0.1}}