{"config_name": "static_grid_SNXUSDT_213days",
 "logging_level": 0,
 "long": {"auto_unstuck_ema_dist": 0.09933371355561077,
          "auto_unstuck_wallet_exposure_threshold": 0.17555483044962494,
          "ema_span_0": 2035.597917813892,
          "ema_span_1": 4522.159537511048,
          "enabled": true,
          "eprice_exp_base": 1.6365772523491016,
          "eprice_pprice_diff": 0.022646444445035,
          "grid_span": 0.5716693855993332,
          "initial_eprice_ema_dist": -0.044910653316145334,
          "initial_qty_pct": 0.09338313282724382,
          "markup_range": 0.011029789028919965,
          "max_n_entry_orders": 10,
          "min_markup": 0.035476296648063066,
          "n_close_orders": 5,
          "secondary_allocation": 0.08026964814891151,
          "secondary_pprice_diff": 0.42485710908272895,
          "wallet_exposure_limit": 0.1},
 "short": {"auto_unstuck_ema_dist": 0.09961778931543129,
           "auto_unstuck_wallet_exposure_threshold": 0.4309804354988268,
           "ema_span_0": 2887.8351745630325,
           "ema_span_1": 6853.737850265371,
           "enabled": true,
           "eprice_exp_base": 1.942995921917485,
           "eprice_pprice_diff": 0.003057448331097473,
           "grid_span": 0.22853429670427092,
           "initial_eprice_ema_dist": -0.025534253849428167,
           "initial_qty_pct": 0.0527597394543597,
           "markup_range": 0.04303498343864895,
           "max_n_entry_orders": 10,
           "min_markup": 0.04704714430787227,
           "n_close_orders": 9,
           "secondary_allocation": 0.1287159160319279,
           "secondary_pprice_diff": 0.14110094687098632,
           "wallet_exposure_limit": 0.15}}