{"config_name": "recursive_grid_SNXUSDT_278days",
 "logging_level": 0,
 "long": {"auto_unstuck_ema_dist": 0.03356065904681552,
          "auto_unstuck_wallet_exposure_threshold": 0.7363126351513253,
          "ddown_factor": 0.10676076552261497,
          "ema_span_0": 3195.4009978691947,
          "ema_span_1": 1440,
          "enabled": true,
          "initial_eprice_ema_dist": -0.027736352547074464,
          "initial_qty_pct": 0.09100269960964048,
          "markup_range": 0.04912498570634654,
          "min_markup": 0.03668224913644152,
          "n_close_orders": 14,
          "rentry_pprice_dist": 0.04584750697271146,
          "rentry_pprice_dist_wallet_exposure_weighting": 12.203324251522814,
          "wallet_exposure_limit": 0.13561998881188958},
 "short": {"auto_unstuck_ema_dist": 0.08186366999359813,
           "auto_unstuck_wallet_exposure_threshold": 0,
           "ddown_factor": 1.2745238961993433,
           "ema_span_0": 1143.7135191197212,
           "ema_span_1": 9579.378049686919,
           "enabled": true,
           "initial_eprice_ema_dist": -0.0324525944606608,
           "initial_qty_pct": 0.07490768908806016,
           "markup_range": 0.05825743952798704,
           "min_markup": 0.05283452887518594,
           "n_close_orders": 5,
           "rentry_pprice_dist": 0.020977606637556677,
           "rentry_pprice_dist_wallet_exposure_weighting": 18.93075951473889,
           "wallet_exposure_limit": 0.2}}