{"config_name": "longonly_binance_solusdt_198days_adg0.667%_bkr72.05%_eqbal41.93%",
 "logging_level": 0,
 "long": {"enabled": true,
          "eprice_exp_base": 1.618034,
          "eprice_pprice_diff": 0.014043872409610426,
          "grid_span": 0.09595739068580295,
          "initial_qty_pct": 0.03661108968230818,
          "markup_range": 0.006261105023906196,
          "max_n_entry_orders": 10,
          "min_markup": 0.004847065927584781,
          "n_close_orders": 7,
          "pbr_limit": 0.19212472292607002,
          "secondary_pbr_allocation": 0.3927220039449686,
          "secondary_pprice_diff": 0.36400299654977936},
 "shrt": {"enabled": false,
          "eprice_exp_base": 1.618034,
          "eprice_pprice_diff": 0.001,
          "grid_span": 0.03,
          "initial_qty_pct": 0.001,
          "markup_range": 0.004,
          "max_n_entry_orders": 10,
          "min_markup": 0.0005,
          "n_close_orders": 7,
          "pbr_limit": 0.5,
          "secondary_pbr_allocation": 0,
          "secondary_pprice_diff": 0.21}}