{"config_name": "recursive_grid_STMXUSDT_278days",
 "logging_level": 0,
 "long": {"auto_unstuck_ema_dist": 0.05197995648078528,
          "auto_unstuck_wallet_exposure_threshold": 0.009612305643761601,
          "ddown_factor": 0.7934179584698362,
          "ema_span_0": 3989.796750648856,
          "ema_span_1": 2990.0525185909555,
          "enabled": true,
          "initial_eprice_ema_dist": -0.04088459551816737,
          "initial_qty_pct": 0.05955322066793652,
          "markup_range": 0.03943939315031147,
          "min_markup": 0.05965745239563361,
          "n_close_orders": 12,
          "rentry_pprice_dist": 0.005098002885765836,
          "rentry_pprice_dist_wallet_exposure_weighting": 8.518615084901088,
          "wallet_exposure_limit": 0.15004294018321535},
 "short": {"auto_unstuck_ema_dist": 0.1,
           "auto_unstuck_wallet_exposure_threshold": 0.8003355111081012,
           "ddown_factor": 1.8095391805519105,
           "ema_span_0": 2341.846998614905,
           "ema_span_1": 10080,
           "enabled": true,
           "initial_eprice_ema_dist": -0.04605550960425971,
           "initial_qty_pct": 0.06857048200905622,
           "markup_range": 0.005847386285544128,
           "min_markup": 0.020732364247328234,
           "n_close_orders": 12,
           "rentry_pprice_dist": 0.025935685008940775,
           "rentry_pprice_dist_wallet_exposure_weighting": 33.54755604418074,
           "wallet_exposure_limit": 0.19989975841329355}}