{"config_name": "static_grid_STMXUSDT_213days",
 "logging_level": 0,
 "long": {"auto_unstuck_ema_dist": 0.0442400364195488,
          "auto_unstuck_wallet_exposure_threshold": 0.21035609013280526,
          "ema_span_0": 870.4277628463321,
          "ema_span_1": 4625.885700325292,
          "enabled": true,
          "eprice_exp_base": 1.436456824713942,
          "eprice_pprice_diff": 0.03794335311315799,
          "grid_span": 0.23167708662572992,
          "initial_eprice_ema_dist": -0.053496310796613225,
          "initial_qty_pct": 0.0553448358357395,
          "markup_range": 0.04414709800183144,
          "max_n_entry_orders": 10,
          "min_markup": 0.03833884275613305,
          "n_close_orders": 4,
          "secondary_allocation": 0.4601665996743076,
          "secondary_pprice_diff": 0.3517261978720153,
          "wallet_exposure_limit": 0.1},
 "short": {"auto_unstuck_ema_dist": 0.1,
           "auto_unstuck_wallet_exposure_threshold": 0.6254517451845174,
           "ema_span_0": 4288.050309991474,
           "ema_span_1": 10080,
           "enabled": true,
           "eprice_exp_base": 1.7488999913677474,
           "eprice_pprice_diff": 0.02640654045807997,
           "grid_span": 0.23601908960111087,
           "initial_eprice_ema_dist": -0.06203870761620143,
           "initial_qty_pct": 0.09709566877805884,
           "markup_range": 0.03310732331581014,
           "max_n_entry_orders": 10,
           "min_markup": 0.04889400600211198,
           "n_close_orders": 6,
           "secondary_allocation": 0.47570747231781635,
           "secondary_pprice_diff": 0.24213378791904244,
           "wallet_exposure_limit": 0.14776768364933343}}