{"config_name": "static_grid_STORJUSDT_287days",
 "logging_level": 0,
 "long": {"auto_unstuck_ema_dist": 0.04561996975887451,
          "auto_unstuck_wallet_exposure_threshold": 0.6557579516834922,
          "ema_span_0": 1588.6464028098965,
          "ema_span_1": 1560.376980424597,
          "enabled": true,
          "eprice_exp_base": 1.4445842757305511,
          "eprice_pprice_diff": 0.04609439845039897,
          "grid_span": 0.47543916048315876,
          "initial_eprice_ema_dist": -0.032449022293758914,
          "initial_qty_pct": 0.06065364878155178,
          "markup_range": 0.009731070234951742,
          "max_n_entry_orders": 10,
          "min_markup": 0.05501619905425429,
          "n_close_orders": 10,
          "secondary_allocation": 0.692989952934341,
          "secondary_pprice_diff": 0.41179229695639147,
          "wallet_exposure_limit": 0.08},
 "short": {"auto_unstuck_ema_dist": 0.09145732230740808,
           "auto_unstuck_wallet_exposure_threshold": 0.7536705024523883,
           "ema_span_0": 514.815625077188,
           "ema_span_1": 9299.10542980533,
           "enabled": true,
           "eprice_exp_base": 1.079549343303118,
           "eprice_pprice_diff": 0.04198595587139954,
           "grid_span": 0.5244215841084839,
           "initial_eprice_ema_dist": -0.047004752875823584,
           "initial_qty_pct": 0.07457011070691454,
           "markup_range": 0.06,
           "max_n_entry_orders": 10,
           "min_markup": 0.035837425425502493,
           "n_close_orders": 5,
           "secondary_allocation": 0.331825680506494,
           "secondary_pprice_diff": 0.4092929934155994,
           "wallet_exposure_limit": 0.025}}