{"config_name": "recursive_grid_STORJUSDT_278days",
 "logging_level": 0,
 "long": {"auto_unstuck_ema_dist": 0.043422329343024056,
          "auto_unstuck_wallet_exposure_threshold": 0.07591117274635764,
          "ddown_factor": 1.206780847449594,
          "ema_span_0": 1310.062478253413,
          "ema_span_1": 1873.9733957502867,
          "enabled": true,
          "initial_eprice_ema_dist": -0.0075404359137592695,
          "initial_qty_pct": 0.05,
          "markup_range": 0.016931525777863853,
          "min_markup": 0.059336341381567986,
          "n_close_orders": 12,
          "rentry_pprice_dist": 0.03822017261973086,
          "rentry_pprice_dist_wallet_exposure_weighting": 60.574955074843835,
          "wallet_exposure_limit": 0.19951322449583592},
 "short": {"auto_unstuck_ema_dist": 0.09979412260495753,
           "auto_unstuck_wallet_exposure_threshold": 0.6996176975308036,
           "ddown_factor": 0.9026454392883756,
           "ema_span_0": 696.8656103170084,
           "ema_span_1": 9334.383340859207,
           "enabled": true,
           "initial_eprice_ema_dist": -0.04813212202977348,
           "initial_qty_pct": 0.08066804967931816,
           "markup_range": 0.005786306309858536,
           "min_markup": 0.036791663490815966,
           "n_close_orders": 13,
           "rentry_pprice_dist": 0.04981961681386238,
           "rentry_pprice_dist_wallet_exposure_weighting": 4.018049891699659,
           "wallet_exposure_limit": 0.18976380679430743}}