{"config_name": "recursive_grid_STORJUSDT_198days",
 "logging_level": 0,
 "long": {"auto_unstuck_ema_dist": 0.45367976623991174,
          "auto_unstuck_wallet_exposure_threshold": 0.1539834006218073,
          "ddown_factor": 1.948471277605249,
          "ema_span_0": 10080,
          "ema_span_1": 587.6301608360853,
          "enabled": true,
          "initial_eprice_ema_dist": 0.08103484397127636,
          "initial_qty_pct": 0.03830447903504746,
          "markup_range": 0.05,
          "min_markup": 0.047525458793633596,
          "n_close_orders": 8,
          "rentry_pprice_dist": 0.02721957861280226,
          "rentry_pprice_dist_wallet_exposure_weighting": 53.84067854243347,
          "wallet_exposure_limit": 0.1},
 "short": {"auto_unstuck_ema_dist": 0.16294686108635326,
           "auto_unstuck_wallet_exposure_threshold": 0.19691416805579082,
           "ddown_factor": 2.4143882775670362,
           "ema_span_0": 10080,
           "ema_span_1": 4143.51022085112,
           "enabled": true,
           "initial_eprice_ema_dist": 0.0819079220468247,
           "initial_qty_pct": 0.0891531309565704,
           "markup_range": 0.04350528054711027,
           "min_markup": 0.05,
           "n_close_orders": 10,
           "rentry_pprice_dist": 0.02288866113258939,
           "rentry_pprice_dist_wallet_exposure_weighting": 53.1716167321072,
           "wallet_exposure_limit": 0.1}}