{"config_name": "recursive_grid_SUSHIUSDT_198days",
 "logging_level": 0,
 "long": {"auto_unstuck_ema_dist": 0.49617766635492144,
          "auto_unstuck_wallet_exposure_threshold": 0.0876145686181149,
          "ddown_factor": 2.3645899370595713,
          "ema_span_0": 1268.3273279397483,
          "ema_span_1": 5673.568386344955,
          "enabled": true,
          "initial_eprice_ema_dist": -0.08112981393821872,
          "initial_qty_pct": 0.0015294796919446212,
          "markup_range": 0.021453117478290457,
          "min_markup": 0.04895786184635695,
          "n_close_orders": 11,
          "rentry_pprice_dist": 0.04622255070041724,
          "rentry_pprice_dist_wallet_exposure_weighting": 53.65297085994662,
          "wallet_exposure_limit": 0.1},
 "short": {"auto_unstuck_ema_dist": 0.24101995825014338,
           "auto_unstuck_wallet_exposure_threshold": 0.11225162751169787,
           "ddown_factor": 2.7155245422793737,
           "ema_span_0": 712.6617966653735,
           "ema_span_1": 8143.877915705536,
           "enabled": true,
           "initial_eprice_ema_dist": 0.026974371218550897,
           "initial_qty_pct": 0.050442641512335774,
           "markup_range": 0.04985480280074071,
           "min_markup": 0.03916974231218144,
           "n_close_orders": 12,
           "rentry_pprice_dist": 0.03631441115095435,
           "rentry_pprice_dist_wallet_exposure_weighting": 59.29208443347968,
           "wallet_exposure_limit": 0.1}}