{"config_name": "static_grid_SUSHIUSDT_278days",
 "logging_level": 0,
 "long": {"auto_unstuck_ema_dist": 0.051840055613077085,
          "auto_unstuck_wallet_exposure_threshold": 0.7193668253447439,
          "ema_span_0": 752.0556279366864,
          "ema_span_1": 2965.28438916629,
          "enabled": true,
          "eprice_exp_base": 1.028621537479011,
          "eprice_pprice_diff": 0.03487822079588667,
          "grid_span": 0.11029507999359725,
          "initial_eprice_ema_dist": -0.011332810468225157,
          "initial_qty_pct": 0.06933564287311977,
          "markup_range": 0.050184234902308784,
          "max_n_entry_orders": 10,
          "min_markup": 0.04528118674882659,
          "n_close_orders": 4,
          "secondary_allocation": 0.21992913947155837,
          "secondary_pprice_diff": 0.2697715030649002,
          "wallet_exposure_limit": 0.08},
 "short": {"auto_unstuck_ema_dist": 0.06331152839407532,
           "auto_unstuck_wallet_exposure_threshold": 0,
           "ema_span_0": 1916.2204734468226,
           "ema_span_1": 7158.266286625607,
           "enabled": true,
           "eprice_exp_base": 1.7732564851742125,
           "eprice_pprice_diff": 0.04190019681117091,
           "grid_span": 0.6268399637440116,
           "initial_eprice_ema_dist": -0.04699613084169056,
           "initial_qty_pct": 0.06920828567035822,
           "markup_range": 0.06,
           "max_n_entry_orders": 10,
           "min_markup": 0.06,
           "n_close_orders": 13,
           "secondary_allocation": 0.5667176258718268,
           "secondary_pprice_diff": 0.4812037934176322,
           "wallet_exposure_limit": 0.025}}