{"config_name": "recursive_grid_SXPUSDT_278days",
 "logging_level": 0,
 "long": {"auto_unstuck_ema_dist": 0.05494139948762386,
          "auto_unstuck_wallet_exposure_threshold": 0.7519465801174474,
          "ddown_factor": 1.2342920157629107,
          "ema_span_0": 2540.610564553913,
          "ema_span_1": 3220.880394101526,
          "enabled": true,
          "initial_eprice_ema_dist": -0.0032239732162321066,
          "initial_qty_pct": 0.059199054600194916,
          "markup_range": 0.034242623680664816,
          "min_markup": 0.06,
          "n_close_orders": 14,
          "rentry_pprice_dist": 0.0131544571373432,
          "rentry_pprice_dist_wallet_exposure_weighting": 32.058141223373994,
          "wallet_exposure_limit": 0.11885290062976074},
 "short": {"auto_unstuck_ema_dist": 0.0897022358102541,
           "auto_unstuck_wallet_exposure_threshold": 0.1587733965854834,
           "ddown_factor": 0.7248722188119683,
           "ema_span_0": 2164.749778992205,
           "ema_span_1": 2427.174434502706,
           "enabled": true,
           "initial_eprice_ema_dist": -0.0041969643682903904,
           "initial_qty_pct": 0.08836271992858744,
           "markup_range": 0.053895602809218096,
           "min_markup": 0.06,
           "n_close_orders": 11,
           "rentry_pprice_dist": 0.007214002838945336,
           "rentry_pprice_dist_wallet_exposure_weighting": 50.15004097357263,
           "wallet_exposure_limit": 0.2}}