{"config_name": "static_grid_SXPUSDT_198days",
 "logging_level": 0,
 "long": {"auto_unstuck_ema_dist": 0.07168764136704517,
          "auto_unstuck_wallet_exposure_threshold": 0,
          "ema_span_0": 3895.1805386042683,
          "ema_span_1": 7511.997746866218,
          "enabled": true,
          "eprice_exp_base": 1.3439101646485085,
          "eprice_pprice_diff": 0.010105031657805609,
          "grid_span": 0.30194681262549805,
          "initial_eprice_ema_dist": -0.02469342834950763,
          "initial_qty_pct": 0.05953691549973335,
          "markup_range": 0.046957686253497576,
          "max_n_entry_orders": 10,
          "min_markup": 0.008936353035105449,
          "n_close_orders": 5,
          "secondary_allocation": 0.5393079376437317,
          "secondary_pprice_diff": 0.2858645306696979,
          "wallet_exposure_limit": 0.1},
 "short": {"auto_unstuck_ema_dist": 0.09848329588745383,
           "auto_unstuck_wallet_exposure_threshold": 0.10382179075579019,
           "ema_span_0": 376.9904099266785,
           "ema_span_1": 8399.274399317499,
           "enabled": true,
           "eprice_exp_base": 1.8759181516405246,
           "eprice_pprice_diff": 0.010398198901225475,
           "grid_span": 0.21678214351496064,
           "initial_eprice_ema_dist": -0.1,
           "initial_qty_pct": 0.09731206431902727,
           "markup_range": 0.03605285079208105,
           "max_n_entry_orders": 10,
           "min_markup": 0.04717815372610888,
           "n_close_orders": 13,
           "secondary_allocation": 0.06131088983896113,
           "secondary_pprice_diff": 0.35367637845231276,
           "wallet_exposure_limit": 0.130827184985902}}