{"config_name": "recursive_grid_SXPUSDT_198days",
 "logging_level": 0,
 "long": {"auto_unstuck_ema_dist": 0.11347269917166948,
          "auto_unstuck_wallet_exposure_threshold": 0.1686465266923779,
          "ddown_factor": 1.7230438031997743,
          "ema_span_0": 405.11428982826124,
          "ema_span_1": 1670.482228242753,
          "enabled": true,
          "initial_eprice_ema_dist": 0.088646975935357,
          "initial_qty_pct": 0.044095632863542324,
          "markup_range": 0.049078336841499336,
          "min_markup": 0.05,
          "n_close_orders": 5,
          "rentry_pprice_dist": 0.043607312503418566,
          "rentry_pprice_dist_wallet_exposure_weighting": 5.726092355228048,
          "wallet_exposure_limit": 0.1},
 "short": {"auto_unstuck_ema_dist": 0.3592396691129494,
           "auto_unstuck_wallet_exposure_threshold": 0.2433343623969025,
           "ddown_factor": 2.092500393722734,
           "ema_span_0": 4494.688127985857,
           "ema_span_1": 9264.554051610941,
           "enabled": true,
           "initial_eprice_ema_dist": -0.08701524372567201,
           "initial_qty_pct": 0.03747268765423627,
           "markup_range": 0.016221272984917202,
           "min_markup": 0.03143119493512035,
           "n_close_orders": 5,
           "rentry_pprice_dist": 0.04501902545296717,
           "rentry_pprice_dist_wallet_exposure_weighting": 36.48207099663529,
           "wallet_exposure_limit": 0.1}}