{"config_name": "recursive_grid_THETAUSDT_278days",
 "logging_level": 0,
 "long": {"auto_unstuck_ema_dist": 0.0469581942421537,
          "auto_unstuck_wallet_exposure_threshold": 0.8756969509932921,
          "ddown_factor": 3,
          "ema_span_0": 949.1212650341996,
          "ema_span_1": 8051.912101992293,
          "enabled": true,
          "initial_eprice_ema_dist": -0.03968547121331764,
          "initial_qty_pct": 0.06264011776531833,
          "markup_range": 0.05543732374628164,
          "min_markup": 0.06,
          "n_close_orders": 5,
          "rentry_pprice_dist": 0.049352976442437003,
          "rentry_pprice_dist_wallet_exposure_weighting": 89.28949491282994,
          "wallet_exposure_limit": 0.15462541796557328},
 "short": {"auto_unstuck_ema_dist": 0.09127403145263657,
           "auto_unstuck_wallet_exposure_threshold": 0.5821537271913239,
           "ddown_factor": 1.837158573242729,
           "ema_span_0": 1377.7079280936314,
           "ema_span_1": 8912.476193190734,
           "enabled": true,
           "initial_eprice_ema_dist": -0.07760791724506906,
           "initial_qty_pct": 0.09891273760547835,
           "markup_range": 0.03540138363550279,
           "min_markup": 0.04643707401406969,
           "n_close_orders": 5,
           "rentry_pprice_dist": 0.022163642353243324,
           "rentry_pprice_dist_wallet_exposure_weighting": 12.520634584502544,
           "wallet_exposure_limit": 0.2}}