{"config_name": "recursive_grid_TLMUSDT_263days",
 "logging_level": 0,
 "long": {"auto_unstuck_ema_dist": 0.045178505679941715,
          "auto_unstuck_wallet_exposure_threshold": 0.4057214012253695,
          "ddown_factor": 0.8151901410657734,
          "ema_span_0": 519.3533485548095,
          "ema_span_1": 2603.37004870324,
          "enabled": true,
          "initial_eprice_ema_dist": -0.04367074474116384,
          "initial_qty_pct": 0.05422505491047417,
          "markup_range": 0.02964965206020466,
          "min_markup": 0.057297660386355996,
          "n_close_orders": 12,
          "rentry_pprice_dist": 0.012479702808521443,
          "rentry_pprice_dist_wallet_exposure_weighting": 10.410913298830975,
          "wallet_exposure_limit": 0.13098230287373594},
 "short": {"auto_unstuck_ema_dist": 0.08407643801476547,
           "auto_unstuck_wallet_exposure_threshold": 0.5115975181350747,
           "ddown_factor": 1.8088696947690819,
           "ema_span_0": 532.7609039262436,
           "ema_span_1": 1567.06661427177,
           "enabled": true,
           "initial_eprice_ema_dist": -0.0728809718258671,
           "initial_qty_pct": 0.07209740111140163,
           "markup_range": 0.035758115205837056,
           "min_markup": 0.027049221245180465,
           "n_close_orders": 9,
           "rentry_pprice_dist": 0.005767595317116405,
           "rentry_pprice_dist_wallet_exposure_weighting": 80.9385574847059,
           "wallet_exposure_limit": 0.2}}