{"config_name": "static_grid_TLMUSDT_218days",
 "logging_level": 0,
 "long": {"auto_unstuck_ema_dist": 0.05397061951541815,
          "auto_unstuck_wallet_exposure_threshold": 0.23294639697559436,
          "ema_span_0": 360,
          "ema_span_1": 2890.885203205282,
          "enabled": true,
          "eprice_exp_base": 1.7599489198122396,
          "eprice_pprice_diff": 0.024246229751162664,
          "grid_span": 0.4052749835035837,
          "initial_eprice_ema_dist": -0.010618147297080681,
          "initial_qty_pct": 0.0759830553059584,
          "markup_range": 0.03994604916627835,
          "max_n_entry_orders": 10,
          "min_markup": 0.043028770628186525,
          "n_close_orders": 11,
          "secondary_allocation": 0.5326865538840527,
          "secondary_pprice_diff": 0.39635769984933145,
          "wallet_exposure_limit": 0.1},
 "short": {"auto_unstuck_ema_dist": 0.0632915212563118,
           "auto_unstuck_wallet_exposure_threshold": 0.49882656282060134,
           "ema_span_0": 420.9208866193256,
           "ema_span_1": 1970.0226250013661,
           "enabled": true,
           "eprice_exp_base": 1.7859821232027984,
           "eprice_pprice_diff": 0.028842805360139785,
           "grid_span": 0.16204871211848593,
           "initial_eprice_ema_dist": -0.030719448843459746,
           "initial_qty_pct": 0.09463262178037501,
           "markup_range": 0.025649177932987533,
           "max_n_entry_orders": 10,
           "min_markup": 0.04038771388785319,
           "n_close_orders": 14,
           "secondary_allocation": 0.22553839513174265,
           "secondary_pprice_diff": 0.08987628218279596,
           "wallet_exposure_limit": 0.15}}