{"config_name": "static_grid_TOMOUSDT_213days",
 "logging_level": 0,
 "long": {"auto_unstuck_ema_dist": 0.04044081028330261,
          "auto_unstuck_wallet_exposure_threshold": 0.1842793041876574,
          "ema_span_0": 482.81465705652533,
          "ema_span_1": 2932.3677668918463,
          "enabled": true,
          "eprice_exp_base": 1.5948170892245588,
          "eprice_pprice_diff": 0.017159936132133013,
          "grid_span": 0.28738696551051146,
          "initial_eprice_ema_dist": -0.03078531767573521,
          "initial_qty_pct": 0.05,
          "markup_range": 0.0299351607505654,
          "max_n_entry_orders": 10,
          "min_markup": 0.041640431796319044,
          "n_close_orders": 10,
          "secondary_allocation": 0.1727920158070619,
          "secondary_pprice_diff": 0.13312475474929672,
          "wallet_exposure_limit": 0.1},
 "short": {"auto_unstuck_ema_dist": 0.05946902196458991,
           "auto_unstuck_wallet_exposure_threshold": 0.38478386723129127,
           "ema_span_0": 2189.399876547688,
           "ema_span_1": 6768.304492054309,
           "enabled": true,
           "eprice_exp_base": 1.947674777880751,
           "eprice_pprice_diff": 0.004254455159646674,
           "grid_span": 0.171643918878515,
           "initial_eprice_ema_dist": -0.002093365332145846,
           "initial_qty_pct": 0.09062894214203204,
           "markup_range": 0.0228650207976608,
           "max_n_entry_orders": 10,
           "min_markup": 0.034648941670057186,
           "n_close_orders": 7,
           "secondary_allocation": 0.04028406790684814,
           "secondary_pprice_diff": 0.0844604467389158,
           "wallet_exposure_limit": 0.14487349656634402}}