{"config_name": "recursive_grid_TOMOUSDT_278days",
 "logging_level": 0,
 "long": {"auto_unstuck_ema_dist": 0.033106147898942305,
          "auto_unstuck_wallet_exposure_threshold": 0.26325503233590386,
          "ddown_factor": 1.3975425892893043,
          "ema_span_0": 2609.8241067460135,
          "ema_span_1": 1720.0168595796554,
          "enabled": true,
          "initial_eprice_ema_dist": -0.02661592086760051,
          "initial_qty_pct": 0.05986732125413367,
          "markup_range": 0.030076313200006942,
          "min_markup": 0.053112013290012576,
          "n_close_orders": 11,
          "rentry_pprice_dist": 0.04117098256670299,
          "rentry_pprice_dist_wallet_exposure_weighting": 54.692690911941895,
          "wallet_exposure_limit": 0.188039239051339},
 "short": {"auto_unstuck_ema_dist": 0.1,
           "auto_unstuck_wallet_exposure_threshold": 0.003823841742026053,
           "ddown_factor": 2.6473120932664904,
           "ema_span_0": 2999.138287191557,
           "ema_span_1": 9231.314893806186,
           "enabled": true,
           "initial_eprice_ema_dist": -0.01243369840393365,
           "initial_qty_pct": 0.08152534698621586,
           "markup_range": 0.05909654494314092,
           "min_markup": 0.026183432306755933,
           "n_close_orders": 11,
           "rentry_pprice_dist": 0.032480895212447354,
           "rentry_pprice_dist_wallet_exposure_weighting": 5.566553295172312,
           "wallet_exposure_limit": 0.19778901807136784}}