{"config_name": "static_grid_TRBUSDT_213days",
 "logging_level": 0,
 "long": {"auto_unstuck_ema_dist": 0.04071012303725996,
          "auto_unstuck_wallet_exposure_threshold": 0.9381987992227543,
          "ema_span_0": 1385.032385989522,
          "ema_span_1": 2096.4058530244556,
          "enabled": true,
          "eprice_exp_base": 1.8619652233623298,
          "eprice_pprice_diff": 0.018464441863012326,
          "grid_span": 0.5212912646685368,
          "initial_eprice_ema_dist": -0.02854271864724659,
          "initial_qty_pct": 0.09279722838347565,
          "markup_range": 0.026280064116446334,
          "max_n_entry_orders": 10,
          "min_markup": 0.03919168283930652,
          "n_close_orders": 7,
          "secondary_allocation": 0.5263232798565485,
          "secondary_pprice_diff": 0.1847697951672415,
          "wallet_exposure_limit": 0.1},
 "short": {"auto_unstuck_ema_dist": 0.08966784365001788,
           "auto_unstuck_wallet_exposure_threshold": 0.32422878776590985,
           "ema_span_0": 528.45750173892,
           "ema_span_1": 7658.173798031543,
           "enabled": true,
           "eprice_exp_base": 1.1598227509411987,
           "eprice_pprice_diff": 0.0052046185842247366,
           "grid_span": 0.2450604548747023,
           "initial_eprice_ema_dist": -0.04938600864842562,
           "initial_qty_pct": 0.056701466401380185,
           "markup_range": 0.04863258695400541,
           "max_n_entry_orders": 10,
           "min_markup": 0.05,
           "n_close_orders": 4,
           "secondary_allocation": 0.1815878883361111,
           "secondary_pprice_diff": 0.10701574376957645,
           "wallet_exposure_limit": 0.14384459957441278}}