{"config_name": "recursive_grid_TRBUSDT_278days",
 "logging_level": 0,
 "long": {"auto_unstuck_ema_dist": 0.0476266367402969,
          "auto_unstuck_wallet_exposure_threshold": 0.6299195878359506,
          "ddown_factor": 2.713308415243237,
          "ema_span_0": 1603.378433919591,
          "ema_span_1": 3059.385970395503,
          "enabled": true,
          "initial_eprice_ema_dist": -0.024489742514747805,
          "initial_qty_pct": 0.08899275918874333,
          "markup_range": 0.03893200018061471,
          "min_markup": 0.056348957056343955,
          "n_close_orders": 13,
          "rentry_pprice_dist": 0.04376510676137647,
          "rentry_pprice_dist_wallet_exposure_weighting": 78.41156637815017,
          "wallet_exposure_limit": 0.13359579163847365},
 "short": {"auto_unstuck_ema_dist": 0.08635808560774591,
           "auto_unstuck_wallet_exposure_threshold": 0.20174998875592748,
           "ddown_factor": 2.612445200677355,
           "ema_span_0": 890.5639242690534,
           "ema_span_1": 8320.4811384766,
           "enabled": true,
           "initial_eprice_ema_dist": -0.0022994795319270624,
           "initial_qty_pct": 0.08500838549400619,
           "markup_range": 0.05792078043529079,
           "min_markup": 0.048632051650302724,
           "n_close_orders": 6,
           "rentry_pprice_dist": 0.024349392934766508,
           "rentry_pprice_dist_wallet_exposure_weighting": 21.151839423957263,
           "wallet_exposure_limit": 0.19774687826140586}}