{"config_name": "recursive_grid_TRXUSDT_278days",
 "logging_level": 0,
 "long": {"auto_unstuck_ema_dist": 0.04122964939398574,
          "auto_unstuck_wallet_exposure_threshold": 0.169135426987016,
          "ddown_factor": 2.756426096831448,
          "ema_span_0": 4008.4181518069404,
          "ema_span_1": 2802.25797125512,
          "enabled": true,
          "initial_eprice_ema_dist": -0.001952647962070388,
          "initial_qty_pct": 0.056441387804556056,
          "markup_range": 0.040578596042942235,
          "min_markup": 0.059894800816293677,
          "n_close_orders": 10,
          "rentry_pprice_dist": 0.038732708459306604,
          "rentry_pprice_dist_wallet_exposure_weighting": 27.815922432537228,
          "wallet_exposure_limit": 0.11184838397398278},
 "short": {"auto_unstuck_ema_dist": 0.053507022411582617,
           "auto_unstuck_wallet_exposure_threshold": 0.628931105754613,
           "ddown_factor": 2.6597729986344882,
           "ema_span_0": 835.1505246867407,
           "ema_span_1": 9947.437539395778,
           "enabled": true,
           "initial_eprice_ema_dist": -0.000438012611619861,
           "initial_qty_pct": 0.07540861929481203,
           "markup_range": 0.012597292497938088,
           "min_markup": 0.051898140926816376,
           "n_close_orders": 11,
           "rentry_pprice_dist": 0.02151383634825745,
           "rentry_pprice_dist_wallet_exposure_weighting": 13.000561121876215,
           "wallet_exposure_limit": 0.2}}