{"config_name": "recursive_grid_UNFIUSDT_278days",
 "logging_level": 0,
 "long": {"auto_unstuck_ema_dist": 0.08532183741337976,
          "auto_unstuck_wallet_exposure_threshold": 0.21529713953028412,
          "ddown_factor": 1.862758898334134,
          "ema_span_0": 1442.5409919500273,
          "ema_span_1": 9269.27515719652,
          "enabled": true,
          "initial_eprice_ema_dist": -0.03633562269796841,
          "initial_qty_pct": 0.08947443937638086,
          "markup_range": 0.05198301940441534,
          "min_markup": 0.058469219710173555,
          "n_close_orders": 5,
          "rentry_pprice_dist": 0.007892364895433686,
          "rentry_pprice_dist_wallet_exposure_weighting": 3.202717973740694,
          "wallet_exposure_limit": 0.16756312240564558},
 "short": {"auto_unstuck_ema_dist": 0.1,
           "auto_unstuck_wallet_exposure_threshold": 0.2972622435591512,
           "ddown_factor": 0.23314573051546694,
           "ema_span_0": 2700.571447297215,
           "ema_span_1": 8777.073849727523,
           "enabled": true,
           "initial_eprice_ema_dist": -0.003313240014045271,
           "initial_qty_pct": 0.0947069272674843,
           "markup_range": 0.05121102083486977,
           "min_markup": 0.04221079201820591,
           "n_close_orders": 6,
           "rentry_pprice_dist": 0.009329553417887649,
           "rentry_pprice_dist_wallet_exposure_weighting": 67.16654799454278,
           "wallet_exposure_limit": 0.19535551261636244}}