{"config_name": "static_grid_UNFIUSDT_213days",
 "logging_level": 0,
 "long": {"auto_unstuck_ema_dist": 0.04540522692270115,
          "auto_unstuck_wallet_exposure_threshold": 0.3144873162004469,
          "ema_span_0": 2997.0413978222828,
          "ema_span_1": 4610.536649070125,
          "enabled": true,
          "eprice_exp_base": 2.0006062059504988,
          "eprice_pprice_diff": 0.017972030986072543,
          "grid_span": 0.30155866020381644,
          "initial_eprice_ema_dist": -0.035138402296923485,
          "initial_qty_pct": 0.08167446007726738,
          "markup_range": 0.03379005591588683,
          "max_n_entry_orders": 10,
          "min_markup": 0.05,
          "n_close_orders": 10,
          "secondary_allocation": 0.42561000545957706,
          "secondary_pprice_diff": 0.32816175006123505,
          "wallet_exposure_limit": 0.1},
 "short": {"auto_unstuck_ema_dist": 0.09329087541259283,
           "auto_unstuck_wallet_exposure_threshold": 0.6211261124909159,
           "ema_span_0": 2579.7620143072454,
           "ema_span_1": 8820.563704791797,
           "enabled": true,
           "eprice_exp_base": 1.3874725394210559,
           "eprice_pprice_diff": 0.009434306282962712,
           "grid_span": 0.3622321767369927,
           "initial_eprice_ema_dist": -0.0035900859200529447,
           "initial_qty_pct": 0.07072568768212778,
           "markup_range": 0.05,
           "max_n_entry_orders": 10,
           "min_markup": 0.04244077627956524,
           "n_close_orders": 5,
           "secondary_allocation": 0.4779681107028186,
           "secondary_pprice_diff": 0.29690515192472094,
           "wallet_exposure_limit": 0.14156302206806534}}