{"config_name": "static_grid_UNFIUSDT_213days",
 "logging_level": 0,
 "long": {"auto_unstuck_ema_dist": 0.045309296620131445,
          "auto_unstuck_wallet_exposure_threshold": 0.6491820854689679,
          "ema_span_0": 3071.793067073445,
          "ema_span_1": 4610.536649070125,
          "enabled": true,
          "eprice_exp_base": 1.8889744914277204,
          "eprice_pprice_diff": 0.017672651815297723,
          "grid_span": 0.3109499197166168,
          "initial_eprice_ema_dist": -0.035001054319123925,
          "initial_qty_pct": 0.08479147099761278,
          "markup_range": 0.032888473953427755,
          "max_n_entry_orders": 10,
          "min_markup": 0.048720838924291215,
          "n_close_orders": 8,
          "secondary_allocation": 0.569246169897151,
          "secondary_pprice_diff": 0.15424381749486205,
          "wallet_exposure_limit": 0.1},
 "short": {"auto_unstuck_ema_dist": 0.09297167441887011,
           "auto_unstuck_wallet_exposure_threshold": 0.8594524383035915,
           "ema_span_0": 2640.166065975197,
           "ema_span_1": 8820.563704791797,
           "enabled": true,
           "eprice_exp_base": 1.6271346688206452,
           "eprice_pprice_diff": 0.03886016486545135,
           "grid_span": 0.6455956691300537,
           "initial_eprice_ema_dist": -0.005987522993708604,
           "initial_qty_pct": 0.0692840263077628,
           "markup_range": 0.048428697177752875,
           "max_n_entry_orders": 10,
           "min_markup": 0.04175585397489675,
           "n_close_orders": 8,
           "secondary_allocation": 0.16442089268844978,
           "secondary_pprice_diff": 0.10713149548589372,
           "wallet_exposure_limit": 0.14321018786184223}}