{"config_name": "static_grid_UNIUSDT_218days",
 "logging_level": 0,
 "long": {"auto_unstuck_ema_dist": 0.04515211905454804,
          "auto_unstuck_wallet_exposure_threshold": 0.7502802464023947,
          "ema_span_0": 1296.699942647846,
          "ema_span_1": 8073.917712986838,
          "enabled": true,
          "eprice_exp_base": 1.5150754027936522,
          "eprice_pprice_diff": 0.015816912338069266,
          "grid_span": 0.4666573218866213,
          "initial_eprice_ema_dist": -0.001898703567234183,
          "initial_qty_pct": 0.0662121966027841,
          "markup_range": 0.040252450165240386,
          "max_n_entry_orders": 10,
          "min_markup": 0.03685060216762176,
          "n_close_orders": 7,
          "secondary_allocation": 0.17895130138337964,
          "secondary_pprice_diff": 0.4200758211156969,
          "wallet_exposure_limit": 0.1},
 "short": {"auto_unstuck_ema_dist": 0.07382784956177135,
           "auto_unstuck_wallet_exposure_threshold": 0.8514976197987207,
           "ema_span_0": 2920.9151597556574,
           "ema_span_1": 9395.120307647856,
           "enabled": true,
           "eprice_exp_base": 1.799408491988722,
           "eprice_pprice_diff": 0.036418845067099616,
           "grid_span": 0.3993571494395003,
           "initial_eprice_ema_dist": -0.07214372220644989,
           "initial_qty_pct": 0.05399006034843797,
           "markup_range": 0.02375332600421461,
           "max_n_entry_orders": 10,
           "min_markup": 0.04373014907884886,
           "n_close_orders": 5,
           "secondary_allocation": 0.042614053299104476,
           "secondary_pprice_diff": 0.05,
           "wallet_exposure_limit": 0.12901488089188867}}