{"config_name": "recursive_grid_VETUSDT_198days",
 "logging_level": 0,
 "long": {"auto_unstuck_ema_dist": 0.45394676261753125,
          "auto_unstuck_wallet_exposure_threshold": 0.0860144018628925,
          "ddown_factor": 1.0965879983416278,
          "ema_span_0": 517.4269504495902,
          "ema_span_1": 6437.3980309683575,
          "enabled": true,
          "initial_eprice_ema_dist": 0.07837481109428449,
          "initial_qty_pct": 0.0602782848701804,
          "markup_range": 0.008436207873532973,
          "min_markup": 0.04699067852963955,
          "n_close_orders": 6,
          "rentry_pprice_dist": 0.04340680752363387,
          "rentry_pprice_dist_wallet_exposure_weighting": 6.971736750913735,
          "wallet_exposure_limit": 0.1},
 "short": {"auto_unstuck_ema_dist": 0.07806764727685021,
           "auto_unstuck_wallet_exposure_threshold": 0.7069013343912323,
           "ddown_factor": 2.317902041147752,
           "ema_span_0": 5411.6925496671465,
           "ema_span_1": 10080,
           "enabled": true,
           "initial_eprice_ema_dist": -0.06432365641457137,
           "initial_qty_pct": 0.1,
           "markup_range": 0.03748415556096053,
           "min_markup": 0.015144524644475582,
           "n_close_orders": 11,
           "rentry_pprice_dist": 0.04561466558931323,
           "rentry_pprice_dist_wallet_exposure_weighting": 14.226841417301564,
           "wallet_exposure_limit": 0.1}}