{"config_name": "recursive_grid_VETUSDT_278days",
 "logging_level": 0,
 "long": {"auto_unstuck_ema_dist": 0.051472200449976566,
          "auto_unstuck_wallet_exposure_threshold": 0.012919969583845819,
          "ddown_factor": 2.9667706609103788,
          "ema_span_0": 1479.7057931249951,
          "ema_span_1": 1446.2571364451253,
          "enabled": true,
          "initial_eprice_ema_dist": -0.04793931278874067,
          "initial_qty_pct": 0.052944941793248095,
          "markup_range": 0.04507054936461317,
          "min_markup": 0.06,
          "n_close_orders": 9,
          "rentry_pprice_dist": 0.02697003186872859,
          "rentry_pprice_dist_wallet_exposure_weighting": 54.84357045961487,
          "wallet_exposure_limit": 0.15598751686586987},
 "short": {"auto_unstuck_ema_dist": 0.08929118183617153,
           "auto_unstuck_wallet_exposure_threshold": 0.3140857138528046,
           "ddown_factor": 0.48934294786286703,
           "ema_span_0": 4151.9419263299915,
           "ema_span_1": 9388.046206514793,
           "enabled": true,
           "initial_eprice_ema_dist": -0.062271518823348825,
           "initial_qty_pct": 0.08680984907232896,
           "markup_range": 0.01234023745677266,
           "min_markup": 0.032384041386945395,
           "n_close_orders": 9,
           "rentry_pprice_dist": 0.012380515067308617,
           "rentry_pprice_dist_wallet_exposure_weighting": 78.63375879510575,
           "wallet_exposure_limit": 0.1998433102055295}}