{"config_name": "static_grid_VETUSDT_213days",
 "logging_level": 0,
 "long": {"auto_unstuck_ema_dist": 0.04407745318416489,
          "auto_unstuck_wallet_exposure_threshold": 0.20258307635845277,
          "ema_span_0": 766.7038179391395,
          "ema_span_1": 4519.747472747441,
          "enabled": true,
          "eprice_exp_base": 1.0665160310494872,
          "eprice_pprice_diff": 0.038304385442272534,
          "grid_span": 0.29698835641177246,
          "initial_eprice_ema_dist": -0.03370284838630595,
          "initial_qty_pct": 0.09877512392863451,
          "markup_range": 0.038310379003041774,
          "max_n_entry_orders": 10,
          "min_markup": 0.040784640944082344,
          "n_close_orders": 6,
          "secondary_allocation": 0.39814070633505005,
          "secondary_pprice_diff": 0.19786767661180557,
          "wallet_exposure_limit": 0.1},
 "short": {"auto_unstuck_ema_dist": 0.08032556856851501,
           "auto_unstuck_wallet_exposure_threshold": 0.20381171203919826,
           "ema_span_0": 2480.0338338697607,
           "ema_span_1": 9849.937995192358,
           "enabled": true,
           "eprice_exp_base": 1.667761426108751,
           "eprice_pprice_diff": 0.039843434331853195,
           "grid_span": 0.2585336397355302,
           "initial_eprice_ema_dist": -0.06549069300359732,
           "initial_qty_pct": 0.08934445036985263,
           "markup_range": 0.027364422184052318,
           "max_n_entry_orders": 10,
           "min_markup": 0.04431384796235767,
           "n_close_orders": 5,
           "secondary_allocation": 0.35054190979440425,
           "secondary_pprice_diff": 0.2658000454985937,
           "wallet_exposure_limit": 0.10457712794525591}}