{"config_name": "recursive_grid_WAVESUSDT_198days",
 "logging_level": 0,
 "long": {"auto_unstuck_ema_dist": 0.47186659780620815,
          "auto_unstuck_wallet_exposure_threshold": 0.0002814888510998799,
          "ddown_factor": 1.282206929383575,
          "ema_span_0": 9858.880083842436,
          "ema_span_1": 9684.38390269328,
          "enabled": true,
          "initial_eprice_ema_dist": 0.09103468303780816,
          "initial_qty_pct": 0.07263871822403696,
          "markup_range": 0.05,
          "min_markup": 0.049178338954560384,
          "n_close_orders": 4,
          "rentry_pprice_dist": 0.005666246176700242,
          "rentry_pprice_dist_wallet_exposure_weighting": 47.32598058823747,
          "wallet_exposure_limit": 0.1},
 "short": {"auto_unstuck_ema_dist": 0.04781678440671957,
           "auto_unstuck_wallet_exposure_threshold": 9.166285136372535e-05,
           "ddown_factor": 0.5841980003914646,
           "ema_span_0": 8362.39386516352,
           "ema_span_1": 10072.59567370887,
           "enabled": true,
           "initial_eprice_ema_dist": -0.015161389752896296,
           "initial_qty_pct": 0.051613438477422474,
           "markup_range": 0.05,
           "min_markup": 0.05,
           "n_close_orders": 10,
           "rentry_pprice_dist": 0.019094906822243768,
           "rentry_pprice_dist_wallet_exposure_weighting": 25.83003272860654,
           "wallet_exposure_limit": 0.1}}