{"config_name": "static_grid_WAVESUSDT_239days",
 "logging_level": 0,
 "long": {"auto_unstuck_ema_dist": 0.07687168674184759,
          "auto_unstuck_wallet_exposure_threshold": 0.015458381976916964,
          "ema_span_0": 3967.962036654149,
          "ema_span_1": 5104.896138995803,
          "enabled": true,
          "eprice_exp_base": 1.0553214998938398,
          "eprice_pprice_diff": 0.0029041291754910306,
          "grid_span": 0.5342913245883455,
          "initial_eprice_ema_dist": -0.024665152939713247,
          "initial_qty_pct": 0.05744462347990328,
          "markup_range": 0.058793044718053265,
          "max_n_entry_orders": 10,
          "min_markup": 0.058139871894377214,
          "n_close_orders": 4,
          "secondary_allocation": 0.1279709115342068,
          "secondary_pprice_diff": 0.3610192000414207,
          "wallet_exposure_limit": 0.08},
 "short": {"auto_unstuck_ema_dist": 0.053846367229358066,
           "auto_unstuck_wallet_exposure_threshold": 0.08326396915693796,
           "ema_span_0": 1892.1651785092697,
           "ema_span_1": 5676.816586857149,
           "enabled": true,
           "eprice_exp_base": 1.3124866309653138,
           "eprice_pprice_diff": 0.02102376595971474,
           "grid_span": 0.2216084553262508,
           "initial_eprice_ema_dist": -0.009301595001094731,
           "initial_qty_pct": 0.09238155544660648,
           "markup_range": 0.051944832189678616,
           "max_n_entry_orders": 10,
           "min_markup": 0.017449627180788813,
           "n_close_orders": 12,
           "secondary_allocation": 0.1791225153971032,
           "secondary_pprice_diff": 0.3825642747802092,
           "wallet_exposure_limit": 0.025}}