{"config_name": "recursive_grid_WAVESUSDT_278days",
 "logging_level": 0,
 "long": {"auto_unstuck_ema_dist": 0.05659388489532768,
          "auto_unstuck_wallet_exposure_threshold": 0.020910969206762713,
          "ddown_factor": 2.106801890218382,
          "ema_span_0": 1036.3430279039853,
          "ema_span_1": 8243.737152401023,
          "enabled": true,
          "initial_eprice_ema_dist": -0.058759554571730155,
          "initial_qty_pct": 0.09313606856342241,
          "markup_range": 0.05908843142168365,
          "min_markup": 0.055071869255726096,
          "n_close_orders": 4,
          "rentry_pprice_dist": 0.049321143008752136,
          "rentry_pprice_dist_wallet_exposure_weighting": 65.80436675177718,
          "wallet_exposure_limit": 0.15814790274948884},
 "short": {"auto_unstuck_ema_dist": 0.052090655741785515,
           "auto_unstuck_wallet_exposure_threshold": 0.003321467353666341,
           "ddown_factor": 2.5259501761258045,
           "ema_span_0": 1559.7398129726123,
           "ema_span_1": 5792.928986798882,
           "enabled": true,
           "initial_eprice_ema_dist": -0.005010455487733739,
           "initial_qty_pct": 0.05610328201549259,
           "markup_range": 0.0501717554529814,
           "min_markup": 0.0325810334901183,
           "n_close_orders": 7,
           "rentry_pprice_dist": 0.022437031054546086,
           "rentry_pprice_dist_wallet_exposure_weighting": 37.22324417642028,
           "wallet_exposure_limit": 0.198307774277504}}