{"config_name": "static_grid_XLMUSDT_278days",
 "logging_level": 0,
 "long": {"auto_unstuck_ema_dist": 0.033934184465497494,
          "auto_unstuck_wallet_exposure_threshold": 0.21338632780176545,
          "ema_span_0": 1377.6658232519067,
          "ema_span_1": 3758.634981916516,
          "enabled": true,
          "eprice_exp_base": 1.1074421149608722,
          "eprice_pprice_diff": 0.011092322485979248,
          "grid_span": 0.34009769859175165,
          "initial_eprice_ema_dist": -0.02772540078915587,
          "initial_qty_pct": 0.06674206160006717,
          "markup_range": 0.011835804241330343,
          "max_n_entry_orders": 10,
          "min_markup": 0.018458297378776113,
          "n_close_orders": 12,
          "secondary_allocation": 0.42010378000012627,
          "secondary_pprice_diff": 0.07654220736454552,
          "wallet_exposure_limit": 0.08},
 "short": {"auto_unstuck_ema_dist": 0.0406686369622905,
           "auto_unstuck_wallet_exposure_threshold": 0.7285235322223367,
           "ema_span_0": 2261.422051542071,
           "ema_span_1": 10080,
           "enabled": true,
           "eprice_exp_base": 1.9437934908921806,
           "eprice_pprice_diff": 0.04323771060402854,
           "grid_span": 0.3998505687901993,
           "initial_eprice_ema_dist": -0.01909557199030583,
           "initial_qty_pct": 0.05229050409411839,
           "markup_range": 0.03973574370053729,
           "max_n_entry_orders": 10,
           "min_markup": 0.055925609839775514,
           "n_close_orders": 13,
           "secondary_allocation": 0.29315748338598113,
           "secondary_pprice_diff": 0.09571997195259108,
           "wallet_exposure_limit": 0.025}}