{"config_name": "recursive_grid_XLMUSDT_198days",
 "logging_level": 0,
 "long": {"auto_unstuck_ema_dist": 0.4311701356638173,
          "auto_unstuck_wallet_exposure_threshold": 0.15362094592980063,
          "ddown_factor": 2.619266029104346,
          "ema_span_0": 1451.6163565608972,
          "ema_span_1": 1884.3873300707949,
          "enabled": true,
          "initial_eprice_ema_dist": 0.07930386316520847,
          "initial_qty_pct": 0.06904778238420467,
          "markup_range": 0.027078422283671615,
          "min_markup": 0.05,
          "n_close_orders": 10,
          "rentry_pprice_dist": 0.03946386648296987,
          "rentry_pprice_dist_wallet_exposure_weighting": 15.162766472237806,
          "wallet_exposure_limit": 0.1},
 "short": {"auto_unstuck_ema_dist": 0.035190278387437234,
           "auto_unstuck_wallet_exposure_threshold": 0.14069210438251936,
           "ddown_factor": 2.23483418693798,
           "ema_span_0": 2758.709269302524,
           "ema_span_1": 2756.745398760199,
           "enabled": true,
           "initial_eprice_ema_dist": 0.07595074650008272,
           "initial_qty_pct": 0.0029206055153234763,
           "markup_range": 0.028905938329414724,
           "min_markup": 0.030445291085093265,
           "n_close_orders": 12,
           "rentry_pprice_dist": 0.042873285190698135,
           "rentry_pprice_dist_wallet_exposure_weighting": 69.27923996091303,
           "wallet_exposure_limit": 0.1}}