{"config_name": "static_grid_XLMUSDT_198days",
 "logging_level": 0,
 "long": {"auto_unstuck_ema_dist": 0.09878826488502557,
          "auto_unstuck_wallet_exposure_threshold": 0.1661043086929947,
          "ema_span_0": 1656.0272421941831,
          "ema_span_1": 6344.571050998153,
          "enabled": true,
          "eprice_exp_base": 1.4623007839549398,
          "eprice_pprice_diff": 0.005038117648179143,
          "grid_span": 0.3036895747044783,
          "initial_eprice_ema_dist": -0.0013166499721587463,
          "initial_qty_pct": 0.08217728007540655,
          "markup_range": 0.02554100208976579,
          "max_n_entry_orders": 10,
          "min_markup": 0.010711897066853073,
          "n_close_orders": 7,
          "secondary_allocation": 0.1819625315015533,
          "secondary_pprice_diff": 0.08238836002679498,
          "wallet_exposure_limit": 0.1},
 "short": {"auto_unstuck_ema_dist": 0.05197072119501792,
           "auto_unstuck_wallet_exposure_threshold": 0.03599728163994541,
           "ema_span_0": 3874.256235829703,
           "ema_span_1": 9573.335786577107,
           "enabled": true,
           "eprice_exp_base": 1.6651818929480637,
           "eprice_pprice_diff": 0.03567240450154727,
           "grid_span": 0.24501141178859182,
           "initial_eprice_ema_dist": -0.025731657046515675,
           "initial_qty_pct": 0.08457564795753093,
           "markup_range": 0.04892633190118282,
           "max_n_entry_orders": 10,
           "min_markup": 0.05,
           "n_close_orders": 8,
           "secondary_allocation": 0.39350397195525644,
           "secondary_pprice_diff": 0.12126038422041294,
           "wallet_exposure_limit": 0.13404957973061155}}