{"config_name": "static_grid_XMRUSDT_213days",
 "logging_level": 0,
 "long": {"auto_unstuck_ema_dist": 0.1,
          "auto_unstuck_wallet_exposure_threshold": 0.19915228707285837,
          "ema_span_0": 360,
          "ema_span_1": 7804.906485491599,
          "enabled": true,
          "eprice_exp_base": 2.0562223561185755,
          "eprice_pprice_diff": 0.01172565533211764,
          "grid_span": 0.2297124118362998,
          "initial_eprice_ema_dist": 0,
          "initial_qty_pct": 0.06071098977562809,
          "markup_range": 0.015176387839280438,
          "max_n_entry_orders": 10,
          "min_markup": 0.027101446659969157,
          "n_close_orders": 13,
          "secondary_allocation": 0.5974340573350393,
          "secondary_pprice_diff": 0.06828640388317539,
          "wallet_exposure_limit": 0.1},
 "short": {"auto_unstuck_ema_dist": 0.08408340876352126,
           "auto_unstuck_wallet_exposure_threshold": 0,
           "ema_span_0": 1730.104870422544,
           "ema_span_1": 9227.172931957144,
           "enabled": true,
           "eprice_exp_base": 1.7084510768638688,
           "eprice_pprice_diff": 0.029563031927333276,
           "grid_span": 0.2640427882484581,
           "initial_eprice_ema_dist": -0.018066986789666655,
           "initial_qty_pct": 0.06192519443369044,
           "markup_range": 0.03686852769895473,
           "max_n_entry_orders": 10,
           "min_markup": 0.02351809433403404,
           "n_close_orders": 5,
           "secondary_allocation": 0.6519356515944278,
           "secondary_pprice_diff": 0.08089767358054868,
           "wallet_exposure_limit": 0.1386521678168182}}