{"config_name": "recursive_grid_XMRUSDT_243days",
 "logging_level": 0,
 "long": {"auto_unstuck_ema_dist": 0.04147475211230783,
          "auto_unstuck_wallet_exposure_threshold": 0.05872258995155173,
          "ddown_factor": 2.4879308949541747,
          "ema_span_0": 3128.089564132951,
          "ema_span_1": 4791.791615416713,
          "enabled": true,
          "initial_eprice_ema_dist": -0.020890328514896753,
          "initial_qty_pct": 0.07885016253242115,
          "markup_range": 0.008739103038289567,
          "min_markup": 0.034635266492777324,
          "n_close_orders": 9,
          "rentry_pprice_dist": 0.04286406623720572,
          "rentry_pprice_dist_wallet_exposure_weighting": 18.509021989646335,
          "wallet_exposure_limit": 0.17965626775808843},
 "short": {"auto_unstuck_ema_dist": 0.09387646922750978,
           "auto_unstuck_wallet_exposure_threshold": 0.07250837706085568,
           "ddown_factor": 1.634024354834593,
           "ema_span_0": 3340.6266996124264,
           "ema_span_1": 8099.71856614566,
           "enabled": true,
           "initial_eprice_ema_dist": -0.014185359009669099,
           "initial_qty_pct": 0.08860423942747568,
           "markup_range": 0.025238030022281015,
           "min_markup": 0.025387760396120274,
           "n_close_orders": 7,
           "rentry_pprice_dist": 0.007515396864089351,
           "rentry_pprice_dist_wallet_exposure_weighting": 27.890836265875116,
           "wallet_exposure_limit": 0.2}}