{"config_name": "recursive_grid_XRPUSDT_198days",
 "logging_level": 0,
 "long": {"auto_unstuck_ema_dist": 0.26912082844592844,
          "auto_unstuck_wallet_exposure_threshold": 0.17798424392490778,
          "ddown_factor": 0.9036263412646461,
          "ema_span_0": 921.1933440990224,
          "ema_span_1": 2119.4419587281964,
          "enabled": true,
          "initial_eprice_ema_dist": 0.08605352486748208,
          "initial_qty_pct": 0.020293293420034265,
          "markup_range": 0.05,
          "min_markup": 0.04872446953046306,
          "n_close_orders": 4,
          "rentry_pprice_dist": 0.04638069547193898,
          "rentry_pprice_dist_wallet_exposure_weighting": 23.35187697969917,
          "wallet_exposure_limit": 0.1},
 "short": {"auto_unstuck_ema_dist": 0.3340837267207859,
           "auto_unstuck_wallet_exposure_threshold": 0.00287057787169831,
           "ddown_factor": 1.9305224694780607,
           "ema_span_0": 1561.7257686390992,
           "ema_span_1": 500.6098661936878,
           "enabled": true,
           "initial_eprice_ema_dist": 0.06932146271326688,
           "initial_qty_pct": 0.008226875167102667,
           "markup_range": 0.005531555868073182,
           "min_markup": 0.03701314415558975,
           "n_close_orders": 4,
           "rentry_pprice_dist": 0.018289823345247487,
           "rentry_pprice_dist_wallet_exposure_weighting": 66.56591394714977,
           "wallet_exposure_limit": 0.1}}