{"config_name": "static_grid_XRPUSDT_198days",
 "logging_level": 0,
 "long": {"auto_unstuck_ema_dist": 0.04975287940390831,
          "auto_unstuck_wallet_exposure_threshold": 0.15924110467080824,
          "ema_span_0": 3584.8865670754635,
          "ema_span_1": 3533.7537865075547,
          "enabled": true,
          "eprice_exp_base": 1.4649418718234162,
          "eprice_pprice_diff": 0.005560109015806561,
          "grid_span": 0.20245514076640142,
          "initial_eprice_ema_dist": -0.05987147747121591,
          "initial_qty_pct": 0.05475119464211523,
          "markup_range": 0.015730774034993972,
          "max_n_entry_orders": 10,
          "min_markup": 0.03962641236931098,
          "n_close_orders": 12,
          "secondary_allocation": 0.695697536922203,
          "secondary_pprice_diff": 0.28151054302424,
          "wallet_exposure_limit": 0.1},
 "short": {"auto_unstuck_ema_dist": 0.07816292709362876,
           "auto_unstuck_wallet_exposure_threshold": 0,
           "ema_span_0": 1179.0258067360758,
           "ema_span_1": 10078.989165195104,
           "enabled": true,
           "eprice_exp_base": 1.0500300539487741,
           "eprice_pprice_diff": 0.0050638774245052,
           "grid_span": 0.4480654595599219,
           "initial_eprice_ema_dist": -0.08786292411592499,
           "initial_qty_pct": 0.07825883795460223,
           "markup_range": 0.04551529360233562,
           "max_n_entry_orders": 10,
           "min_markup": 0.048817893364579756,
           "n_close_orders": 8,
           "secondary_allocation": 0.1507437821426615,
           "secondary_pprice_diff": 0.22662145868300704,
           "wallet_exposure_limit": 0.1448133720208818}}