{"config_name": "static_grid_XRPUSDT_243days",
 "logging_level": 0,
 "long": {"auto_unstuck_ema_dist": 0.032868077415064416,
          "auto_unstuck_wallet_exposure_threshold": 0.9080950347635484,
          "ema_span_0": 1672.2726989712914,
          "ema_span_1": 2457.003238490707,
          "enabled": true,
          "eprice_exp_base": 1.1386330267233715,
          "eprice_pprice_diff": 0.0028530914159590904,
          "grid_span": 0.5058365254552475,
          "initial_eprice_ema_dist": -0.020143127181463154,
          "initial_qty_pct": 0.0791427505572102,
          "markup_range": 0.013228977612394452,
          "max_n_entry_orders": 10,
          "min_markup": 0.06,
          "n_close_orders": 7,
          "secondary_allocation": 0.6091457507881477,
          "secondary_pprice_diff": 0.07311632850246604,
          "wallet_exposure_limit": 0.08},
 "short": {"auto_unstuck_ema_dist": 0.06467155540437511,
           "auto_unstuck_wallet_exposure_threshold": 0.8056110044943542,
           "ema_span_0": 2225.991009188026,
           "ema_span_1": 9768.227665955776,
           "enabled": true,
           "eprice_exp_base": 1.5887910227401438,
           "eprice_pprice_diff": 0.04395543203732884,
           "grid_span": 0.6010707271004467,
           "initial_eprice_ema_dist": -0.005811496618018703,
           "initial_qty_pct": 0.07812229355886444,
           "markup_range": 0.05740627598909537,
           "max_n_entry_orders": 10,
           "min_markup": 0.05740228186917029,
           "n_close_orders": 13,
           "secondary_allocation": 0.5209017962368212,
           "secondary_pprice_diff": 0.13472662237760483,
           "wallet_exposure_limit": 0.025}}