{"config_name": "long&short_binance_xrpusdt_176days_adg0.039%_bkr100.00%_eqbal93.16%",
 "logging_level": 0,
 "long": {"auto_unstuck_ema_dist": -0.009003630168226293,
          "auto_unstuck_wallet_exposure_threshold": 0.17160225912283333,
          "ema_span_max": 1639.69014216167,
          "ema_span_min": 360,
          "enabled": true,
          "eprice_exp_base": 1.1708395130513738,
          "eprice_pprice_diff": 0.01775857047452576,
          "grid_span": 0.6056535358173716,
          "initial_eprice_ema_dist": 0.05,
          "initial_qty_pct": 0.03504017852259281,
          "markup_range": 0.023359092397469187,
          "max_n_entry_orders": 9,
          "min_markup": 0.012824111134926538,
          "n_close_orders": 6,
          "secondary_allocation": 0,
          "secondary_pprice_diff": 0.05,
          "wallet_exposure_limit": 0.05},
 "short": {"auto_unstuck_ema_dist": 0.06930200497316555,
           "auto_unstuck_wallet_exposure_threshold": 0.10399342808754133,
           "ema_span_max": 360,
           "ema_span_min": 8214.604559743328,
           "enabled": true,
           "eprice_exp_base": 1.4281612901241738,
           "eprice_pprice_diff": 0.004871708391132782,
           "grid_span": 0.40309570999294714,
           "initial_eprice_ema_dist": -0.060565399763444765,
           "initial_qty_pct": 0.013592034271209188,
           "markup_range": 0.02924567260591747,
           "max_n_entry_orders": 14,
           "min_markup": 0.03788644818857791,
           "n_close_orders": 4,
           "secondary_allocation": 0,
           "secondary_pprice_diff": 0.05,
           "wallet_exposure_limit": 0.05}}