{"config_name": "recursive_grid_XRPUSDT_288days",
 "logging_level": 0,
 "long": {"auto_unstuck_ema_dist": 0.032673740248517796,
          "auto_unstuck_wallet_exposure_threshold": 0.6039394386720772,
          "ddown_factor": 2.8684153652497355,
          "ema_span_0": 2073.5142985035313,
          "ema_span_1": 9325.931380230832,
          "enabled": true,
          "initial_eprice_ema_dist": -0.005982120400942544,
          "initial_qty_pct": 0.08469202582920402,
          "markup_range": 0.031758665725088266,
          "min_markup": 0.06,
          "n_close_orders": 13,
          "rentry_pprice_dist": 0.04480268350821991,
          "rentry_pprice_dist_wallet_exposure_weighting": 11.523042249682684,
          "wallet_exposure_limit": 0.18625543830735047},
 "short": {"auto_unstuck_ema_dist": 0.07562017360746316,
           "auto_unstuck_wallet_exposure_threshold": 0.22257914139553642,
           "ddown_factor": 2.2696969509265355,
           "ema_span_0": 761.4589857115709,
           "ema_span_1": 10080,
           "enabled": true,
           "initial_eprice_ema_dist": -0.02591850336997422,
           "initial_qty_pct": 0.07915059201367672,
           "markup_range": 0.05158514101006461,
           "min_markup": 0.04077957117807825,
           "n_close_orders": 13,
           "rentry_pprice_dist": 0.03883526744811717,
           "rentry_pprice_dist_wallet_exposure_weighting": 16.560287089435377,
           "wallet_exposure_limit": 0.19927698092258786}}