{"config_name": "recursive_grid_XRPUSDT_243days",
 "logging_level": 0,
 "long": {"auto_unstuck_ema_dist": 0.04577709364965242,
          "auto_unstuck_wallet_exposure_threshold": 0.03740484468765379,
          "ddown_factor": 0.39671038379149903,
          "ema_span_0": 3172.65928545926,
          "ema_span_1": 7693.403045245439,
          "enabled": true,
          "initial_eprice_ema_dist": -0.0018443987537217878,
          "initial_qty_pct": 0.0908852832276081,
          "markup_range": 0.05975001936256454,
          "min_markup": 0.06,
          "n_close_orders": 6,
          "rentry_pprice_dist": 0.0422429932918907,
          "rentry_pprice_dist_wallet_exposure_weighting": 23.543148374016333,
          "wallet_exposure_limit": 0.17510618904207562},
 "short": {"auto_unstuck_ema_dist": 0.06695197066148241,
           "auto_unstuck_wallet_exposure_threshold": 0.13356784077514475,
           "ddown_factor": 0.09344766985271585,
           "ema_span_0": 1643.3298341608872,
           "ema_span_1": 9568.40431772459,
           "enabled": true,
           "initial_eprice_ema_dist": -0.006546729024574299,
           "initial_qty_pct": 0.09522964569413246,
           "markup_range": 0.05741733395100034,
           "min_markup": 0.05739709477024191,
           "n_close_orders": 12,
           "rentry_pprice_dist": 0.008908488714901745,
           "rentry_pprice_dist_wallet_exposure_weighting": 52.04085514877315,
           "wallet_exposure_limit": 0.19557308543957647}}