{"config_name": "recursive_grid_XTZUSDT_278days",
 "logging_level": 0,
 "long": {"auto_unstuck_ema_dist": 0.06741573797745118,
          "auto_unstuck_wallet_exposure_threshold": 0.04163822907787526,
          "ddown_factor": 1.2738737816283747,
          "ema_span_0": 3833.9854667441323,
          "ema_span_1": 5002.918775140569,
          "enabled": true,
          "initial_eprice_ema_dist": -0.05590216553275345,
          "initial_qty_pct": 0.06651522865919637,
          "markup_range": 0.04958794320686467,
          "min_markup": 0.01897100041050937,
          "n_close_orders": 11,
          "rentry_pprice_dist": 0.02268646986678578,
          "rentry_pprice_dist_wallet_exposure_weighting": 10.051462268259108,
          "wallet_exposure_limit": 0.18948529633960823},
 "short": {"auto_unstuck_ema_dist": 0.09207604381433943,
           "auto_unstuck_wallet_exposure_threshold": 0.3711623531257262,
           "ddown_factor": 2.386529684618243,
           "ema_span_0": 2633.547772963071,
           "ema_span_1": 8921.609056860414,
           "enabled": true,
           "initial_eprice_ema_dist": -0.000829504775291272,
           "initial_qty_pct": 0.05,
           "markup_range": 0.06,
           "min_markup": 0.04209376467821574,
           "n_close_orders": 11,
           "rentry_pprice_dist": 0.038971270488940724,
           "rentry_pprice_dist_wallet_exposure_weighting": 1.0570724882001854,
           "wallet_exposure_limit": 0.2}}