{"config_name": "longonly_binance_xtzusdt_198days_adg0.034%_bkr100.00%_eqbal91.79%",
 "logging_level": 0,
 "long": {"enabled": true,
          "eprice_exp_base": 1.618034,
          "eprice_pprice_diff": 0.006476017583043318,
          "grid_span": 0.22549724905096413,
          "initial_qty_pct": 0.018934002411808697,
          "markup_range": 0.008104590981385013,
          "max_n_entry_orders": 10,
          "min_markup": 0.004723012952600707,
          "n_close_orders": 7,
          "pbr_limit": 0.11229476041028555,
          "secondary_pbr_allocation": 0.4230836362542875,
          "secondary_pprice_diff": 0.445934109708058},
 "shrt": {"enabled": false,
          "eprice_exp_base": 1.618034,
          "eprice_pprice_diff": 0.001,
          "grid_span": 0.03,
          "initial_qty_pct": 0.001,
          "markup_range": 0.004,
          "max_n_entry_orders": 10,
          "min_markup": 0.0005,
          "n_close_orders": 7,
          "pbr_limit": 0.5,
          "secondary_pbr_allocation": 0,
          "secondary_pprice_diff": 0.21}}