{"config_name": "recursive_grid_ZECUSDT_243days",
 "logging_level": 0,
 "long": {"auto_unstuck_ema_dist": 0.05060223137792695,
          "auto_unstuck_wallet_exposure_threshold": 0.05161120253795039,
          "ddown_factor": 2.6941464949634004,
          "ema_span_0": 360,
          "ema_span_1": 1961.9701680400965,
          "enabled": true,
          "initial_eprice_ema_dist": -0.022040449777904106,
          "initial_qty_pct": 0.07172216645984678,
          "markup_range": 0.029225748200552085,
          "min_markup": 0.03795207884549764,
          "n_close_orders": 9,
          "rentry_pprice_dist": 0.01725210680122276,
          "rentry_pprice_dist_wallet_exposure_weighting": 46.25367192197908,
          "wallet_exposure_limit": 0.1302207774961976},
 "short": {"auto_unstuck_ema_dist": 0.09061328761711256,
           "auto_unstuck_wallet_exposure_threshold": 0.14988698648431314,
           "ddown_factor": 0.9163727731465794,
           "ema_span_0": 3545.2527423958586,
           "ema_span_1": 8868.586271639168,
           "enabled": true,
           "initial_eprice_ema_dist": -0.04866687404062751,
           "initial_qty_pct": 0.09282242476837374,
           "markup_range": 0.059328888967274514,
           "min_markup": 0.02075869266940267,
           "n_close_orders": 10,
           "rentry_pprice_dist": 0.020075472277637004,
           "rentry_pprice_dist_wallet_exposure_weighting": 67.51713851544521,
           "wallet_exposure_limit": 0.1999526959677672}}