{"config_name": "static_grid_ZENUSDT_213days",
 "logging_level": 0,
 "long": {"auto_unstuck_ema_dist": 0.04313586368454859,
          "auto_unstuck_wallet_exposure_threshold": 0.31822707029516095,
          "ema_span_0": 2656.231375995937,
          "ema_span_1": 1744.5112359716509,
          "enabled": true,
          "eprice_exp_base": 2.084212353724641,
          "eprice_pprice_diff": 0.008084774215543553,
          "grid_span": 0.29076725333666786,
          "initial_eprice_ema_dist": -0.03443523236551397,
          "initial_qty_pct": 0.08446509785159557,
          "markup_range": 0.0158348419486858,
          "max_n_entry_orders": 10,
          "min_markup": 0.0464608882641889,
          "n_close_orders": 7,
          "secondary_allocation": 0.24566048484215083,
          "secondary_pprice_diff": 0.31249756452889754,
          "wallet_exposure_limit": 0.1},
 "short": {"auto_unstuck_ema_dist": 0.09445970950642184,
           "auto_unstuck_wallet_exposure_threshold": 0.37739025548581917,
           "ema_span_0": 1693.517497172625,
           "ema_span_1": 6954.663766137951,
           "enabled": true,
           "eprice_exp_base": 1.2859263612918201,
           "eprice_pprice_diff": 0.036463885235266474,
           "grid_span": 0.6239533591832235,
           "initial_eprice_ema_dist": -0.05171021949021783,
           "initial_qty_pct": 0.06581637728758608,
           "markup_range": 0.05,
           "max_n_entry_orders": 10,
           "min_markup": 0.0496119129399202,
           "n_close_orders": 11,
           "secondary_allocation": 0.6942663214828521,
           "secondary_pprice_diff": 0.21425184955666543,
           "wallet_exposure_limit": 0.14723683652345032}}