{"config_name": "recursive_grid_ZENUSDT_278days",
 "logging_level": 0,
 "long": {"auto_unstuck_ema_dist": 0.04089852013227516,
          "auto_unstuck_wallet_exposure_threshold": 0.19667740718914536,
          "ddown_factor": 0.5251250300380778,
          "ema_span_0": 1384.6213479406977,
          "ema_span_1": 2699.5599788125382,
          "enabled": true,
          "initial_eprice_ema_dist": -0.03682012851593351,
          "initial_qty_pct": 0.0963940653010316,
          "markup_range": 0.02000850338814155,
          "min_markup": 0.03128361605183087,
          "n_close_orders": 9,
          "rentry_pprice_dist": 0.04378633830955365,
          "rentry_pprice_dist_wallet_exposure_weighting": 52.36744582301623,
          "wallet_exposure_limit": 0.1662873894544168},
 "short": {"auto_unstuck_ema_dist": 0.09704753189630413,
           "auto_unstuck_wallet_exposure_threshold": 0.37682461372577625,
           "ddown_factor": 0.5538839756061842,
           "ema_span_0": 360,
           "ema_span_1": 2561.6407404705005,
           "enabled": true,
           "initial_eprice_ema_dist": -0.09091622821589238,
           "initial_qty_pct": 0.0856443524107817,
           "markup_range": 0.04827032245962607,
           "min_markup": 0.053185447565456734,
           "n_close_orders": 11,
           "rentry_pprice_dist": 0.021132401055672365,
           "rentry_pprice_dist_wallet_exposure_weighting": 12.831506140748713,
           "wallet_exposure_limit": 0.160060411228898}}