{"config_name": "recursive_grid_ZILUSDT_278days",
 "logging_level": 0,
 "long": {"auto_unstuck_ema_dist": 0.06040954607287427,
          "auto_unstuck_wallet_exposure_threshold": 0.11280609365740124,
          "ddown_factor": 1.285019334034554,
          "ema_span_0": 2898.0049992888403,
          "ema_span_1": 5308.950462173357,
          "enabled": true,
          "initial_eprice_ema_dist": -0.024509986941757354,
          "initial_qty_pct": 0.06440599125854547,
          "markup_range": 0.016103136600992787,
          "min_markup": 0.06,
          "n_close_orders": 11,
          "rentry_pprice_dist": 0.032805592754290805,
          "rentry_pprice_dist_wallet_exposure_weighting": 21.031383843383473,
          "wallet_exposure_limit": 0.19259901287894274},
 "short": {"auto_unstuck_ema_dist": 0.1,
           "auto_unstuck_wallet_exposure_threshold": 0.521419114469259,
           "ddown_factor": 1.7579411380136263,
           "ema_span_0": 4087.9430343371077,
           "ema_span_1": 8734.669931432647,
           "enabled": true,
           "initial_eprice_ema_dist": -0.03206394641913337,
           "initial_qty_pct": 0.08202165982986712,
           "markup_range": 0.05696968598972533,
           "min_markup": 0.06,
           "n_close_orders": 13,
           "rentry_pprice_dist": 0.016962734231301433,
           "rentry_pprice_dist_wallet_exposure_weighting": 51.4649274556437,
           "wallet_exposure_limit": 0.11524006414599833}}