{"config_name": "static_grid_ZILUSDT_213days",
 "logging_level": 0,
 "long": {"auto_unstuck_ema_dist": 0.07736815988927526,
          "auto_unstuck_wallet_exposure_threshold": 0.1953851403237055,
          "ema_span_0": 597.8030800600587,
          "ema_span_1": 3977.0051891991156,
          "enabled": true,
          "eprice_exp_base": 1.9461940529693134,
          "eprice_pprice_diff": 0.030436831310391398,
          "grid_span": 0.31009907311697366,
          "initial_eprice_ema_dist": -0.04084915407802906,
          "initial_qty_pct": 0.09542739835358183,
          "markup_range": 0.005,
          "max_n_entry_orders": 10,
          "min_markup": 0.015544624803229138,
          "n_close_orders": 12,
          "secondary_allocation": 0.21056631322857167,
          "secondary_pprice_diff": 0.05,
          "wallet_exposure_limit": 0.1},
 "short": {"auto_unstuck_ema_dist": 0.1,
           "auto_unstuck_wallet_exposure_threshold": 0.4317830151787715,
           "ema_span_0": 4159.261826032679,
           "ema_span_1": 8911.095904844247,
           "enabled": true,
           "eprice_exp_base": 1.8450382712942077,
           "eprice_pprice_diff": 0.023847071485080393,
           "grid_span": 0.23914020043760958,
           "initial_eprice_ema_dist": -0.05771602795215017,
           "initial_qty_pct": 0.05,
           "markup_range": 0.04581008172089866,
           "max_n_entry_orders": 10,
           "min_markup": 0.04883136217468182,
           "n_close_orders": 10,
           "secondary_allocation": 0.40605756893602707,
           "secondary_pprice_diff": 0.09767375045553058,
           "wallet_exposure_limit": 0.14996355332443084}}