{"config_name": "static_grid_ZRXUSDT_213days",
 "logging_level": 0,
 "long": {"auto_unstuck_ema_dist": 0.06254435362196534,
          "auto_unstuck_wallet_exposure_threshold": 0.2910275231315198,
          "ema_span_0": 1514.5719380174207,
          "ema_span_1": 2283.3961419784955,
          "enabled": true,
          "eprice_exp_base": 1.2506994412863135,
          "eprice_pprice_diff": 0.002,
          "grid_span": 0.26583653934480705,
          "initial_eprice_ema_dist": -0.02384623831416126,
          "initial_qty_pct": 0.09303473870340294,
          "markup_range": 0.007966836092612398,
          "max_n_entry_orders": 10,
          "min_markup": 0.043497941690004614,
          "n_close_orders": 12,
          "secondary_allocation": 0.43021861413415335,
          "secondary_pprice_diff": 0.25493508501229145,
          "wallet_exposure_limit": 0.1},
 "short": {"auto_unstuck_ema_dist": 0.1,
           "auto_unstuck_wallet_exposure_threshold": 0.25763117539198443,
           "ema_span_0": 3603.9173493536264,
           "ema_span_1": 10080,
           "enabled": true,
           "eprice_exp_base": 1.3642552227666294,
           "eprice_pprice_diff": 0.01571080231166145,
           "grid_span": 0.15449084663902354,
           "initial_eprice_ema_dist": -0.0021977944783330566,
           "initial_qty_pct": 0.08254447204126644,
           "markup_range": 0.04365099230747173,
           "max_n_entry_orders": 10,
           "min_markup": 0.040358317710455976,
           "n_close_orders": 5,
           "secondary_allocation": 0.25066605083236837,
           "secondary_pprice_diff": 0.19054475057680384,
           "wallet_exposure_limit": 0.1492095210105907}}