{"config_name": "recursive_grid_ZRXUSDT_278days",
 "logging_level": 0,
 "long": {"auto_unstuck_ema_dist": 0.07284149327343628,
          "auto_unstuck_wallet_exposure_threshold": 0.032626973138276005,
          "ddown_factor": 1.8490457055937513,
          "ema_span_0": 2201.4900790203974,
          "ema_span_1": 4067.1165017446765,
          "enabled": true,
          "initial_eprice_ema_dist": -0.005978074697699856,
          "initial_qty_pct": 0.09908536455847158,
          "markup_range": 0.04192205754343328,
          "min_markup": 0.059903257401486894,
          "n_close_orders": 12,
          "rentry_pprice_dist": 0.01827658845207232,
          "rentry_pprice_dist_wallet_exposure_weighting": 32.869473592229255,
          "wallet_exposure_limit": 0.15033576849269653},
 "short": {"auto_unstuck_ema_dist": 0.09024351303036474,
           "auto_unstuck_wallet_exposure_threshold": 0.30769462574715795,
           "ddown_factor": 1.0663662549415083,
           "ema_span_0": 4073.2952656726848,
           "ema_span_1": 10003.206200193365,
           "enabled": true,
           "initial_eprice_ema_dist": -0.028369781716540567,
           "initial_qty_pct": 0.07101064363058333,
           "markup_range": 0.01162841803733431,
           "min_markup": 0.05056996044090968,
           "n_close_orders": 13,
           "rentry_pprice_dist": 0.03643074787638032,
           "rentry_pprice_dist_wallet_exposure_weighting": 21.124934378456086,
           "wallet_exposure_limit": 0.2}}