{"config_name": "clock_KSMUSDT_120days",
 "long": {"backwards_tp": true,
          "delay_between_fills_minutes_close": 450.60520088480513,
          "delay_between_fills_minutes_entry": 424.04125029569894,
          "delay_weight_close": 81.84091892760141,
          "delay_weight_entry": 24.371928770933664,
          "ema_dist_close": -0.030068899919824713,
          "ema_dist_entry": -0.2580777546161797,
          "ema_span_0": 104.40016097940446,
          "ema_span_1": 800,
          "enabled": false,
          "markup_range": 0.026271008491041734,
          "min_markup": 0.02396946533920157,
          "n_close_orders": 4,
          "qty_pct_close": 0.01,
          "qty_pct_entry": 0.01,
          "wallet_exposure_limit": 0.0,
          "we_multiplier_close": 49.8831604766821,
          "we_multiplier_entry": 91.13765011108674},
 "short": {"backwards_tp": true,
           "delay_between_fills_minutes_close": 412.9447532038885,
           "delay_between_fills_minutes_entry": 473.8887228804137,
           "delay_weight_close": 131.0506737436215,
           "delay_weight_entry": 23.685699178340005,
           "ema_dist_close": -0.8312475510983389,
           "ema_dist_entry": 0.011565047311696386,
           "ema_span_0": 570.0605104068256,
           "ema_span_1": 445.84875799550343,
           "enabled": true,
           "markup_range": 0.0225195746825902,
           "min_markup": 0.02896091726076157,
           "n_close_orders": 3,
           "qty_pct_close": 0.01,
           "qty_pct_entry": 0.01,
           "wallet_exposure_limit": 0.0625,
           "we_multiplier_close": 8.794608711659485,
           "we_multiplier_entry": 87.1024743641623}}