{"config_name": "static_grid_AAVEUSDT_218days",
 "logging_level": 0,
 "long": {"auto_unstuck_ema_dist": 0,
          "auto_unstuck_wallet_exposure_threshold": 0.7174514539395543,
          "ema_span_0": 2033.5021842773153,
          "ema_span_1": 2010.2442652151456,
          "enabled": true,
          "eprice_exp_base": 1.201594909302082,
          "eprice_pprice_diff": 0.016948846469459444,
          "grid_span": 0.22455287680583755,
          "initial_eprice_ema_dist": -0.09386177806737057,
          "initial_qty_pct": 0.07143152964681287,
          "markup_range": 0.0250666686376351,
          "max_n_entry_orders": 10,
          "min_markup": 0.036580175531270825,
          "n_close_orders": 6,
          "secondary_allocation": 0.5392018972086364,
          "secondary_pprice_diff": 0.3064575945365868,
          "wallet_exposure_limit": 0.1},
 "short": {"auto_unstuck_ema_dist": 0,
           "auto_unstuck_wallet_exposure_threshold": 0.848397846697173,
           "ema_span_0": 2776.533843729409,
           "ema_span_1": 2780.633930171954,
           "enabled": true,
           "eprice_exp_base": 1.4162980310805062,
           "eprice_pprice_diff": 0.03448829915016872,
           "grid_span": 0.337622572643387,
           "initial_eprice_ema_dist": -0.07950890012193707,
           "initial_qty_pct": 0.09415160972157009,
           "markup_range": 0.009945686320590617,
           "max_n_entry_orders": 10,
           "min_markup": 0.01374422205436546,
           "n_close_orders": 12,
           "secondary_allocation": 0.43769166461391396,
           "secondary_pprice_diff": 0.20050888981864132,
           "wallet_exposure_limit": 0.13042129931323257}}