{"config_name": "static_grid_AAVEUSDT_218days",
 "logging_level": 0,
 "long": {"auto_unstuck_ema_dist": 0,
          "auto_unstuck_wallet_exposure_threshold": 0.7174514539395543,
          "ema_span_0": 2018.0045581751947,
          "ema_span_1": 2010.2442652151456,
          "enabled": true,
          "eprice_exp_base": 1.2152827165227489,
          "eprice_pprice_diff": 0.007153481953665165,
          "grid_span": 0.22455287680583755,
          "initial_eprice_ema_dist": -0.09601123770682198,
          "initial_qty_pct": 0.05244862119402521,
          "markup_range": 0.012815549420001992,
          "max_n_entry_orders": 10,
          "min_markup": 0.0422560481626691,
          "n_close_orders": 12,
          "secondary_allocation": 0.5162349583234233,
          "secondary_pprice_diff": 0.33131331114010876,
          "wallet_exposure_limit": 0.1},
 "short": {"auto_unstuck_ema_dist": 0,
           "auto_unstuck_wallet_exposure_threshold": 0.848397846697173,
           "ema_span_0": 2776.533843729409,
           "ema_span_1": 2780.633930171954,
           "enabled": true,
           "eprice_exp_base": 1.4162980310805062,
           "eprice_pprice_diff": 0.03448829915016872,
           "grid_span": 0.337622572643387,
           "initial_eprice_ema_dist": -0.07950890012193707,
           "initial_qty_pct": 0.09415160972157009,
           "markup_range": 0.009945686320590617,
           "max_n_entry_orders": 10,
           "min_markup": 0.01374422205436546,
           "n_close_orders": 12,
           "secondary_allocation": 0.43769166461391396,
           "secondary_pprice_diff": 0.20050888981864132,
           "wallet_exposure_limit": 0.13042129931323257}}