{"config_name": "static_grid_ADAUSDT_218days",
 "logging_level": 0,
 "long": {"auto_unstuck_ema_dist": 0,
          "auto_unstuck_wallet_exposure_threshold": 0.8996738609632647,
          "ema_span_0": 2190.727131994013,
          "ema_span_1": 2192.383398314415,
          "enabled": true,
          "eprice_exp_base": 1.8277214876969063,
          "eprice_pprice_diff": 0.009066457179253605,
          "grid_span": 0.49920522710739584,
          "initial_eprice_ema_dist": -0.1,
          "initial_qty_pct": 0.05596516627886169,
          "markup_range": 0.04748088776922716,
          "max_n_entry_orders": 10,
          "min_markup": 0.04563348319121292,
          "n_close_orders": 8,
          "secondary_allocation": 0.36613384954755196,
          "secondary_pprice_diff": 0.4367378208499315,
          "wallet_exposure_limit": 0.1},
 "short": {"auto_unstuck_ema_dist": 0,
           "auto_unstuck_wallet_exposure_threshold": 0.9467043935073083,
           "ema_span_0": 2305.33308025312,
           "ema_span_1": 2304.12882799114,
           "enabled": true,
           "eprice_exp_base": 1.3320900714048005,
           "eprice_pprice_diff": 0.02978445737553346,
           "grid_span": 0.6215328369913127,
           "initial_eprice_ema_dist": -0.1,
           "initial_qty_pct": 0.07352986730045295,
           "markup_range": 0.01996540363976837,
           "max_n_entry_orders": 10,
           "min_markup": 0.038340189709393395,
           "n_close_orders": 10,
           "secondary_allocation": 0.47724053691360946,
           "secondary_pprice_diff": 0.15031578141139745,
           "wallet_exposure_limit": 0.14850333128659368}}