{"config_name": "static_grid_ATOMUSDT_218days",
 "logging_level": 0,
 "long": {"auto_unstuck_ema_dist": 0,
          "auto_unstuck_wallet_exposure_threshold": 0.8159667902316546,
          "ema_span_0": 1657.0218108674433,
          "ema_span_1": 1660.2095760513146,
          "enabled": true,
          "eprice_exp_base": 1.8715510293107553,
          "eprice_pprice_diff": 0.012133391165384545,
          "grid_span": 0.25473685406495833,
          "initial_eprice_ema_dist": -0.09900967720199763,
          "initial_qty_pct": 0.07835148479882598,
          "markup_range": 0.022581791041729707,
          "max_n_entry_orders": 10,
          "min_markup": 0.016615346126594027,
          "n_close_orders": 13,
          "secondary_allocation": 0.2416015474149396,
          "secondary_pprice_diff": 0.4932844775417559,
          "wallet_exposure_limit": 0.1},
 "short": {"auto_unstuck_ema_dist": 0,
           "auto_unstuck_wallet_exposure_threshold": 0.856096808756408,
           "ema_span_0": 1515.1354425499762,
           "ema_span_1": 1528.468308819537,
           "enabled": true,
           "eprice_exp_base": 1.7275596510228188,
           "eprice_pprice_diff": 0.024850539777573413,
           "grid_span": 0.18407773982693482,
           "initial_eprice_ema_dist": -0.09404917385515933,
           "initial_qty_pct": 0.08354394313380749,
           "markup_range": 0.04503190620886438,
           "max_n_entry_orders": 10,
           "min_markup": 0.036106075207274074,
           "n_close_orders": 12,
           "secondary_allocation": 0.6530742785473315,
           "secondary_pprice_diff": 0.1872965175840879,
           "wallet_exposure_limit": 0.14695535724144573}}