{"config_name": "static_grid_ATOMUSDT_234days",
 "logging_level": 0,
 "long": {"auto_unstuck_ema_dist": 0.08490951710410788,
          "auto_unstuck_wallet_exposure_threshold": 0.4896245177986626,
          "ema_span_0": 3286.5753324449183,
          "ema_span_1": 4200.012470800247,
          "enabled": true,
          "eprice_exp_base": 1.9020123273039673,
          "eprice_pprice_diff": 0.012899704894429698,
          "grid_span": 0.17386054731667752,
          "initial_eprice_ema_dist": -0.0703399849525552,
          "initial_qty_pct": 0.07033717655331884,
          "markup_range": 0.028415363115970982,
          "max_n_entry_orders": 10,
          "min_markup": 0.05506297634071315,
          "n_close_orders": 8,
          "secondary_allocation": 0.17159454677376534,
          "secondary_pprice_diff": 0.2908878498184373,
          "wallet_exposure_limit": 0.1},
 "short": {"auto_unstuck_ema_dist": 0.041572660377768564,
           "auto_unstuck_wallet_exposure_threshold": 0.5611786495830003,
           "ema_span_0": 1027.8449552894876,
           "ema_span_1": 6655.364154414446,
           "enabled": true,
           "eprice_exp_base": 1.4439838992492826,
           "eprice_pprice_diff": 0.05,
           "grid_span": 0.3014444121499618,
           "initial_eprice_ema_dist": -0.023642656265230863,
           "initial_qty_pct": 0.08846832509979588,
           "markup_range": 0.018802379801442826,
           "max_n_entry_orders": 10,
           "min_markup": 0.02825856621491599,
           "n_close_orders": 8,
           "secondary_allocation": 0.32244914542551517,
           "secondary_pprice_diff": 0.25447708578246997,
           "wallet_exposure_limit": 0.1}}