{"config_name": "static_grid_IOSTUSDT_198days",
 "logging_level": 0,
 "long": {"auto_unstuck_ema_dist": 0.1,
          "auto_unstuck_wallet_exposure_threshold": 0.25485249545630434,
          "ema_span_0": 422.39536405599347,
          "ema_span_1": 8402.261018862822,
          "enabled": true,
          "eprice_exp_base": 1.365162422402488,
          "eprice_pprice_diff": 0.03123780635222077,
          "grid_span": 0.32902215481560704,
          "initial_eprice_ema_dist": -0.07434333184346593,
          "initial_qty_pct": 0.012884572440243356,
          "markup_range": 0.035764595048804394,
          "max_n_entry_orders": 10,
          "min_markup": 0.05,
          "n_close_orders": 7,
          "secondary_allocation": 0.42730133143767884,
          "secondary_pprice_diff": 0.3007797361272863,
          "wallet_exposure_limit": 0.1},
 "short": {"auto_unstuck_ema_dist": 0.061722938273047735,
           "auto_unstuck_wallet_exposure_threshold": 0.18065149926722437,
           "ema_span_0": 2066.7738550643853,
           "ema_span_1": 9354.391179301145,
           "enabled": true,
           "eprice_exp_base": 1.1233056203096081,
           "eprice_pprice_diff": 0.03448072475646758,
           "grid_span": 0.48881031289529014,
           "initial_eprice_ema_dist": -0.01555397227174108,
           "initial_qty_pct": 0.02796417865035871,
           "markup_range": 0.049252347346150846,
           "max_n_entry_orders": 10,
           "min_markup": 0.05,
           "n_close_orders": 7,
           "secondary_allocation": 0.6917306150995558,
           "secondary_pprice_diff": 0.1569742230390105,
           "wallet_exposure_limit": 0.11651754498929551}}