{"config_name": "static_grid_BCHUSDT_218days",
 "logging_level": 0,
 "long": {"auto_unstuck_ema_dist": 0,
          "auto_unstuck_wallet_exposure_threshold": 1,
          "ema_span_0": 1431.7810089127577,
          "ema_span_1": 1440,
          "enabled": true,
          "eprice_exp_base": 1.9861333624918085,
          "eprice_pprice_diff": 0.015689953357129773,
          "grid_span": 0.36235808945863823,
          "initial_eprice_ema_dist": -0.06905913377764716,
          "initial_qty_pct": 0.1,
          "markup_range": 0.04038711903707577,
          "max_n_entry_orders": 10,
          "min_markup": 0.0069313389528533635,
          "n_close_orders": 9,
          "secondary_allocation": 0.6556105581395493,
          "secondary_pprice_diff": 0.12206814050511691,
          "wallet_exposure_limit": 0.1},
 "short": {"auto_unstuck_ema_dist": 0,
           "auto_unstuck_wallet_exposure_threshold": 0.9961850892069798,
           "ema_span_0": 3943.500555849375,
           "ema_span_1": 3943.036735270903,
           "enabled": true,
           "eprice_exp_base": 1.600330110468628,
           "eprice_pprice_diff": 0.018501751688821448,
           "grid_span": 0.5641260048546566,
           "initial_eprice_ema_dist": -0.1,
           "initial_qty_pct": 0.1,
           "markup_range": 0.025219237562411977,
           "max_n_entry_orders": 10,
           "min_markup": 0.05607636466466812,
           "n_close_orders": 12,
           "secondary_allocation": 0.2770808029919829,
           "secondary_pprice_diff": 0.1423220455169207,
           "wallet_exposure_limit": 0.15}}