{"config_name": "recursive_grid_BCHUSDT_218days",
 "logging_level": 0,
 "long": {"auto_unstuck_ema_dist": 2.345123473749267e-06,
          "auto_unstuck_wallet_exposure_threshold": 1,
          "ddown_factor": 2.8705548836718147,
          "ema_span_0": 1437.9908644977213,
          "ema_span_1": 1440,
          "enabled": true,
          "initial_eprice_ema_dist": -0.08933893075541302,
          "initial_qty_pct": 0.05582506899841427,
          "markup_range": 0.013063632701505474,
          "min_markup": 0.05116296573208717,
          "n_close_orders": 7,
          "rentry_pprice_dist": 0.03895709737946101,
          "rentry_pprice_dist_wallet_exposure_weighting": 28.985461761138247,
          "wallet_exposure_limit": 0.1990809113390182},
 "short": {"auto_unstuck_ema_dist": 0,
           "auto_unstuck_wallet_exposure_threshold": 0.9912336394313854,
           "ddown_factor": 1.6298176435355929,
           "ema_span_0": 4243.685300968199,
           "ema_span_1": 4248.944086908861,
           "enabled": true,
           "initial_eprice_ema_dist": -0.1,
           "initial_qty_pct": 0.08794092794497012,
           "markup_range": 0.009227412766061028,
           "min_markup": 0.04732505204641978,
           "n_close_orders": 6,
           "rentry_pprice_dist": 0.018679414828412434,
           "rentry_pprice_dist_wallet_exposure_weighting": 32.827728079405745,
           "wallet_exposure_limit": 0.2}}