{"config_name": "static_grid_BNBUSDT_218days",
 "logging_level": 0,
 "long": {"auto_unstuck_ema_dist": 0,
          "auto_unstuck_wallet_exposure_threshold": 0.89991018631675,
          "ema_span_0": 2055.4816862847647,
          "ema_span_1": 2056.1520382536896,
          "enabled": true,
          "eprice_exp_base": 1.8655019016288068,
          "eprice_pprice_diff": 0.020216862763900757,
          "grid_span": 0.14749082749149323,
          "initial_eprice_ema_dist": -0.09258441530569288,
          "initial_qty_pct": 0.09491321343987102,
          "markup_range": 0.03904371819446418,
          "max_n_entry_orders": 10,
          "min_markup": 0.010056354642196086,
          "n_close_orders": 7,
          "secondary_allocation": 0.34894931618416436,
          "secondary_pprice_diff": 0.47954683414689503,
          "wallet_exposure_limit": 0.1},
 "short": {"auto_unstuck_ema_dist": 0,
           "auto_unstuck_wallet_exposure_threshold": 0.8871360881790321,
           "ema_span_0": 3645.429928658069,
           "ema_span_1": 3651.5866405257857,
           "enabled": true,
           "eprice_exp_base": 1.5198297021815583,
           "eprice_pprice_diff": 0.0038263074657693017,
           "grid_span": 0.21459040843851812,
           "initial_eprice_ema_dist": -0.0998169251634741,
           "initial_qty_pct": 0.09565222685069179,
           "markup_range": 0.010381264403048993,
           "max_n_entry_orders": 10,
           "min_markup": 0.03363756685639451,
           "n_close_orders": 9,
           "secondary_allocation": 0.16826368434225977,
           "secondary_pprice_diff": 0.07777656229178277,
           "wallet_exposure_limit": 0.14077011087838318}}