{"config_name": "static_grid_CHZUSDT_218days",
 "logging_level": 0,
 "long": {"auto_unstuck_ema_dist": 0.019713358235709265,
          "auto_unstuck_wallet_exposure_threshold": 0.7881450873844938,
          "ema_span_0": 1004.5414769082938,
          "ema_span_1": 1707.7861321085775,
          "enabled": true,
          "eprice_exp_base": 1.0079651414203754,
          "eprice_pprice_diff": 0.026879608126011673,
          "grid_span": 0.3871740982961683,
          "initial_eprice_ema_dist": -0.05689119610335509,
          "initial_qty_pct": 0.05016582638187858,
          "markup_range": 0.007152235952365686,
          "max_n_entry_orders": 10,
          "min_markup": 0.040354233102344414,
          "n_close_orders": 7,
          "secondary_allocation": 0.5170271258635807,
          "secondary_pprice_diff": 0.1493988008308436,
          "wallet_exposure_limit": 0.1},
 "short": {"auto_unstuck_ema_dist": 0.04210081024507432,
           "auto_unstuck_wallet_exposure_threshold": 0.8685449206012138,
           "ema_span_0": 1323.2481617708445,
           "ema_span_1": 2256.1961092905804,
           "enabled": true,
           "eprice_exp_base": 1.5689048262098875,
           "eprice_pprice_diff": 0.019026874805173503,
           "grid_span": 0.32978612866118484,
           "initial_eprice_ema_dist": -0.08974616547045139,
           "initial_qty_pct": 0.08632006204001587,
           "markup_range": 0.02054326363389027,
           "max_n_entry_orders": 10,
           "min_markup": 0.01718667554884831,
           "n_close_orders": 12,
           "secondary_allocation": 0.23735406067361736,
           "secondary_pprice_diff": 0.34723617949078317,
           "wallet_exposure_limit": 0.14749604767644386}}