{"config_name": "static_grid_DOGEUSDT_218days",
 "logging_level": 0,
 "long": {"auto_unstuck_ema_dist": 0,
          "auto_unstuck_wallet_exposure_threshold": 0.9944073723401636,
          "ema_span_0": 2209.481054159728,
          "ema_span_1": 2119.256706523789,
          "enabled": true,
          "eprice_exp_base": 1.6069983676498203,
          "eprice_pprice_diff": 0.03379582581964187,
          "grid_span": 0.6483721400313988,
          "initial_eprice_ema_dist": -0.06569691787128029,
          "initial_qty_pct": 0.09602829273875542,
          "markup_range": 0.039022142212346816,
          "max_n_entry_orders": 10,
          "min_markup": 0.006007247727516163,
          "n_close_orders": 9,
          "secondary_allocation": 0.12639606178416307,
          "secondary_pprice_diff": 0.11934675218402528,
          "wallet_exposure_limit": 0.1},
 "short": {"auto_unstuck_ema_dist": 0.06629918681785721,
           "auto_unstuck_wallet_exposure_threshold": 0.7299480108314078,
           "ema_span_0": 1709.1021824754682,
           "ema_span_1": 9802.76080830544,
           "enabled": true,
           "eprice_exp_base": 1.8876083863618178,
           "eprice_pprice_diff": 0.021989977292389173,
           "grid_span": 0.2004079993214118,
           "initial_eprice_ema_dist": -0.09793870765454536,
           "initial_qty_pct": 0.06752764145010026,
           "markup_range": 0.006036509695692445,
           "max_n_entry_orders": 10,
           "min_markup": 0.03989844692393506,
           "n_close_orders": 14,
           "secondary_allocation": 0.21864066289086095,
           "secondary_pprice_diff": 0.1081648219288888,
           "wallet_exposure_limit": 0.14786648858606183}}