{"config_name": "static_grid_DOTUSDT_218days",
 "logging_level": 0,
 "long": {"auto_unstuck_ema_dist": 0,
          "auto_unstuck_wallet_exposure_threshold": 0.7976203446726552,
          "ema_span_0": 1537.3455273464288,
          "ema_span_1": 1530.1144430251168,
          "enabled": true,
          "eprice_exp_base": 1.0318061949241437,
          "eprice_pprice_diff": 0.004219706270250721,
          "grid_span": 0.3027537506914484,
          "initial_eprice_ema_dist": -0.09993620647322658,
          "initial_qty_pct": 0.06883689309405609,
          "markup_range": 0.022185890725490636,
          "max_n_entry_orders": 10,
          "min_markup": 0.049047798844785766,
          "n_close_orders": 13,
          "secondary_allocation": 0.5389698236965521,
          "secondary_pprice_diff": 0.4350516983040946,
          "wallet_exposure_limit": 0.1},
 "short": {"auto_unstuck_ema_dist": 0,
           "auto_unstuck_wallet_exposure_threshold": 0.9137954605311415,
           "ema_span_0": 1499.2464251055671,
           "ema_span_1": 1504.4345013691193,
           "enabled": true,
           "eprice_exp_base": 1.6116550743664333,
           "eprice_pprice_diff": 0.03826331403803106,
           "grid_span": 0.5912336347629199,
           "initial_eprice_ema_dist": -0.08853008325268359,
           "initial_qty_pct": 0.06480790714158896,
           "markup_range": 0.04544909611640294,
           "max_n_entry_orders": 10,
           "min_markup": 0.04120942581384958,
           "n_close_orders": 11,
           "secondary_allocation": 0.4164191539004623,
           "secondary_pprice_diff": 0.22986488378470016,
           "wallet_exposure_limit": 0.14685785231841827}}