{"config_name": "recursive_grid_EOSUSDT_218days",
 "logging_level": 0,
 "long": {"auto_unstuck_ema_dist": 0.08093501387993468,
          "auto_unstuck_wallet_exposure_threshold": 0.7780898762903311,
          "ddown_factor": 0.5826183376265136,
          "ema_span_0": 4179.226513232251,
          "ema_span_1": 9138.78617692722,
          "enabled": true,
          "initial_eprice_ema_dist": -0.03706510558226503,
          "initial_qty_pct": 0.1,
          "markup_range": 0.010102365080970047,
          "min_markup": 0.05,
          "n_close_orders": 8,
          "rentry_pprice_dist": 0.017673546280379253,
          "rentry_pprice_dist_wallet_exposure_weighting": 34.28851068326525,
          "wallet_exposure_limit": 0.19049973341670656},
 "short": {"auto_unstuck_ema_dist": 0.07566533943229271,
           "auto_unstuck_wallet_exposure_threshold": 0.3571687908654326,
           "ddown_factor": 2.721745469590065,
           "ema_span_0": 4016.7558868463625,
           "ema_span_1": 7205.435703356551,
           "enabled": true,
           "initial_eprice_ema_dist": -0.09468993336975619,
           "initial_qty_pct": 0.07229811568226882,
           "markup_range": 0.044091174211610594,
           "min_markup": 0.04988723673532884,
           "n_close_orders": 11,
           "rentry_pprice_dist": 0.008884132959603153,
           "rentry_pprice_dist_wallet_exposure_weighting": 18.670356569667824,
           "wallet_exposure_limit": 0.19972810090463877}}