{"config_name": "static_grid_EOSUSDT_218days",
 "logging_level": 0,
 "long": {"auto_unstuck_ema_dist": 0.09181795650084279,
          "auto_unstuck_wallet_exposure_threshold": 0.5932097802863031,
          "ema_span_0": 3436.17614165364,
          "ema_span_1": 9447.82456828995,
          "enabled": true,
          "eprice_exp_base": 1.7510105869082615,
          "eprice_pprice_diff": 0.01263598142229388,
          "grid_span": 0.39086948290975754,
          "initial_eprice_ema_dist": -0.06764527275368983,
          "initial_qty_pct": 0.06415035893911374,
          "markup_range": 0.011806706982333194,
          "max_n_entry_orders": 10,
          "min_markup": 0.04680408365908094,
          "n_close_orders": 12,
          "secondary_allocation": 0.1311885102937711,
          "secondary_pprice_diff": 0.18169014809931763,
          "wallet_exposure_limit": 0.1},
 "short": {"auto_unstuck_ema_dist": 0.06877654904389811,
           "auto_unstuck_wallet_exposure_threshold": 0.20644446185076737,
           "ema_span_0": 3469.167969894036,
           "ema_span_1": 6987.191730972951,
           "enabled": true,
           "eprice_exp_base": 1.865011188874449,
           "eprice_pprice_diff": 0.003001003313959515,
           "grid_span": 0.1,
           "initial_eprice_ema_dist": -0.09913120564393535,
           "initial_qty_pct": 0.09021426050655251,
           "markup_range": 0.02765879839516624,
           "max_n_entry_orders": 10,
           "min_markup": 0.049808168005517066,
           "n_close_orders": 11,
           "secondary_allocation": 0.00586125857980941,
           "secondary_pprice_diff": 0.33641864864200705,
           "wallet_exposure_limit": 0.14854502106304301}}