{"config_name": "static_grid_IMXUSDT_24days",
 "logging_level": 0,
 "long": {"auto_unstuck_ema_dist": 0.07201275924104769,
          "auto_unstuck_wallet_exposure_threshold": 0.9379958722037279,
          "ema_span_0": 1312.4839432592516,
          "ema_span_1": 9305.293071854483,
          "enabled": true,
          "eprice_exp_base": 1.0037178620266938,
          "eprice_pprice_diff": 0.013057875199432831,
          "grid_span": 0.6298620286325477,
          "initial_eprice_ema_dist": -0.02424362649393662,
          "initial_qty_pct": 0.06643177915114046,
          "markup_range": 0.049418486033472604,
          "max_n_entry_orders": 10,
          "min_markup": 0.02545332739993953,
          "n_close_orders": 12,
          "secondary_allocation": 0.6223446172018988,
          "secondary_pprice_diff": 0.10202130170390436,
          "wallet_exposure_limit": 0.1},
 "short": {"auto_unstuck_ema_dist": 0.01605535657471007,
           "auto_unstuck_wallet_exposure_threshold": 0.8845575027043537,
           "ema_span_0": 1420.0079890070938,
           "ema_span_1": 2686.803660966786,
           "enabled": true,
           "eprice_exp_base": 1.081071555570758,
           "eprice_pprice_diff": 0.02883886192715852,
           "grid_span": 0.1361497945208721,
           "initial_eprice_ema_dist": -0.07754987847055156,
           "initial_qty_pct": 0.07397944223844244,
           "markup_range": 0.049848873416095875,
           "max_n_entry_orders": 10,
           "min_markup": 0.04930928710876977,
           "n_close_orders": 11,
           "secondary_allocation": 0.03957308662185194,
           "secondary_pprice_diff": 0.07956881481637115,
           "wallet_exposure_limit": 0.14650490416023193}}