{"config_name": "static_grid_LINKUSDT_218days",
 "logging_level": 0,
 "long": {"auto_unstuck_ema_dist": 0,
          "auto_unstuck_wallet_exposure_threshold": 0.7518306064299234,
          "ema_span_0": 1627.5175440108019,
          "ema_span_1": 1631.341267191704,
          "enabled": true,
          "eprice_exp_base": 1.6170241010547826,
          "eprice_pprice_diff": 0.03578690299703033,
          "grid_span": 0.2618957864600634,
          "initial_eprice_ema_dist": -0.06898078608461804,
          "initial_qty_pct": 0.09742143018238633,
          "markup_range": 0.040914813160683135,
          "max_n_entry_orders": 10,
          "min_markup": 0.037651901635138256,
          "n_close_orders": 11,
          "secondary_allocation": 0.07447119662468248,
          "secondary_pprice_diff": 0.38259652654758625,
          "wallet_exposure_limit": 0.1},
 "short": {"auto_unstuck_ema_dist": 0,
           "auto_unstuck_wallet_exposure_threshold": 0.9109623137661372,
           "ema_span_0": 2848.9841724769244,
           "ema_span_1": 2848.55594690271,
           "enabled": true,
           "eprice_exp_base": 1.8536244086272566,
           "eprice_pprice_diff": 0.01675198662252495,
           "grid_span": 0.5006777456702886,
           "initial_eprice_ema_dist": -0.09558458227417505,
           "initial_qty_pct": 0.09692150990787858,
           "markup_range": 0.03439506688797973,
           "max_n_entry_orders": 10,
           "min_markup": 0.01002111059758791,
           "n_close_orders": 14,
           "secondary_allocation": 0.46214206892957477,
           "secondary_pprice_diff": 0.44102138372435973,
           "wallet_exposure_limit": 0.13750374446204586}}