{"config_name": "recursive_grid_LTCUSDT_218days",
 "logging_level": 0,
 "long": {"auto_unstuck_ema_dist": 0,
          "auto_unstuck_wallet_exposure_threshold": 0.9402526711834576,
          "ddown_factor": 1.6789346135801955,
          "ema_span_0": 1439.9471107796323,
          "ema_span_1": 1440,
          "enabled": true,
          "initial_eprice_ema_dist": -0.09834384323411982,
          "initial_qty_pct": 0.07554028990864418,
          "markup_range": 0.027823152964499113,
          "min_markup": 0.006645874990493984,
          "n_close_orders": 10,
          "rentry_pprice_dist": 0.02522426832637938,
          "rentry_pprice_dist_wallet_exposure_weighting": 7.390396171518233,
          "wallet_exposure_limit": 0.1978700727350025},
 "short": {"auto_unstuck_ema_dist": 0,
           "auto_unstuck_wallet_exposure_threshold": 0.9651478676982109,
           "ddown_factor": 0.09738307939644922,
           "ema_span_0": 3154.552385232494,
           "ema_span_1": 3154.8380694731486,
           "enabled": true,
           "initial_eprice_ema_dist": -0.09250506793675844,
           "initial_qty_pct": 0.08537632223191191,
           "markup_range": 0.03608558514632176,
           "min_markup": 0.057896005755247365,
           "n_close_orders": 12,
           "rentry_pprice_dist": 0.04581358559856727,
           "rentry_pprice_dist_wallet_exposure_weighting": 29.322388221124964,
           "wallet_exposure_limit": 0.2}}