{"config_name": "recursive_grid_LUNAUSDT_218days",
 "logging_level": 0,
 "long": {"auto_unstuck_ema_dist": 0,
          "auto_unstuck_wallet_exposure_threshold": 0.9443725348003872,
          "ddown_factor": 2.678914514206705,
          "ema_span_0": 1478.5578539270302,
          "ema_span_1": 1477.8561437310705,
          "enabled": true,
          "initial_eprice_ema_dist": -0.1,
          "initial_qty_pct": 0.06926763294850935,
          "markup_range": 0.005093050403088806,
          "min_markup": 0.03962169569306837,
          "n_close_orders": 9,
          "rentry_pprice_dist": 0.013942424447035813,
          "rentry_pprice_dist_wallet_exposure_weighting": 73.33525313466117,
          "wallet_exposure_limit": 0.19905544392056887},
 "short": {"auto_unstuck_ema_dist": 0,
           "auto_unstuck_wallet_exposure_threshold": 0.7839700272713894,
           "ddown_factor": 2.2635092641798122,
           "ema_span_0": 1614.055036602217,
           "ema_span_1": 1629.8277689566205,
           "enabled": true,
           "initial_eprice_ema_dist": -0.0776359511923578,
           "initial_qty_pct": 0.06976095475447348,
           "markup_range": 0.03555143132062186,
           "min_markup": 0.0474481659446005,
           "n_close_orders": 10,
           "rentry_pprice_dist": 0.025223329895521507,
           "rentry_pprice_dist_wallet_exposure_weighting": 51.13539978923866,
           "wallet_exposure_limit": 0.18600005849930565}}