{"config_name": "static_grid_LUNAUSDT_234days",
 "logging_level": 0,
 "long": {"auto_unstuck_ema_dist": 0.05128089274900136,
          "auto_unstuck_wallet_exposure_threshold": 0.41006663602258414,
          "ema_span_0": 846.0997522208934,
          "ema_span_1": 1597.0334311218637,
          "enabled": true,
          "eprice_exp_base": 1.495760971459939,
          "eprice_pprice_diff": 0.04303808528239531,
          "grid_span": 0.1,
          "initial_eprice_ema_dist": -0.045154381551613755,
          "initial_qty_pct": 0.0695479358005353,
          "markup_range": 0.03653354270298585,
          "max_n_entry_orders": 10,
          "min_markup": 0.05562815236997323,
          "n_close_orders": 11,
          "secondary_allocation": 0.2214556980353741,
          "secondary_pprice_diff": 0.36315839128029476,
          "wallet_exposure_limit": 0.1},
 "short": {"auto_unstuck_ema_dist": 0.0933473571203975,
           "auto_unstuck_wallet_exposure_threshold": 0.057733984643656616,
           "ema_span_0": 1274.9793309347986,
           "ema_span_1": 5049.411388945447,
           "enabled": true,
           "eprice_exp_base": 1.300879490249742,
           "eprice_pprice_diff": 0.008354052111541398,
           "grid_span": 0.3907221959510374,
           "initial_eprice_ema_dist": 0,
           "initial_qty_pct": 0.06276839653349393,
           "markup_range": 0.01448914179693211,
           "max_n_entry_orders": 10,
           "min_markup": 0.03879839149358639,
           "n_close_orders": 10,
           "secondary_allocation": 0.6212082214247302,
           "secondary_pprice_diff": 0.10300294438076815,
           "wallet_exposure_limit": 0.1}}