{"config_name": "static_grid_MATICUSDT_234days",
 "logging_level": 0,
 "long": {"auto_unstuck_ema_dist": 0.08918460048133293,
          "auto_unstuck_wallet_exposure_threshold": 0.47460538472867514,
          "ema_span_0": 3988.1431550160496,
          "ema_span_1": 3116.4869357248263,
          "enabled": true,
          "eprice_exp_base": 1.7695314160904525,
          "eprice_pprice_diff": 0.02056102458483299,
          "grid_span": 0.26754328679431205,
          "initial_eprice_ema_dist": -0.07041319336198221,
          "initial_qty_pct": 0.07152904016182306,
          "markup_range": 0.05768234284514893,
          "max_n_entry_orders": 10,
          "min_markup": 0.059132401589019494,
          "n_close_orders": 12,
          "secondary_allocation": 0.19356837686309986,
          "secondary_pprice_diff": 0.4250387905306418,
          "wallet_exposure_limit": 0.1},
 "short": {"auto_unstuck_ema_dist": 0.08308898056129335,
           "auto_unstuck_wallet_exposure_threshold": 0.7989089325280947,
           "ema_span_0": 1671.5091088864024,
           "ema_span_1": 9224.093696613667,
           "enabled": true,
           "eprice_exp_base": 2.0215199852543106,
           "eprice_pprice_diff": 0.04719484727324727,
           "grid_span": 0.283867297613802,
           "initial_eprice_ema_dist": -0.01592168062051663,
           "initial_qty_pct": 0.08830714951605215,
           "markup_range": 0.018774097047213407,
           "max_n_entry_orders": 10,
           "min_markup": 0.05122802982087235,
           "n_close_orders": 9,
           "secondary_allocation": 0.5958910448253988,
           "secondary_pprice_diff": 0.3151450301788715,
           "wallet_exposure_limit": 0.1}}