{"config_name": "static_grid_MATICUSDT_218days",
 "logging_level": 0,
 "long": {"auto_unstuck_ema_dist": 0,
          "auto_unstuck_wallet_exposure_threshold": 0.8341608643910171,
          "ema_span_0": 1440.1470362823418,
          "ema_span_1": 1440,
          "enabled": true,
          "eprice_exp_base": 1.8803112945012654,
          "eprice_pprice_diff": 0.011397688450844417,
          "grid_span": 0.2575865287566852,
          "initial_eprice_ema_dist": -0.09983026519168248,
          "initial_qty_pct": 0.062300430993419725,
          "markup_range": 0.008090318682133262,
          "max_n_entry_orders": 10,
          "min_markup": 0.02306443350930469,
          "n_close_orders": 13,
          "secondary_allocation": 0.4479959360227701,
          "secondary_pprice_diff": 0.45769004938298397,
          "wallet_exposure_limit": 0.1},
 "short": {"auto_unstuck_ema_dist": 0,
           "auto_unstuck_wallet_exposure_threshold": 0.9820206637392639,
           "ema_span_0": 1444.1066865869443,
           "ema_span_1": 1444.4341706770883,
           "enabled": true,
           "eprice_exp_base": 2.0735177565937217,
           "eprice_pprice_diff": 0.03351957660363689,
           "grid_span": 0.661291883103075,
           "initial_eprice_ema_dist": -0.09815706853982513,
           "initial_qty_pct": 0.0718899317591975,
           "markup_range": 0.02726965950799526,
           "max_n_entry_orders": 10,
           "min_markup": 0.005,
           "n_close_orders": 8,
           "secondary_allocation": 0.6280498709657932,
           "secondary_pprice_diff": 0.06912243275236951,
           "wallet_exposure_limit": 0.14963576246314175}}