{"config_name": "static_grid_ONEUSDT_218days",
 "logging_level": 0,
 "long": {"auto_unstuck_ema_dist": 0.032924412564152426,
          "auto_unstuck_wallet_exposure_threshold": 0.9047477059405057,
          "ema_span_0": 785.4341617419599,
          "ema_span_1": 1526.819642598497,
          "enabled": true,
          "eprice_exp_base": 1.9075543782917668,
          "eprice_pprice_diff": 0.038645492303865436,
          "grid_span": 0.38419693922811027,
          "initial_eprice_ema_dist": -0.08900028599317089,
          "initial_qty_pct": 0.05620362264512305,
          "markup_range": 0.014482059013125218,
          "max_n_entry_orders": 10,
          "min_markup": 0.027194816312241417,
          "n_close_orders": 11,
          "secondary_allocation": 0.41075911905184576,
          "secondary_pprice_diff": 0.3425674935612745,
          "wallet_exposure_limit": 0.1},
 "short": {"auto_unstuck_ema_dist": 0.060797393777550966,
           "auto_unstuck_wallet_exposure_threshold": 0.6975237084320569,
           "ema_span_0": 2325.923614491492,
           "ema_span_1": 6759.113582564347,
           "enabled": true,
           "eprice_exp_base": 1.7112023491025845,
           "eprice_pprice_diff": 0.03627574072141814,
           "grid_span": 0.37031705128218273,
           "initial_eprice_ema_dist": -0.08901928831460446,
           "initial_qty_pct": 0.05432249822652525,
           "markup_range": 0.041899447865269356,
           "max_n_entry_orders": 10,
           "min_markup": 0.047287124560923134,
           "n_close_orders": 8,
           "secondary_allocation": 0.26192237253152095,
           "secondary_pprice_diff": 0.16326564298799048,
           "wallet_exposure_limit": 0.14950895985378596}}