{"config_name": "static_grid_PEOPLEUSDT_73days",
 "logging_level": 0,
 "long": {"auto_unstuck_ema_dist": 0.08286777713485213,
          "auto_unstuck_wallet_exposure_threshold": 0.6993450853853421,
          "ema_span_0": 834.6014909630604,
          "ema_span_1": 3877.977245641395,
          "enabled": true,
          "eprice_exp_base": 1.9376201569154812,
          "eprice_pprice_diff": 0.036543378684263474,
          "grid_span": 0.22161398827809958,
          "initial_eprice_ema_dist": -0.012739227914820739,
          "initial_qty_pct": 0.05914671736333908,
          "markup_range": 0.03269673294049784,
          "max_n_entry_orders": 10,
          "min_markup": 0.029077168512917542,
          "n_close_orders": 14,
          "secondary_allocation": 0.688037594201908,
          "secondary_pprice_diff": 0.18906965693804798,
          "wallet_exposure_limit": 0.1},
 "short": {"auto_unstuck_ema_dist": 0.05038030304752818,
           "auto_unstuck_wallet_exposure_threshold": 0.7869054221096157,
           "ema_span_0": 984.4454845682901,
           "ema_span_1": 4095.947739313946,
           "enabled": true,
           "eprice_exp_base": 1.3562331929692848,
           "eprice_pprice_diff": 0.017998673571999045,
           "grid_span": 0.5312640789662912,
           "initial_eprice_ema_dist": -0.097678618224426,
           "initial_qty_pct": 0.05547329735220743,
           "markup_range": 0.006098319334760955,
           "max_n_entry_orders": 10,
           "min_markup": 0.021789894871060988,
           "n_close_orders": 9,
           "secondary_allocation": 0.5981694849177589,
           "secondary_pprice_diff": 0.4050342030210473,
           "wallet_exposure_limit": 0.14779961059068647}}