{"config_name": "static_grid_RUNEUSDT_218days",
 "logging_level": 0,
 "long": {"auto_unstuck_ema_dist": 0.09553199321092326,
          "auto_unstuck_wallet_exposure_threshold": 0.6834394443841256,
          "ema_span_0": 3212.632520439687,
          "ema_span_1": 9480.860329060251,
          "enabled": true,
          "eprice_exp_base": 1.630848746487694,
          "eprice_pprice_diff": 0.02545413763021119,
          "grid_span": 0.288121627644004,
          "initial_eprice_ema_dist": -0.002588371502178975,
          "initial_qty_pct": 0.09933863235312873,
          "markup_range": 0.02455248863433461,
          "max_n_entry_orders": 10,
          "min_markup": 0.016790566801215944,
          "n_close_orders": 13,
          "secondary_allocation": 0.03399804456915125,
          "secondary_pprice_diff": 0.3075242176815879,
          "wallet_exposure_limit": 0.1},
 "short": {"auto_unstuck_ema_dist": 0.09288874249450754,
           "auto_unstuck_wallet_exposure_threshold": 0.7829828549491276,
           "ema_span_0": 2272.370148292037,
           "ema_span_1": 2223.2989402803246,
           "enabled": true,
           "eprice_exp_base": 1.3308939158468676,
           "eprice_pprice_diff": 0.02987230742980428,
           "grid_span": 0.3847437186840472,
           "initial_eprice_ema_dist": -0.06833263533525342,
           "initial_qty_pct": 0.09978200527878395,
           "markup_range": 0.00803799349876227,
           "max_n_entry_orders": 10,
           "min_markup": 0.01248770509099396,
           "n_close_orders": 12,
           "secondary_allocation": 0.03805032305003428,
           "secondary_pprice_diff": 0.1004012152389809,
           "wallet_exposure_limit": 0.14855811100466185}}