{"config_name": "static_grid_SANDUSDT_218days",
 "logging_level": 0,
 "long": {"auto_unstuck_ema_dist": 0,
          "auto_unstuck_wallet_exposure_threshold": 0.8997558228977578,
          "ema_span_0": 1445.4077881869446,
          "ema_span_1": 1444.2034621527073,
          "enabled": true,
          "eprice_exp_base": 1.2501028299312544,
          "eprice_pprice_diff": 0.011624612295272832,
          "grid_span": 0.21155271781245902,
          "initial_eprice_ema_dist": -0.098375106618821,
          "initial_qty_pct": 0.061936134680112415,
          "markup_range": 0.030629937520623696,
          "max_n_entry_orders": 10,
          "min_markup": 0.044769385544301085,
          "n_close_orders": 13,
          "secondary_allocation": 0.6274650139649464,
          "secondary_pprice_diff": 0.07224373425854516,
          "wallet_exposure_limit": 0.1},
 "short": {"auto_unstuck_ema_dist": 0,
           "auto_unstuck_wallet_exposure_threshold": 0.8301153700818145,
           "ema_span_0": 1436.793268254005,
           "ema_span_1": 1440,
           "enabled": true,
           "eprice_exp_base": 1.7112766471205323,
           "eprice_pprice_diff": 0.024029216310648773,
           "grid_span": 0.6683160566759582,
           "initial_eprice_ema_dist": -0.09224736477444524,
           "initial_qty_pct": 0.05051798622303474,
           "markup_range": 0.006649375888793538,
           "max_n_entry_orders": 10,
           "min_markup": 0.009647083278125817,
           "n_close_orders": 7,
           "secondary_allocation": 0.488863464590685,
           "secondary_pprice_diff": 0.20491423065152767,
           "wallet_exposure_limit": 0.10405569458811048}}