{"config_name": "static_grid_THETAUSDT_218days",
 "logging_level": 0,
 "long": {"auto_unstuck_ema_dist": 0.07834078477994261,
          "auto_unstuck_wallet_exposure_threshold": 0.4798228303062771,
          "ema_span_0": 2190.297646349725,
          "ema_span_1": 8089.235938029191,
          "enabled": true,
          "eprice_exp_base": 1.4707407349372212,
          "eprice_pprice_diff": 0.018690260090712542,
          "grid_span": 0.39103793271372245,
          "initial_eprice_ema_dist": -0.0024026898767485687,
          "initial_qty_pct": 0.09295179522533709,
          "markup_range": 0.04047984393551968,
          "max_n_entry_orders": 10,
          "min_markup": 0.05,
          "n_close_orders": 7,
          "secondary_allocation": 0.19948346801502942,
          "secondary_pprice_diff": 0.4775899163084704,
          "wallet_exposure_limit": 0.1},
 "short": {"auto_unstuck_ema_dist": 0.09146294695955642,
           "auto_unstuck_wallet_exposure_threshold": 0.31201064246661414,
           "ema_span_0": 4171.91876463692,
           "ema_span_1": 4836.263416152598,
           "enabled": true,
           "eprice_exp_base": 1.7660466856922898,
           "eprice_pprice_diff": 0.030551550276383108,
           "grid_span": 0.15487619540499523,
           "initial_eprice_ema_dist": -0.09961158399743028,
           "initial_qty_pct": 0.06525397630100559,
           "markup_range": 0.04935395174034313,
           "max_n_entry_orders": 10,
           "min_markup": 0.04936654481282737,
           "n_close_orders": 9,
           "secondary_allocation": 0.06829720870935177,
           "secondary_pprice_diff": 0.25872240110654626,
           "wallet_exposure_limit": 0.15}}