{"config_name": "static_grid_UNIUSDT_218days",
 "logging_level": 0,
 "long": {"auto_unstuck_ema_dist": 0,
          "auto_unstuck_wallet_exposure_threshold": 0.7268321828538592,
          "ema_span_0": 1778.5429329194667,
          "ema_span_1": 1793.6489911858866,
          "enabled": true,
          "eprice_exp_base": 1.1248830163508612,
          "eprice_pprice_diff": 0.0233135610864103,
          "grid_span": 0.21208800943433573,
          "initial_eprice_ema_dist": -0.07111505417342254,
          "initial_qty_pct": 0.057963345608233525,
          "markup_range": 0.044630401223337564,
          "max_n_entry_orders": 10,
          "min_markup": 0.03820192177940912,
          "n_close_orders": 12,
          "secondary_allocation": 0.5200039361429244,
          "secondary_pprice_diff": 0.1453661999514936,
          "wallet_exposure_limit": 0.1},
 "short": {"auto_unstuck_ema_dist": 0,
           "auto_unstuck_wallet_exposure_threshold": 0.9208111177487854,
           "ema_span_0": 3886.2363066952084,
           "ema_span_1": 3991.3427255916863,
           "enabled": true,
           "eprice_exp_base": 1.9816931525838073,
           "eprice_pprice_diff": 0.0035455996176256134,
           "grid_span": 0.5381203024082039,
           "initial_eprice_ema_dist": -0.09820282425775984,
           "initial_qty_pct": 0.06466146502015693,
           "markup_range": 0.030457315308178207,
           "max_n_entry_orders": 10,
           "min_markup": 0.01687247613832164,
           "n_close_orders": 11,
           "secondary_allocation": 0.5928620959097872,
           "secondary_pprice_diff": 0.22764252447215416,
           "wallet_exposure_limit": 0.1485353902306113}}