{"config_name": "static_grid_WAVESUSDT_218days",
 "logging_level": 0,
 "long": {"auto_unstuck_ema_dist": 0,
          "auto_unstuck_wallet_exposure_threshold": 0.8456138938401878,
          "ema_span_0": 1419.527644278969,
          "ema_span_1": 1440,
          "enabled": true,
          "eprice_exp_base": 1.7576080208047866,
          "eprice_pprice_diff": 0.01781415571165224,
          "grid_span": 0.2677701505311455,
          "initial_eprice_ema_dist": -0.08323061621840235,
          "initial_qty_pct": 0.07543155809203982,
          "markup_range": 0.0401129165326937,
          "max_n_entry_orders": 10,
          "min_markup": 0.04369078782838813,
          "n_close_orders": 14,
          "secondary_allocation": 0.6258027852198352,
          "secondary_pprice_diff": 0.499318923596556,
          "wallet_exposure_limit": 0.1},
 "short": {"auto_unstuck_ema_dist": 0,
           "auto_unstuck_wallet_exposure_threshold": 0.939722904959996,
           "ema_span_0": 2090.923230406701,
           "ema_span_1": 2078.0008298456773,
           "enabled": true,
           "eprice_exp_base": 2.067354521008736,
           "eprice_pprice_diff": 0.038623172416152526,
           "grid_span": 0.6450609882839249,
           "initial_eprice_ema_dist": -0.06147281417976713,
           "initial_qty_pct": 0.07468096750747003,
           "markup_range": 0.010475006038368507,
           "max_n_entry_orders": 10,
           "min_markup": 0.02957186376272939,
           "n_close_orders": 6,
           "secondary_allocation": 0.7,
           "secondary_pprice_diff": 0.1878778445966317,
           "wallet_exposure_limit": 0.14797473730547225}}