{"config_name": "static_grid_WAVESUSDT_234days",
 "logging_level": 0,
 "long": {"auto_unstuck_ema_dist": 0.0701364494884484,
          "auto_unstuck_wallet_exposure_threshold": 0.7658018424309396,
          "ema_span_0": 2030.1083182019147,
          "ema_span_1": 6680.160190286238,
          "enabled": true,
          "eprice_exp_base": 2.1,
          "eprice_pprice_diff": 0.04099755715904772,
          "grid_span": 0.4027076271757493,
          "initial_eprice_ema_dist": -0.06549180945701125,
          "initial_qty_pct": 0.0992061148180548,
          "markup_range": 0.012539499067295764,
          "max_n_entry_orders": 10,
          "min_markup": 0.05848845096572609,
          "n_close_orders": 12,
          "secondary_allocation": 0.4684246476208843,
          "secondary_pprice_diff": 0.30683703832303516,
          "wallet_exposure_limit": 0.1},
 "short": {"auto_unstuck_ema_dist": 0.08275099632215921,
           "auto_unstuck_wallet_exposure_threshold": 0.7103818698792433,
           "ema_span_0": 4226.261224301337,
           "ema_span_1": 2432.3862578557782,
           "enabled": true,
           "eprice_exp_base": 1.7358500437036135,
           "eprice_pprice_diff": 0.03690928276379719,
           "grid_span": 0.6275126983802414,
           "initial_eprice_ema_dist": 0,
           "initial_qty_pct": 0.08028187317628833,
           "markup_range": 0.03486664333818499,
           "max_n_entry_orders": 10,
           "min_markup": 0.012638544282418961,
           "n_close_orders": 14,
           "secondary_allocation": 0.6878013839454659,
           "secondary_pprice_diff": 0.23381556962436692,
           "wallet_exposure_limit": 0.1}}