{"config_name": "static_grid_XRPUSDT_218days",
 "logging_level": 0,
 "long": {"auto_unstuck_ema_dist": 0,
          "auto_unstuck_wallet_exposure_threshold": 0.9611807689046227,
          "ema_span_0": 1631.3993445944182,
          "ema_span_1": 1634.9824412935016,
          "enabled": true,
          "eprice_exp_base": 1.4095660511461863,
          "eprice_pprice_diff": 0.008792088049815888,
          "grid_span": 0.4036291145890628,
          "initial_eprice_ema_dist": -0.1,
          "initial_qty_pct": 0.09338982267642794,
          "markup_range": 0.04511284525759761,
          "max_n_entry_orders": 10,
          "min_markup": 0.006592156754118775,
          "n_close_orders": 10,
          "secondary_allocation": 0.5049033020943491,
          "secondary_pprice_diff": 0.1283014965015784,
          "wallet_exposure_limit": 0.1},
 "short": {"auto_unstuck_ema_dist": 0,
           "auto_unstuck_wallet_exposure_threshold": 0.9373012784808707,
           "ema_span_0": 1651.9827600454942,
           "ema_span_1": 1649.4303744386125,
           "enabled": true,
           "eprice_exp_base": 1.2371970532224814,
           "eprice_pprice_diff": 0.04,
           "grid_span": 0.40019866276039967,
           "initial_eprice_ema_dist": -0.0854959237246656,
           "initial_qty_pct": 0.059901509531350774,
           "markup_range": 0.025082607330964048,
           "max_n_entry_orders": 10,
           "min_markup": 0.03499632534599068,
           "n_close_orders": 13,
           "secondary_allocation": 0.6542094075632537,
           "secondary_pprice_diff": 0.26012146427914107,
           "wallet_exposure_limit": 0.1316079007691646}}