{"config_name": "recursive_grid_XRPUSDT_218days",
 "logging_level": 0,
 "long": {"auto_unstuck_ema_dist": 0,
          "auto_unstuck_wallet_exposure_threshold": 0.9965149556316387,
          "ddown_factor": 1.0599124098503299,
          "ema_span_0": 3597.7390057898015,
          "ema_span_1": 3574.382714582396,
          "enabled": true,
          "initial_eprice_ema_dist": -0.09970044225045602,
          "initial_qty_pct": 0.1,
          "markup_range": 0.04925884278107195,
          "min_markup": 0.007796914087417536,
          "n_close_orders": 4,
          "rentry_pprice_dist": 0.020980373598099383,
          "rentry_pprice_dist_wallet_exposure_weighting": 21.228291100911925,
          "wallet_exposure_limit": 0.2},
 "short": {"auto_unstuck_ema_dist": 0,
           "auto_unstuck_wallet_exposure_threshold": 0.9905280491932926,
           "ddown_factor": 1.4849304605734122,
           "ema_span_0": 1860.6401575534205,
           "ema_span_1": 1823.8869400728167,
           "enabled": true,
           "initial_eprice_ema_dist": -0.09211829625559591,
           "initial_qty_pct": 0.1,
           "markup_range": 0.041956750690830734,
           "min_markup": 0.0070690727320002495,
           "n_close_orders": 14,
           "rentry_pprice_dist": 0.02250573592443662,
           "rentry_pprice_dist_wallet_exposure_weighting": 25.523292406298108,
           "wallet_exposure_limit": 0.2}}