{"config_name": "static_grid_XRPUSDT_218days",
 "logging_level": 0,
 "long": {"auto_unstuck_ema_dist": 0,
          "auto_unstuck_wallet_exposure_threshold": 1,
          "ema_span_0": 1801.4921365267414,
          "ema_span_1": 1834.6562504003612,
          "enabled": true,
          "eprice_exp_base": 1.6554924713501702,
          "eprice_pprice_diff": 0.03090419047215264,
          "grid_span": 0.24839266692936823,
          "initial_eprice_ema_dist": -0.09073932420357839,
          "initial_qty_pct": 0.09123242293259883,
          "markup_range": 0.018542207721212598,
          "max_n_entry_orders": 10,
          "min_markup": 0.03212229090528181,
          "n_close_orders": 13,
          "secondary_allocation": 0.4305194814005561,
          "secondary_pprice_diff": 0.24304925589109921,
          "wallet_exposure_limit": 0.1},
 "short": {"auto_unstuck_ema_dist": 0.007137838299378078,
           "auto_unstuck_wallet_exposure_threshold": 0.999987615094941,
           "ema_span_0": 2557.489458882568,
           "ema_span_1": 3099.08283611155,
           "enabled": true,
           "eprice_exp_base": 1.0197391790490324,
           "eprice_pprice_diff": 0.04103143046296047,
           "grid_span": 0.20199300605883108,
           "initial_eprice_ema_dist": -0.08739340557375043,
           "initial_qty_pct": 0.08491526888342942,
           "markup_range": 0.013288688866701431,
           "max_n_entry_orders": 10,
           "min_markup": 0.03847046298559354,
           "n_close_orders": 9,
           "secondary_allocation": 0.4552200973159493,
           "secondary_pprice_diff": 0.10583953692340826,
           "wallet_exposure_limit": 0.11130441787318171}}