{"config_name": "recursive_grid_XTZUSDT_218days",
 "logging_level": 0,
 "long": {"auto_unstuck_ema_dist": 0.09029611707146586,
          "auto_unstuck_wallet_exposure_threshold": 0.9278120456079455,
          "ddown_factor": 2.872082481768397,
          "ema_span_0": 4090.7373706972917,
          "ema_span_1": 9974.019318314491,
          "enabled": true,
          "initial_eprice_ema_dist": -0.1,
          "initial_qty_pct": 0.06415560854692443,
          "markup_range": 0.056624639211043465,
          "min_markup": 0.021732332597735323,
          "n_close_orders": 13,
          "rentry_pprice_dist": 0.03295997159060395,
          "rentry_pprice_dist_wallet_exposure_weighting": 15.057397780801788,
          "wallet_exposure_limit": 0.19859922196791835},
 "short": {"auto_unstuck_ema_dist": 0.09865642717777964,
           "auto_unstuck_wallet_exposure_threshold": 0.24233844022735282,
           "ddown_factor": 2.9043531298517165,
           "ema_span_0": 2488.801513797334,
           "ema_span_1": 7070.147838605708,
           "enabled": true,
           "initial_eprice_ema_dist": -0.06299589789264325,
           "initial_qty_pct": 0.06766365528234798,
           "markup_range": 0.0219999775541548,
           "min_markup": 0.05662944845056808,
           "n_close_orders": 14,
           "rentry_pprice_dist": 0.033955224495630085,
           "rentry_pprice_dist_wallet_exposure_weighting": 22.678076827707432,
           "wallet_exposure_limit": 0.19923332131087418}}