{"config_name": "static_grid_YFIUSDT_218days",
 "logging_level": 0,
 "long": {"auto_unstuck_ema_dist": 0,
          "auto_unstuck_wallet_exposure_threshold": 0.6812969430799961,
          "ema_span_0": 1439.8663779793985,
          "ema_span_1": 1440,
          "enabled": true,
          "eprice_exp_base": 1.181664029783567,
          "eprice_pprice_diff": 0.03675048406540374,
          "grid_span": 0.14438324411883202,
          "initial_eprice_ema_dist": -0.1,
          "initial_qty_pct": 0.09853447658609107,
          "markup_range": 0.015548482015049056,
          "max_n_entry_orders": 10,
          "min_markup": 0.04070067584114569,
          "n_close_orders": 6,
          "secondary_allocation": 0.46280344630201575,
          "secondary_pprice_diff": 0.1840299638688172,
          "wallet_exposure_limit": 0.1},
 "short": {"auto_unstuck_ema_dist": 2.7090531445337464e-05,
           "auto_unstuck_wallet_exposure_threshold": 0.8022693667546817,
           "ema_span_0": 3479.3274769243385,
           "ema_span_1": 3489.1069990249907,
           "enabled": true,
           "eprice_exp_base": 1.368117725490785,
           "eprice_pprice_diff": 0.024327372715401023,
           "grid_span": 0.6762765502949393,
           "initial_eprice_ema_dist": -0.07355081520367364,
           "initial_qty_pct": 0.09367028416701723,
           "markup_range": 0.03200351819518468,
           "max_n_entry_orders": 10,
           "min_markup": 0.04656768588046003,
           "n_close_orders": 10,
           "secondary_allocation": 0.7,
           "secondary_pprice_diff": 0.4471513928383494,
           "wallet_exposure_limit": 0.11800542370826192}}